SeqID,kr,InitialVelocity_m_s,InitialCallDuration_ms,CrMax_Hz,BuzzReadinessDistance_m,PrimeResponsivity_Hz,PrimeResponsivityNorm,DeltaTStar_ms,BuzzReadinessCallNumber,BuzzReadinessSequencePercent,TerminalTbMin_ms,TerminalIpiMin_ms,TimeToTargetAtReadiness_ms,TimeFromDstopToTarget_ms,AchievedCeiling,MaxObservedCallRate_Hz,NumCalls
1,3,1,3,285.833333333333,4.94126046511628,366.022646290284,1.28054570130711,2.73207138994051,1,0.689655172413793,2.79620353347306,3.72827137796408,4941.26046511628,150,0,268.22081834238,145
2,3,1,3,285.833333333333,4.94126046511628,366.022646290284,1.28054570130711,2.73207138994051,1,0.689655172413793,2.79620353347306,3.72827137796408,4941.26046511628,150,0,268.22081834238,145
3,3,1,3,285.833333333333,4.94126046511628,366.022646290284,1.28054570130711,2.73207138994051,1,0.689655172413793,2.79620353347306,3.72827137796408,4941.26046511628,150,0,268.22081834238,145
4,3,1,3,285.833333333333,4.94126046511628,366.022646290284,1.28054570130711,2.73207138994051,1,0.689655172413793,2.79620353347306,3.72827137796408,4941.26046511628,150,0,268.22081834238,145
5,3,1,3,285.833333333333,4.94126046511628,366.022646290284,1.28054570130711,2.73207138994051,1,0.689655172413793,2.79620353347306,3.72827137796408,4941.26046511628,150,0,268.22081834238,145
6,3,1,3,285.833333333333,4.94126046511628,366.022646290284,1.28054570130711,2.73207138994051,1,0.689655172413793,2.79620353347306,3.72827137796408,4941.26046511628,150,0,268.22081834238,145
7,3,1,3,285.833333333333,4.94126046511628,366.022646290284,1.28054570130711,2.73207138994051,1,0.689655172413793,2.79620353347306,3.72827137796408,4941.26046511628,150,0,268.22081834238,145
8,3,1,3,285.833333333333,4.94126046511628,366.022646290284,1.28054570130711,2.73207138994051,1,0.689655172413793,2.79620353347306,3.72827137796408,4941.26046511628,150,0,268.22081834238,145
9,3,1,3,285.833333333333,4.94126046511628,366.022646290284,1.28054570130711,2.73207138994051,1,0.689655172413793,2.79620353347306,3.72827137796408,4941.26046511628,150,0,268.22081834238,145
10,3,1,3,285.833333333333,4.94126046511628,366.022646290284,1.28054570130711,2.73207138994051,1,0.689655172413793,2.79620353347306,3.72827137796408,4941.26046511628,150,0,268.22081834238,145
11,3,1,3,285.833333333333,4.94126046511628,366.022646290284,1.28054570130711,2.73207138994051,1,0.689655172413793,2.79620353347306,3.72827137796408,4941.26046511628,150,0,268.22081834238,145
12,3,1,3,285.833333333333,4.94126046511628,366.022646290284,1.28054570130711,2.73207138994051,1,0.689655172413793,2.79620353347306,3.72827137796408,4941.26046511628,150,0,268.22081834238,145
13,3,1,3,285.833333333333,4.94126046511628,366.022646290284,1.28054570130711,2.73207138994051,1,0.689655172413793,2.79620353347306,3.72827137796408,4941.26046511628,150,0,268.22081834238,145
14,3,1,3,285.833333333333,4.94126046511628,366.022646290284,1.28054570130711,2.73207138994051,1,0.689655172413793,2.79620353347306,3.72827137796408,4941.26046511628,150,0,268.22081834238,145
15,3,1,3,285.833333333333,4.94126046511628,366.022646290284,1.28054570130711,2.73207138994051,1,0.689655172413793,2.79620353347306,3.72827137796408,4941.26046511628,150,0,268.22081834238,145
16,3,1,3,285.833333333333,4.94126046511628,366.022646290284,1.28054570130711,2.73207138994051,1,0.689655172413793,2.79620353347306,3.72827137796408,4941.26046511628,150,0,268.22081834238,145
17,3,1,3,285.833333333333,4.94126046511628,366.022646290284,1.28054570130711,2.73207138994051,1,0.689655172413793,2.79620353347306,3.72827137796408,4941.26046511628,150,0,268.22081834238,145
18,3,1,3,285.833333333333,4.94126046511628,366.022646290284,1.28054570130711,2.73207138994051,1,0.689655172413793,2.79620353347306,3.72827137796408,4941.26046511628,150,0,268.22081834238,145
19,3,1,3,285.833333333333,4.94126046511628,366.022646290284,1.28054570130711,2.73207138994051,1,0.689655172413793,2.79620353347306,3.72827137796408,4941.26046511628,150,0,268.22081834238,145
20,3,1,3,285.833333333333,4.94126046511628,366.022646290284,1.28054570130711,2.73207138994051,1,0.689655172413793,2.79620353347306,3.72827137796408,4941.26046511628,150,0,268.22081834238,145
21,3,1,5,285.833333333333,4.94086046511628,363.546991742038,1.27188451921413,2.75067604110329,1,0.694444444444444,2.83183186467436,3.77577581956581,4940.86046511628,150,0,264.846232347288,144
22,3,1,5,285.833333333333,4.94086046511628,363.546991742038,1.27188451921413,2.75067604110329,1,0.694444444444444,2.83183186467436,3.77577581956581,4940.86046511628,150,0,264.846232347288,144
23,3,1,5,285.833333333333,4.94086046511628,363.546991742038,1.27188451921413,2.75067604110329,1,0.694444444444444,2.83183186467436,3.77577581956581,4940.86046511628,150,0,264.846232347288,144
24,3,1,5,285.833333333333,4.94086046511628,363.546991742038,1.27188451921413,2.75067604110329,1,0.694444444444444,2.83183186467436,3.77577581956581,4940.86046511628,150,0,264.846232347288,144
25,3,1,5,285.833333333333,4.94086046511628,363.546991742038,1.27188451921413,2.75067604110329,1,0.694444444444444,2.83183186467436,3.77577581956581,4940.86046511628,150,0,264.846232347288,144
26,3,1,5,285.833333333333,4.94086046511628,363.546991742038,1.27188451921413,2.75067604110329,1,0.694444444444444,2.83183186467436,3.77577581956581,4940.86046511628,150,0,264.846232347288,144
27,3,1,5,285.833333333333,4.94086046511628,363.546991742038,1.27188451921413,2.75067604110329,1,0.694444444444444,2.83183186467436,3.77577581956581,4940.86046511628,150,0,264.846232347288,144
28,3,1,5,285.833333333333,4.94086046511628,363.546991742038,1.27188451921413,2.75067604110329,1,0.694444444444444,2.83183186467436,3.77577581956581,4940.86046511628,150,0,264.846232347288,144
29,3,1,5,285.833333333333,4.94086046511628,363.546991742038,1.27188451921413,2.75067604110329,1,0.694444444444444,2.83183186467436,3.77577581956581,4940.86046511628,150,0,264.846232347288,144
30,3,1,5,285.833333333333,4.94086046511628,363.546991742038,1.27188451921413,2.75067604110329,1,0.694444444444444,2.83183186467436,3.77577581956581,4940.86046511628,150,0,264.846232347288,144
31,3,1,5,285.833333333333,4.94086046511628,363.546991742038,1.27188451921413,2.75067604110329,1,0.694444444444444,2.83183186467436,3.77577581956581,4940.86046511628,150,0,264.846232347288,144
32,3,1,5,285.833333333333,4.94086046511628,363.546991742038,1.27188451921413,2.75067604110329,1,0.694444444444444,2.83183186467436,3.77577581956581,4940.86046511628,150,0,264.846232347288,144
33,3,1,5,285.833333333333,4.94086046511628,363.546991742038,1.27188451921413,2.75067604110329,1,0.694444444444444,2.83183186467436,3.77577581956581,4940.86046511628,150,0,264.846232347288,144
34,3,1,5,285.833333333333,4.94086046511628,363.546991742038,1.27188451921413,2.75067604110329,1,0.694444444444444,2.83183186467436,3.77577581956581,4940.86046511628,150,0,264.846232347288,144
35,3,1,5,285.833333333333,4.94086046511628,363.546991742038,1.27188451921413,2.75067604110329,1,0.694444444444444,2.83183186467436,3.77577581956581,4940.86046511628,150,0,264.846232347288,144
36,3,1,5,285.833333333333,4.94086046511628,363.546991742038,1.27188451921413,2.75067604110329,1,0.694444444444444,2.83183186467436,3.77577581956581,4940.86046511628,150,0,264.846232347288,144
37,3,1,5,285.833333333333,4.94086046511628,363.546991742038,1.27188451921413,2.75067604110329,1,0.694444444444444,2.83183186467436,3.77577581956581,4940.86046511628,150,0,264.846232347288,144
38,3,1,5,285.833333333333,4.94086046511628,363.546991742038,1.27188451921413,2.75067604110329,1,0.694444444444444,2.83183186467436,3.77577581956581,4940.86046511628,150,0,264.846232347288,144
39,3,1,5,285.833333333333,4.94086046511628,363.546991742038,1.27188451921413,2.75067604110329,1,0.694444444444444,2.83183186467436,3.77577581956581,4940.86046511628,150,0,264.846232347288,144
40,3,1,5,285.833333333333,4.94086046511628,363.546991742038,1.27188451921413,2.75067604110329,1,0.694444444444444,2.83183186467436,3.77577581956581,4940.86046511628,150,0,264.846232347288,144
41,3,1,7,285.833333333333,4.94046046511628,361.104601203031,1.26333971266366,2.76928069226609,1,0.694444444444444,2.81802718591922,3.75736958122563,4940.46046511628,150,0,266.143635429605,144
42,3,1,7,285.833333333333,4.94046046511628,361.104601203031,1.26333971266366,2.76928069226609,1,0.694444444444444,2.81802718591922,3.75736958122563,4940.46046511628,150,0,266.143635429605,144
43,3,1,7,285.833333333333,4.94046046511628,361.104601203031,1.26333971266366,2.76928069226609,1,0.694444444444444,2.81802718591922,3.75736958122563,4940.46046511628,150,0,266.143635429605,144
44,3,1,7,285.833333333333,4.94046046511628,361.104601203031,1.26333971266366,2.76928069226609,1,0.694444444444444,2.81802718591922,3.75736958122563,4940.46046511628,150,0,266.143635429605,144
45,3,1,7,285.833333333333,4.94046046511628,361.104601203031,1.26333971266366,2.76928069226609,1,0.694444444444444,2.81802718591922,3.75736958122563,4940.46046511628,150,0,266.143635429605,144
46,3,1,7,285.833333333333,4.94046046511628,361.104601203031,1.26333971266366,2.76928069226609,1,0.694444444444444,2.81802718591922,3.75736958122563,4940.46046511628,150,0,266.143635429605,144
47,3,1,7,285.833333333333,4.94046046511628,361.104601203031,1.26333971266366,2.76928069226609,1,0.694444444444444,2.81802718591922,3.75736958122563,4940.46046511628,150,0,266.143635429605,144
48,3,1,7,285.833333333333,4.94046046511628,361.104601203031,1.26333971266366,2.76928069226609,1,0.694444444444444,2.81802718591922,3.75736958122563,4940.46046511628,150,0,266.143635429605,144
49,3,1,7,285.833333333333,4.94046046511628,361.104601203031,1.26333971266366,2.76928069226609,1,0.694444444444444,2.81802718591922,3.75736958122563,4940.46046511628,150,0,266.143635429605,144
50,3,1,7,285.833333333333,4.94046046511628,361.104601203031,1.26333971266366,2.76928069226609,1,0.694444444444444,2.81802718591922,3.75736958122563,4940.46046511628,150,0,266.143635429605,144
51,3,1,7,285.833333333333,4.94046046511628,361.104601203031,1.26333971266366,2.76928069226609,1,0.694444444444444,2.81802718591922,3.75736958122563,4940.46046511628,150,0,266.143635429605,144
52,3,1,7,285.833333333333,4.94046046511628,361.104601203031,1.26333971266366,2.76928069226609,1,0.694444444444444,2.81802718591922,3.75736958122563,4940.46046511628,150,0,266.143635429605,144
53,3,1,7,285.833333333333,4.94046046511628,361.104601203031,1.26333971266366,2.76928069226609,1,0.694444444444444,2.81802718591922,3.75736958122563,4940.46046511628,150,0,266.143635429605,144
54,3,1,7,285.833333333333,4.94046046511628,361.104601203031,1.26333971266366,2.76928069226609,1,0.694444444444444,2.81802718591922,3.75736958122563,4940.46046511628,150,0,266.143635429605,144
55,3,1,7,285.833333333333,4.94046046511628,361.104601203031,1.26333971266366,2.76928069226609,1,0.694444444444444,2.81802718591922,3.75736958122563,4940.46046511628,150,0,266.143635429605,144
56,3,1,7,285.833333333333,4.94046046511628,361.104601203031,1.26333971266366,2.76928069226609,1,0.694444444444444,2.81802718591922,3.75736958122563,4940.46046511628,150,0,266.143635429605,144
57,3,1,7,285.833333333333,4.94046046511628,361.104601203031,1.26333971266366,2.76928069226609,1,0.694444444444444,2.81802718591922,3.75736958122563,4940.46046511628,150,0,266.143635429605,144
58,3,1,7,285.833333333333,4.94046046511628,361.104601203031,1.26333971266366,2.76928069226609,1,0.694444444444444,2.81802718591922,3.75736958122563,4940.46046511628,150,0,266.143635429605,144
59,3,1,7,285.833333333333,4.94046046511628,361.104601203031,1.26333971266366,2.76928069226609,1,0.694444444444444,2.81802718591922,3.75736958122563,4940.46046511628,150,0,266.143635429605,144
60,3,1,7,285.833333333333,4.94046046511628,361.104601203031,1.26333971266366,2.76928069226609,1,0.694444444444444,2.81802718591922,3.75736958122563,4940.46046511628,150,0,266.143635429605,144
61,3,1,10,285.833333333333,4.82097998918334,355.104297678937,1.24234739712748,2.81607405637241,2,1.38888888888889,2.81155373162378,3.7487383088317,4820.97998918334,150,0,266.756417124153,144
62,3,1,10,285.833333333333,4.82097998918334,355.104297678937,1.24234739712748,2.81607405637241,2,1.38888888888889,2.81155373162378,3.7487383088317,4820.97998918334,150,0,266.756417124153,144
63,3,1,10,285.833333333333,4.82097998918334,355.104297678937,1.24234739712748,2.81607405637241,2,1.38888888888889,2.81155373162378,3.7487383088317,4820.97998918334,150,0,266.756417124153,144
64,3,1,10,285.833333333333,4.82097998918334,355.104297678937,1.24234739712748,2.81607405637241,2,1.38888888888889,2.81155373162378,3.7487383088317,4820.97998918334,150,0,266.756417124153,144
65,3,1,10,285.833333333333,4.82097998918334,355.104297678937,1.24234739712748,2.81607405637241,2,1.38888888888889,2.81155373162378,3.7487383088317,4820.97998918334,150,0,266.756417124153,144
66,3,1,10,285.833333333333,4.82097998918334,355.104297678937,1.24234739712748,2.81607405637241,2,1.38888888888889,2.81155373162378,3.7487383088317,4820.97998918334,150,0,266.756417124153,144
67,3,1,10,285.833333333333,4.82097998918334,355.104297678937,1.24234739712748,2.81607405637241,2,1.38888888888889,2.81155373162378,3.7487383088317,4820.97998918334,150,0,266.756417124153,144
68,3,1,10,285.833333333333,4.82097998918334,355.104297678937,1.24234739712748,2.81607405637241,2,1.38888888888889,2.81155373162378,3.7487383088317,4820.97998918334,150,0,266.756417124153,144
69,3,1,10,285.833333333333,4.82097998918334,355.104297678937,1.24234739712748,2.81607405637241,2,1.38888888888889,2.81155373162378,3.7487383088317,4820.97998918334,150,0,266.756417124153,144
70,3,1,10,285.833333333333,4.82097998918334,355.104297678937,1.24234739712748,2.81607405637241,2,1.38888888888889,2.81155373162378,3.7487383088317,4820.97998918334,150,0,266.756417124153,144
71,3,1,10,285.833333333333,4.82097998918334,355.104297678937,1.24234739712748,2.81607405637241,2,1.38888888888889,2.81155373162378,3.7487383088317,4820.97998918334,150,0,266.756417124153,144
72,3,1,10,285.833333333333,4.82097998918334,355.104297678937,1.24234739712748,2.81607405637241,2,1.38888888888889,2.81155373162378,3.7487383088317,4820.97998918334,150,0,266.756417124153,144
73,3,1,10,285.833333333333,4.82097998918334,355.104297678937,1.24234739712748,2.81607405637241,2,1.38888888888889,2.81155373162378,3.7487383088317,4820.97998918334,150,0,266.756417124153,144
74,3,1,10,285.833333333333,4.82097998918334,355.104297678937,1.24234739712748,2.81607405637241,2,1.38888888888889,2.81155373162378,3.7487383088317,4820.97998918334,150,0,266.756417124153,144
75,3,1,10,285.833333333333,4.82097998918334,355.104297678937,1.24234739712748,2.81607405637241,2,1.38888888888889,2.81155373162378,3.7487383088317,4820.97998918334,150,0,266.756417124153,144
76,3,1,10,285.833333333333,4.82097998918334,355.104297678937,1.24234739712748,2.81607405637241,2,1.38888888888889,2.81155373162378,3.7487383088317,4820.97998918334,150,0,266.756417124153,144
77,3,1,10,285.833333333333,4.82097998918334,355.104297678937,1.24234739712748,2.81607405637241,2,1.38888888888889,2.81155373162378,3.7487383088317,4820.97998918334,150,0,266.756417124153,144
78,3,1,10,285.833333333333,4.82097998918334,355.104297678937,1.24234739712748,2.81607405637241,2,1.38888888888889,2.81155373162378,3.7487383088317,4820.97998918334,150,0,266.756417124153,144
79,3,1,10,285.833333333333,4.82097998918334,355.104297678937,1.24234739712748,2.81607405637241,2,1.38888888888889,2.81155373162378,3.7487383088317,4820.97998918334,150,0,266.756417124153,144
80,3,1,10,285.833333333333,4.82097998918334,355.104297678937,1.24234739712748,2.81607405637241,2,1.38888888888889,2.81155373162378,3.7487383088317,4820.97998918334,150,0,266.756417124153,144
81,3,2,3,285.833333333333,3.16667862195432,282.22478084614,0.987375326575417,3.54327496331787,10,13.8888888888889,2.82892296671856,3.77189728895808,1583.33931097716,75,0,265.118565907778,72
82,3,2,3,285.833333333333,3.16667862195432,282.22478084614,0.987375326575417,3.54327496331787,10,13.8888888888889,2.82892296671856,3.77189728895808,1583.33931097716,75,0,265.118565907778,72
83,3,2,3,285.833333333333,3.16667862195432,282.22478084614,0.987375326575417,3.54327496331787,10,13.8888888888889,2.82892296671856,3.77189728895808,1583.33931097716,75,0,265.118565907778,72
84,3,2,3,285.833333333333,3.16667862195432,282.22478084614,0.987375326575417,3.54327496331787,10,13.8888888888889,2.82892296671856,3.77189728895808,1583.33931097716,75,0,265.118565907778,72
85,3,2,3,285.833333333333,3.16667862195432,282.22478084614,0.987375326575417,3.54327496331787,10,13.8888888888889,2.82892296671856,3.77189728895808,1583.33931097716,75,0,265.118565907778,72
86,3,2,3,285.833333333333,3.16667862195432,282.22478084614,0.987375326575417,3.54327496331787,10,13.8888888888889,2.82892296671856,3.77189728895808,1583.33931097716,75,0,265.118565907778,72
87,3,2,3,285.833333333333,3.16667862195432,282.22478084614,0.987375326575417,3.54327496331787,10,13.8888888888889,2.82892296671856,3.77189728895808,1583.33931097716,75,0,265.118565907778,72
88,3,2,3,285.833333333333,3.16667862195432,282.22478084614,0.987375326575417,3.54327496331787,10,13.8888888888889,2.82892296671856,3.77189728895808,1583.33931097716,75,0,265.118565907778,72
89,3,2,3,285.833333333333,3.16667862195432,282.22478084614,0.987375326575417,3.54327496331787,10,13.8888888888889,2.82892296671856,3.77189728895808,1583.33931097716,75,0,265.118565907778,72
90,3,2,3,285.833333333333,3.16667862195432,282.22478084614,0.987375326575417,3.54327496331787,10,13.8888888888889,2.82892296671856,3.77189728895808,1583.33931097716,75,0,265.118565907778,72
91,3,2,3,285.833333333333,3.16667862195432,282.22478084614,0.987375326575417,3.54327496331787,10,13.8888888888889,2.82892296671856,3.77189728895808,1583.33931097716,75,0,265.118565907778,72
92,3,2,3,285.833333333333,3.16667862195432,282.22478084614,0.987375326575417,3.54327496331787,10,13.8888888888889,2.82892296671856,3.77189728895808,1583.33931097716,75,0,265.118565907778,72
93,3,2,3,285.833333333333,3.16667862195432,282.22478084614,0.987375326575417,3.54327496331787,10,13.8888888888889,2.82892296671856,3.77189728895808,1583.33931097716,75,0,265.118565907778,72
94,3,2,3,285.833333333333,3.16667862195432,282.22478084614,0.987375326575417,3.54327496331787,10,13.8888888888889,2.82892296671856,3.77189728895808,1583.33931097716,75,0,265.118565907778,72
95,3,2,3,285.833333333333,3.16667862195432,282.22478084614,0.987375326575417,3.54327496331787,10,13.8888888888889,2.82892296671856,3.77189728895808,1583.33931097716,75,0,265.118565907778,72
96,3,2,3,285.833333333333,3.16667862195432,282.22478084614,0.987375326575417,3.54327496331787,10,13.8888888888889,2.82892296671856,3.77189728895808,1583.33931097716,75,0,265.118565907778,72
97,3,2,3,285.833333333333,3.16667862195432,282.22478084614,0.987375326575417,3.54327496331787,10,13.8888888888889,2.82892296671856,3.77189728895808,1583.33931097716,75,0,265.118565907778,72
98,3,2,3,285.833333333333,3.16667862195432,282.22478084614,0.987375326575417,3.54327496331787,10,13.8888888888889,2.82892296671856,3.77189728895808,1583.33931097716,75,0,265.118565907778,72
99,3,2,3,285.833333333333,3.16667862195432,282.22478084614,0.987375326575417,3.54327496331787,10,13.8888888888889,2.82892296671856,3.77189728895808,1583.33931097716,75,0,265.118565907778,72
100,3,2,3,285.833333333333,3.16667862195432,282.22478084614,0.987375326575417,3.54327496331787,10,13.8888888888889,2.82892296671856,3.77189728895808,1583.33931097716,75,0,265.118565907778,72
101,3,2,5,285.833333333333,3.15415828988274,280.310452030374,0.980677966287021,3.5674731097492,10,13.8888888888889,2.79656749306355,3.72875665741807,1577.07914494137,75,0,268.185910713851,72
102,3,2,5,285.833333333333,3.15415828988274,280.310452030374,0.980677966287021,3.5674731097492,10,13.8888888888889,2.79656749306355,3.72875665741807,1577.07914494137,75,0,268.185910713851,72
103,3,2,5,285.833333333333,3.15415828988274,280.310452030374,0.980677966287021,3.5674731097492,10,13.8888888888889,2.79656749306355,3.72875665741807,1577.07914494137,75,0,268.185910713851,72
104,3,2,5,285.833333333333,3.15415828988274,280.310452030374,0.980677966287021,3.5674731097492,10,13.8888888888889,2.79656749306355,3.72875665741807,1577.07914494137,75,0,268.185910713851,72
105,3,2,5,285.833333333333,3.15415828988274,280.310452030374,0.980677966287021,3.5674731097492,10,13.8888888888889,2.79656749306355,3.72875665741807,1577.07914494137,75,0,268.185910713851,72
106,3,2,5,285.833333333333,3.15415828988274,280.310452030374,0.980677966287021,3.5674731097492,10,13.8888888888889,2.79656749306355,3.72875665741807,1577.07914494137,75,0,268.185910713851,72
107,3,2,5,285.833333333333,3.15415828988274,280.310452030374,0.980677966287021,3.5674731097492,10,13.8888888888889,2.79656749306355,3.72875665741807,1577.07914494137,75,0,268.185910713851,72
108,3,2,5,285.833333333333,3.15415828988274,280.310452030374,0.980677966287021,3.5674731097492,10,13.8888888888889,2.79656749306355,3.72875665741807,1577.07914494137,75,0,268.185910713851,72
109,3,2,5,285.833333333333,3.15415828988274,280.310452030374,0.980677966287021,3.5674731097492,10,13.8888888888889,2.79656749306355,3.72875665741807,1577.07914494137,75,0,268.185910713851,72
110,3,2,5,285.833333333333,3.15415828988274,280.310452030374,0.980677966287021,3.5674731097492,10,13.8888888888889,2.79656749306355,3.72875665741807,1577.07914494137,75,0,268.185910713851,72
111,3,2,5,285.833333333333,3.15415828988274,280.310452030374,0.980677966287021,3.5674731097492,10,13.8888888888889,2.79656749306355,3.72875665741807,1577.07914494137,75,0,268.185910713851,72
112,3,2,5,285.833333333333,3.15415828988274,280.310452030374,0.980677966287021,3.5674731097492,10,13.8888888888889,2.79656749306355,3.72875665741807,1577.07914494137,75,0,268.185910713851,72
113,3,2,5,285.833333333333,3.15415828988274,280.310452030374,0.980677966287021,3.5674731097492,10,13.8888888888889,2.79656749306355,3.72875665741807,1577.07914494137,75,0,268.185910713851,72
114,3,2,5,285.833333333333,3.15415828988274,280.310452030374,0.980677966287021,3.5674731097492,10,13.8888888888889,2.79656749306355,3.72875665741807,1577.07914494137,75,0,268.185910713851,72
115,3,2,5,285.833333333333,3.15415828988274,280.310452030374,0.980677966287021,3.5674731097492,10,13.8888888888889,2.79656749306355,3.72875665741807,1577.07914494137,75,0,268.185910713851,72
116,3,2,5,285.833333333333,3.15415828988274,280.310452030374,0.980677966287021,3.5674731097492,10,13.8888888888889,2.79656749306355,3.72875665741807,1577.07914494137,75,0,268.185910713851,72
117,3,2,5,285.833333333333,3.15415828988274,280.310452030374,0.980677966287021,3.5674731097492,10,13.8888888888889,2.79656749306355,3.72875665741807,1577.07914494137,75,0,268.185910713851,72
118,3,2,5,285.833333333333,3.15415828988274,280.310452030374,0.980677966287021,3.5674731097492,10,13.8888888888889,2.79656749306355,3.72875665741807,1577.07914494137,75,0,268.185910713851,72
119,3,2,5,285.833333333333,3.15415828988274,280.310452030374,0.980677966287021,3.5674731097492,10,13.8888888888889,2.79656749306355,3.72875665741807,1577.07914494137,75,0,268.185910713851,72
120,3,2,5,285.833333333333,3.15415828988274,280.310452030374,0.980677966287021,3.5674731097492,10,13.8888888888889,2.79656749306355,3.72875665741807,1577.07914494137,75,0,268.185910713851,72
121,3,2,7,285.833333333333,2.99074196323749,282.574374967253,0.988598396386892,3.53889130999896,11,15.2777777777778,2.78176345957342,3.70901794609789,1495.37098161875,75,0,269.613146804011,72
122,3,2,7,285.833333333333,2.99074196323749,282.574374967253,0.988598396386892,3.53889130999896,11,15.2777777777778,2.78176345957342,3.70901794609789,1495.37098161875,75,0,269.613146804011,72
123,3,2,7,285.833333333333,2.99074196323749,282.574374967253,0.988598396386892,3.53889130999896,11,15.2777777777778,2.78176345957342,3.70901794609789,1495.37098161875,75,0,269.613146804011,72
124,3,2,7,285.833333333333,2.99074196323749,282.574374967253,0.988598396386892,3.53889130999896,11,15.2777777777778,2.78176345957342,3.70901794609789,1495.37098161875,75,0,269.613146804011,72
125,3,2,7,285.833333333333,2.99074196323749,282.574374967253,0.988598396386892,3.53889130999896,11,15.2777777777778,2.78176345957342,3.70901794609789,1495.37098161875,75,0,269.613146804011,72
126,3,2,7,285.833333333333,2.99074196323749,282.574374967253,0.988598396386892,3.53889130999896,11,15.2777777777778,2.78176345957342,3.70901794609789,1495.37098161875,75,0,269.613146804011,72
127,3,2,7,285.833333333333,2.99074196323749,282.574374967253,0.988598396386892,3.53889130999896,11,15.2777777777778,2.78176345957342,3.70901794609789,1495.37098161875,75,0,269.613146804011,72
128,3,2,7,285.833333333333,2.99074196323749,282.574374967253,0.988598396386892,3.53889130999896,11,15.2777777777778,2.78176345957342,3.70901794609789,1495.37098161875,75,0,269.613146804011,72
129,3,2,7,285.833333333333,2.99074196323749,282.574374967253,0.988598396386892,3.53889130999896,11,15.2777777777778,2.78176345957342,3.70901794609789,1495.37098161875,75,0,269.613146804011,72
130,3,2,7,285.833333333333,2.99074196323749,282.574374967253,0.988598396386892,3.53889130999896,11,15.2777777777778,2.78176345957342,3.70901794609789,1495.37098161875,75,0,269.613146804011,72
131,3,2,7,285.833333333333,2.99074196323749,282.574374967253,0.988598396386892,3.53889130999896,11,15.2777777777778,2.78176345957342,3.70901794609789,1495.37098161875,75,0,269.613146804011,72
132,3,2,7,285.833333333333,2.99074196323749,282.574374967253,0.988598396386892,3.53889130999896,11,15.2777777777778,2.78176345957342,3.70901794609789,1495.37098161875,75,0,269.613146804011,72
133,3,2,7,285.833333333333,2.99074196323749,282.574374967253,0.988598396386892,3.53889130999896,11,15.2777777777778,2.78176345957342,3.70901794609789,1495.37098161875,75,0,269.613146804011,72
134,3,2,7,285.833333333333,2.99074196323749,282.574374967253,0.988598396386892,3.53889130999896,11,15.2777777777778,2.78176345957342,3.70901794609789,1495.37098161875,75,0,269.613146804011,72
135,3,2,7,285.833333333333,2.99074196323749,282.574374967253,0.988598396386892,3.53889130999896,11,15.2777777777778,2.78176345957342,3.70901794609789,1495.37098161875,75,0,269.613146804011,72
136,3,2,7,285.833333333333,2.99074196323749,282.574374967253,0.988598396386892,3.53889130999896,11,15.2777777777778,2.78176345957342,3.70901794609789,1495.37098161875,75,0,269.613146804011,72
137,3,2,7,285.833333333333,2.99074196323749,282.574374967253,0.988598396386892,3.53889130999896,11,15.2777777777778,2.78176345957342,3.70901794609789,1495.37098161875,75,0,269.613146804011,72
138,3,2,7,285.833333333333,2.99074196323749,282.574374967253,0.988598396386892,3.53889130999896,11,15.2777777777778,2.78176345957342,3.70901794609789,1495.37098161875,75,0,269.613146804011,72
139,3,2,7,285.833333333333,2.99074196323749,282.574374967253,0.988598396386892,3.53889130999896,11,15.2777777777778,2.78176345957342,3.70901794609789,1495.37098161875,75,0,269.613146804011,72
140,3,2,7,285.833333333333,2.99074196323749,282.574374967253,0.988598396386892,3.53889130999896,11,15.2777777777778,2.78176345957342,3.70901794609789,1495.37098161875,75,0,269.613146804011,72
141,3,2,10,285.833333333333,2.98224292285036,283.375166288256,0.991399998676115,3.52889073908041,11,15.2777777777778,2.77413625300498,3.69884833733998,1491.12146142518,75,0,270.354420835527,72
142,3,2,10,285.833333333333,2.98224292285036,283.375166288256,0.991399998676115,3.52889073908041,11,15.2777777777778,2.77413625300498,3.69884833733998,1491.12146142518,75,0,270.354420835527,72
143,3,2,10,285.833333333333,2.98224292285036,283.375166288256,0.991399998676115,3.52889073908041,11,15.2777777777778,2.77413625300498,3.69884833733998,1491.12146142518,75,0,270.354420835527,72
144,3,2,10,285.833333333333,2.98224292285036,283.375166288256,0.991399998676115,3.52889073908041,11,15.2777777777778,2.77413625300498,3.69884833733998,1491.12146142518,75,0,270.354420835527,72
145,3,2,10,285.833333333333,2.98224292285036,283.375166288256,0.991399998676115,3.52889073908041,11,15.2777777777778,2.77413625300498,3.69884833733998,1491.12146142518,75,0,270.354420835527,72
146,3,2,10,285.833333333333,2.98224292285036,283.375166288256,0.991399998676115,3.52889073908041,11,15.2777777777778,2.77413625300498,3.69884833733998,1491.12146142518,75,0,270.354420835527,72
147,3,2,10,285.833333333333,2.98224292285036,283.375166288256,0.991399998676115,3.52889073908041,11,15.2777777777778,2.77413625300498,3.69884833733998,1491.12146142518,75,0,270.354420835527,72
148,3,2,10,285.833333333333,2.98224292285036,283.375166288256,0.991399998676115,3.52889073908041,11,15.2777777777778,2.77413625300498,3.69884833733998,1491.12146142518,75,0,270.354420835527,72
149,3,2,10,285.833333333333,2.98224292285036,283.375166288256,0.991399998676115,3.52889073908041,11,15.2777777777778,2.77413625300498,3.69884833733998,1491.12146142518,75,0,270.354420835527,72
150,3,2,10,285.833333333333,2.98224292285036,283.375166288256,0.991399998676115,3.52889073908041,11,15.2777777777778,2.77413625300498,3.69884833733998,1491.12146142518,75,0,270.354420835527,72
151,3,2,10,285.833333333333,2.98224292285036,283.375166288256,0.991399998676115,3.52889073908041,11,15.2777777777778,2.77413625300498,3.69884833733998,1491.12146142518,75,0,270.354420835527,72
152,3,2,10,285.833333333333,2.98224292285036,283.375166288256,0.991399998676115,3.52889073908041,11,15.2777777777778,2.77413625300498,3.69884833733998,1491.12146142518,75,0,270.354420835527,72
153,3,2,10,285.833333333333,2.98224292285036,283.375166288256,0.991399998676115,3.52889073908041,11,15.2777777777778,2.77413625300498,3.69884833733998,1491.12146142518,75,0,270.354420835527,72
154,3,2,10,285.833333333333,2.98224292285036,283.375166288256,0.991399998676115,3.52889073908041,11,15.2777777777778,2.77413625300498,3.69884833733998,1491.12146142518,75,0,270.354420835527,72
155,3,2,10,285.833333333333,2.98224292285036,283.375166288256,0.991399998676115,3.52889073908041,11,15.2777777777778,2.77413625300498,3.69884833733998,1491.12146142518,75,0,270.354420835527,72
156,3,2,10,285.833333333333,2.98224292285036,283.375166288256,0.991399998676115,3.52889073908041,11,15.2777777777778,2.77413625300498,3.69884833733998,1491.12146142518,75,0,270.354420835527,72
157,3,2,10,285.833333333333,2.98224292285036,283.375166288256,0.991399998676115,3.52889073908041,11,15.2777777777778,2.77413625300498,3.69884833733998,1491.12146142518,75,0,270.354420835527,72
158,3,2,10,285.833333333333,2.98224292285036,283.375166288256,0.991399998676115,3.52889073908041,11,15.2777777777778,2.77413625300498,3.69884833733998,1491.12146142518,75,0,270.354420835527,72
159,3,2,10,285.833333333333,2.98224292285036,283.375166288256,0.991399998676115,3.52889073908041,11,15.2777777777778,2.77413625300498,3.69884833733998,1491.12146142518,75,0,270.354420835527,72
160,3,2,10,285.833333333333,2.98224292285036,283.375166288256,0.991399998676115,3.52889073908041,11,15.2777777777778,2.77413625300498,3.69884833733998,1491.12146142518,75,0,270.354420835527,72
161,3,3,3,285.833333333333,2.00627542419055,292.441463569631,1.02311882298413,3.41948774224315,13,27.0833333333333,2.79384169079092,3.72512225438789,668.758474730185,50,0,268.447565397909,48
162,3,3,3,285.833333333333,2.00627542419055,292.441463569631,1.02311882298413,3.41948774224315,13,27.0833333333333,2.79384169079092,3.72512225438789,668.758474730185,50,0,268.447565397909,48
163,3,3,3,285.833333333333,2.00627542419055,292.441463569631,1.02311882298413,3.41948774224315,13,27.0833333333333,2.79384169079092,3.72512225438789,668.758474730185,50,0,268.447565397909,48
164,3,3,3,285.833333333333,2.00627542419055,292.441463569631,1.02311882298413,3.41948774224315,13,27.0833333333333,2.79384169079092,3.72512225438789,668.758474730185,50,0,268.447565397909,48
165,3,3,3,285.833333333333,2.00627542419055,292.441463569631,1.02311882298413,3.41948774224315,13,27.0833333333333,2.79384169079092,3.72512225438789,668.758474730185,50,0,268.447565397909,48
166,3,3,3,285.833333333333,2.00627542419055,292.441463569631,1.02311882298413,3.41948774224315,13,27.0833333333333,2.79384169079092,3.72512225438789,668.758474730185,50,0,268.447565397909,48
167,3,3,3,285.833333333333,2.00627542419055,292.441463569631,1.02311882298413,3.41948774224315,13,27.0833333333333,2.79384169079092,3.72512225438789,668.758474730185,50,0,268.447565397909,48
168,3,3,3,285.833333333333,2.00627542419055,292.441463569631,1.02311882298413,3.41948774224315,13,27.0833333333333,2.79384169079092,3.72512225438789,668.758474730185,50,0,268.447565397909,48
169,3,3,3,285.833333333333,2.00627542419055,292.441463569631,1.02311882298413,3.41948774224315,13,27.0833333333333,2.79384169079092,3.72512225438789,668.758474730185,50,0,268.447565397909,48
170,3,3,3,285.833333333333,2.00627542419055,292.441463569631,1.02311882298413,3.41948774224315,13,27.0833333333333,2.79384169079092,3.72512225438789,668.758474730185,50,0,268.447565397909,48
171,3,3,3,285.833333333333,2.00627542419055,292.441463569631,1.02311882298413,3.41948774224315,13,27.0833333333333,2.79384169079092,3.72512225438789,668.758474730185,50,0,268.447565397909,48
172,3,3,3,285.833333333333,2.00627542419055,292.441463569631,1.02311882298413,3.41948774224315,13,27.0833333333333,2.79384169079092,3.72512225438789,668.758474730185,50,0,268.447565397909,48
173,3,3,3,285.833333333333,2.00627542419055,292.441463569631,1.02311882298413,3.41948774224315,13,27.0833333333333,2.79384169079092,3.72512225438789,668.758474730185,50,0,268.447565397909,48
174,3,3,3,285.833333333333,2.00627542419055,292.441463569631,1.02311882298413,3.41948774224315,13,27.0833333333333,2.79384169079092,3.72512225438789,668.758474730185,50,0,268.447565397909,48
175,3,3,3,285.833333333333,2.00627542419055,292.441463569631,1.02311882298413,3.41948774224315,13,27.0833333333333,2.79384169079092,3.72512225438789,668.758474730185,50,0,268.447565397909,48
176,3,3,3,285.833333333333,2.00627542419055,292.441463569631,1.02311882298413,3.41948774224315,13,27.0833333333333,2.79384169079092,3.72512225438789,668.758474730185,50,0,268.447565397909,48
177,3,3,3,285.833333333333,2.00627542419055,292.441463569631,1.02311882298413,3.41948774224315,13,27.0833333333333,2.79384169079092,3.72512225438789,668.758474730185,50,0,268.447565397909,48
178,3,3,3,285.833333333333,2.00627542419055,292.441463569631,1.02311882298413,3.41948774224315,13,27.0833333333333,2.79384169079092,3.72512225438789,668.758474730185,50,0,268.447565397909,48
179,3,3,3,285.833333333333,2.00627542419055,292.441463569631,1.02311882298413,3.41948774224315,13,27.0833333333333,2.79384169079092,3.72512225438789,668.758474730185,50,0,268.447565397909,48
180,3,3,3,285.833333333333,2.00627542419055,292.441463569631,1.02311882298413,3.41948774224315,13,27.0833333333333,2.79384169079092,3.72512225438789,668.758474730185,50,0,268.447565397909,48
181,3,3,5,285.833333333333,1.98636909094041,281.266472550468,0.984022644491434,3.5553473221753,13,27.0833333333333,2.75998519024709,3.67998025366279,662.12303031347,50,0,271.7405885547,48
182,3,3,5,285.833333333333,1.98636909094041,281.266472550468,0.984022644491434,3.5553473221753,13,27.0833333333333,2.75998519024709,3.67998025366279,662.12303031347,50,0,271.7405885547,48
183,3,3,5,285.833333333333,1.98636909094041,281.266472550468,0.984022644491434,3.5553473221753,13,27.0833333333333,2.75998519024709,3.67998025366279,662.12303031347,50,0,271.7405885547,48
184,3,3,5,285.833333333333,1.98636909094041,281.266472550468,0.984022644491434,3.5553473221753,13,27.0833333333333,2.75998519024709,3.67998025366279,662.12303031347,50,0,271.7405885547,48
185,3,3,5,285.833333333333,1.98636909094041,281.266472550468,0.984022644491434,3.5553473221753,13,27.0833333333333,2.75998519024709,3.67998025366279,662.12303031347,50,0,271.7405885547,48
186,3,3,5,285.833333333333,1.98636909094041,281.266472550468,0.984022644491434,3.5553473221753,13,27.0833333333333,2.75998519024709,3.67998025366279,662.12303031347,50,0,271.7405885547,48
187,3,3,5,285.833333333333,1.98636909094041,281.266472550468,0.984022644491434,3.5553473221753,13,27.0833333333333,2.75998519024709,3.67998025366279,662.12303031347,50,0,271.7405885547,48
188,3,3,5,285.833333333333,1.98636909094041,281.266472550468,0.984022644491434,3.5553473221753,13,27.0833333333333,2.75998519024709,3.67998025366279,662.12303031347,50,0,271.7405885547,48
189,3,3,5,285.833333333333,1.98636909094041,281.266472550468,0.984022644491434,3.5553473221753,13,27.0833333333333,2.75998519024709,3.67998025366279,662.12303031347,50,0,271.7405885547,48
190,3,3,5,285.833333333333,1.98636909094041,281.266472550468,0.984022644491434,3.5553473221753,13,27.0833333333333,2.75998519024709,3.67998025366279,662.12303031347,50,0,271.7405885547,48
191,3,3,5,285.833333333333,1.98636909094041,281.266472550468,0.984022644491434,3.5553473221753,13,27.0833333333333,2.75998519024709,3.67998025366279,662.12303031347,50,0,271.7405885547,48
192,3,3,5,285.833333333333,1.98636909094041,281.266472550468,0.984022644491434,3.5553473221753,13,27.0833333333333,2.75998519024709,3.67998025366279,662.12303031347,50,0,271.7405885547,48
193,3,3,5,285.833333333333,1.98636909094041,281.266472550468,0.984022644491434,3.5553473221753,13,27.0833333333333,2.75998519024709,3.67998025366279,662.12303031347,50,0,271.7405885547,48
194,3,3,5,285.833333333333,1.98636909094041,281.266472550468,0.984022644491434,3.5553473221753,13,27.0833333333333,2.75998519024709,3.67998025366279,662.12303031347,50,0,271.7405885547,48
195,3,3,5,285.833333333333,1.98636909094041,281.266472550468,0.984022644491434,3.5553473221753,13,27.0833333333333,2.75998519024709,3.67998025366279,662.12303031347,50,0,271.7405885547,48
196,3,3,5,285.833333333333,1.98636909094041,281.266472550468,0.984022644491434,3.5553473221753,13,27.0833333333333,2.75998519024709,3.67998025366279,662.12303031347,50,0,271.7405885547,48
197,3,3,5,285.833333333333,1.98636909094041,281.266472550468,0.984022644491434,3.5553473221753,13,27.0833333333333,2.75998519024709,3.67998025366279,662.12303031347,50,0,271.7405885547,48
198,3,3,5,285.833333333333,1.98636909094041,281.266472550468,0.984022644491434,3.5553473221753,13,27.0833333333333,2.75998519024709,3.67998025366279,662.12303031347,50,0,271.7405885547,48
199,3,3,5,285.833333333333,1.98636909094041,281.266472550468,0.984022644491434,3.5553473221753,13,27.0833333333333,2.75998519024709,3.67998025366279,662.12303031347,50,0,271.7405885547,48
200,3,3,5,285.833333333333,1.98636909094041,281.266472550468,0.984022644491434,3.5553473221753,13,27.0833333333333,2.75998519024709,3.67998025366279,662.12303031347,50,0,271.7405885547,48
201,3,3,7,285.833333333333,1.9745266828164,282.946930562318,0.989901797885662,3.53423165967073,13,27.6595744680851,2.94868796424458,3.93158395232611,658.1755609388,50,0,254.35041248664,47
202,3,3,7,285.833333333333,1.9745266828164,282.946930562318,0.989901797885662,3.53423165967073,13,27.6595744680851,2.94868796424458,3.93158395232611,658.1755609388,50,0,254.35041248664,47
203,3,3,7,285.833333333333,1.9745266828164,282.946930562318,0.989901797885662,3.53423165967073,13,27.6595744680851,2.94868796424458,3.93158395232611,658.1755609388,50,0,254.35041248664,47
204,3,3,7,285.833333333333,1.9745266828164,282.946930562318,0.989901797885662,3.53423165967073,13,27.6595744680851,2.94868796424458,3.93158395232611,658.1755609388,50,0,254.35041248664,47
205,3,3,7,285.833333333333,1.9745266828164,282.946930562318,0.989901797885662,3.53423165967073,13,27.6595744680851,2.94868796424458,3.93158395232611,658.1755609388,50,0,254.35041248664,47
206,3,3,7,285.833333333333,1.9745266828164,282.946930562318,0.989901797885662,3.53423165967073,13,27.6595744680851,2.94868796424458,3.93158395232611,658.1755609388,50,0,254.35041248664,47
207,3,3,7,285.833333333333,1.9745266828164,282.946930562318,0.989901797885662,3.53423165967073,13,27.6595744680851,2.94868796424458,3.93158395232611,658.1755609388,50,0,254.35041248664,47
208,3,3,7,285.833333333333,1.9745266828164,282.946930562318,0.989901797885662,3.53423165967073,13,27.6595744680851,2.94868796424458,3.93158395232611,658.1755609388,50,0,254.35041248664,47
209,3,3,7,285.833333333333,1.9745266828164,282.946930562318,0.989901797885662,3.53423165967073,13,27.6595744680851,2.94868796424458,3.93158395232611,658.1755609388,50,0,254.35041248664,47
210,3,3,7,285.833333333333,1.9745266828164,282.946930562318,0.989901797885662,3.53423165967073,13,27.6595744680851,2.94868796424458,3.93158395232611,658.1755609388,50,0,254.35041248664,47
211,3,3,7,285.833333333333,1.9745266828164,282.946930562318,0.989901797885662,3.53423165967073,13,27.6595744680851,2.94868796424458,3.93158395232611,658.1755609388,50,0,254.35041248664,47
212,3,3,7,285.833333333333,1.9745266828164,282.946930562318,0.989901797885662,3.53423165967073,13,27.6595744680851,2.94868796424458,3.93158395232611,658.1755609388,50,0,254.35041248664,47
213,3,3,7,285.833333333333,1.9745266828164,282.946930562318,0.989901797885662,3.53423165967073,13,27.6595744680851,2.94868796424458,3.93158395232611,658.1755609388,50,0,254.35041248664,47
214,3,3,7,285.833333333333,1.9745266828164,282.946930562318,0.989901797885662,3.53423165967073,13,27.6595744680851,2.94868796424458,3.93158395232611,658.1755609388,50,0,254.35041248664,47
215,3,3,7,285.833333333333,1.9745266828164,282.946930562318,0.989901797885662,3.53423165967073,13,27.6595744680851,2.94868796424458,3.93158395232611,658.1755609388,50,0,254.35041248664,47
216,3,3,7,285.833333333333,1.9745266828164,282.946930562318,0.989901797885662,3.53423165967073,13,27.6595744680851,2.94868796424458,3.93158395232611,658.1755609388,50,0,254.35041248664,47
217,3,3,7,285.833333333333,1.9745266828164,282.946930562318,0.989901797885662,3.53423165967073,13,27.6595744680851,2.94868796424458,3.93158395232611,658.1755609388,50,0,254.35041248664,47
218,3,3,7,285.833333333333,1.9745266828164,282.946930562318,0.989901797885662,3.53423165967073,13,27.6595744680851,2.94868796424458,3.93158395232611,658.1755609388,50,0,254.35041248664,47
219,3,3,7,285.833333333333,1.9745266828164,282.946930562318,0.989901797885662,3.53423165967073,13,27.6595744680851,2.94868796424458,3.93158395232611,658.1755609388,50,0,254.35041248664,47
220,3,3,7,285.833333333333,1.9745266828164,282.946930562318,0.989901797885662,3.53423165967073,13,27.6595744680851,2.94868796424458,3.93158395232611,658.1755609388,50,0,254.35041248664,47
221,3,3,10,285.833333333333,1.96794965490318,283.892559355928,0.993210120195667,3.52245934965226,13,27.6595744680851,2.93924084507378,3.91898779343171,655.98321830106,50,0,255.16792924847,47
222,3,3,10,285.833333333333,1.96794965490318,283.892559355928,0.993210120195667,3.52245934965226,13,27.6595744680851,2.93924084507378,3.91898779343171,655.98321830106,50,0,255.16792924847,47
223,3,3,10,285.833333333333,1.96794965490318,283.892559355928,0.993210120195667,3.52245934965226,13,27.6595744680851,2.93924084507378,3.91898779343171,655.98321830106,50,0,255.16792924847,47
224,3,3,10,285.833333333333,1.96794965490318,283.892559355928,0.993210120195667,3.52245934965226,13,27.6595744680851,2.93924084507378,3.91898779343171,655.98321830106,50,0,255.16792924847,47
225,3,3,10,285.833333333333,1.96794965490318,283.892559355928,0.993210120195667,3.52245934965226,13,27.6595744680851,2.93924084507378,3.91898779343171,655.98321830106,50,0,255.16792924847,47
226,3,3,10,285.833333333333,1.96794965490318,283.892559355928,0.993210120195667,3.52245934965226,13,27.6595744680851,2.93924084507378,3.91898779343171,655.98321830106,50,0,255.16792924847,47
227,3,3,10,285.833333333333,1.96794965490318,283.892559355928,0.993210120195667,3.52245934965226,13,27.6595744680851,2.93924084507378,3.91898779343171,655.98321830106,50,0,255.16792924847,47
228,3,3,10,285.833333333333,1.96794965490318,283.892559355928,0.993210120195667,3.52245934965226,13,27.6595744680851,2.93924084507378,3.91898779343171,655.98321830106,50,0,255.16792924847,47
229,3,3,10,285.833333333333,1.96794965490318,283.892559355928,0.993210120195667,3.52245934965226,13,27.6595744680851,2.93924084507378,3.91898779343171,655.98321830106,50,0,255.16792924847,47
230,3,3,10,285.833333333333,1.96794965490318,283.892559355928,0.993210120195667,3.52245934965226,13,27.6595744680851,2.93924084507378,3.91898779343171,655.98321830106,50,0,255.16792924847,47
231,3,3,10,285.833333333333,1.96794965490318,283.892559355928,0.993210120195667,3.52245934965226,13,27.6595744680851,2.93924084507378,3.91898779343171,655.98321830106,50,0,255.16792924847,47
232,3,3,10,285.833333333333,1.96794965490318,283.892559355928,0.993210120195667,3.52245934965226,13,27.6595744680851,2.93924084507378,3.91898779343171,655.98321830106,50,0,255.16792924847,47
233,3,3,10,285.833333333333,1.96794965490318,283.892559355928,0.993210120195667,3.52245934965226,13,27.6595744680851,2.93924084507378,3.91898779343171,655.98321830106,50,0,255.16792924847,47
234,3,3,10,285.833333333333,1.96794965490318,283.892559355928,0.993210120195667,3.52245934965226,13,27.6595744680851,2.93924084507378,3.91898779343171,655.98321830106,50,0,255.16792924847,47
235,3,3,10,285.833333333333,1.96794965490318,283.892559355928,0.993210120195667,3.52245934965226,13,27.6595744680851,2.93924084507378,3.91898779343171,655.98321830106,50,0,255.16792924847,47
236,3,3,10,285.833333333333,1.96794965490318,283.892559355928,0.993210120195667,3.52245934965226,13,27.6595744680851,2.93924084507378,3.91898779343171,655.98321830106,50,0,255.16792924847,47
237,3,3,10,285.833333333333,1.96794965490318,283.892559355928,0.993210120195667,3.52245934965226,13,27.6595744680851,2.93924084507378,3.91898779343171,655.98321830106,50,0,255.16792924847,47
238,3,3,10,285.833333333333,1.96794965490318,283.892559355928,0.993210120195667,3.52245934965226,13,27.6595744680851,2.93924084507378,3.91898779343171,655.98321830106,50,0,255.16792924847,47
239,3,3,10,285.833333333333,1.96794965490318,283.892559355928,0.993210120195667,3.52245934965226,13,27.6595744680851,2.93924084507378,3.91898779343171,655.98321830106,50,0,255.16792924847,47
240,3,3,10,285.833333333333,1.96794965490318,283.892559355928,0.993210120195667,3.52245934965226,13,27.6595744680851,2.93924084507378,3.91898779343171,655.98321830106,50,0,255.16792924847,47
241,3,4,3,285.833333333333,1.45712327891064,297.28869608257,1.04007707084281,3.36373368102182,13,36.1111111111111,2.75752404825081,3.67669873100108,364.28081972766,37.5,0,271.983122132969,36
242,3,4,3,285.833333333333,1.45712327891064,297.28869608257,1.04007707084281,3.36373368102182,13,36.1111111111111,2.75752404825081,3.67669873100108,364.28081972766,37.5,0,271.983122132969,36
243,3,4,3,285.833333333333,1.45712327891064,297.28869608257,1.04007707084281,3.36373368102182,13,36.1111111111111,2.75752404825081,3.67669873100108,364.28081972766,37.5,0,271.983122132969,36
244,3,4,3,285.833333333333,1.45712327891064,297.28869608257,1.04007707084281,3.36373368102182,13,36.1111111111111,2.75752404825081,3.67669873100108,364.28081972766,37.5,0,271.983122132969,36
245,3,4,3,285.833333333333,1.45712327891064,297.28869608257,1.04007707084281,3.36373368102182,13,36.1111111111111,2.75752404825081,3.67669873100108,364.28081972766,37.5,0,271.983122132969,36
246,3,4,3,285.833333333333,1.45712327891064,297.28869608257,1.04007707084281,3.36373368102182,13,36.1111111111111,2.75752404825081,3.67669873100108,364.28081972766,37.5,0,271.983122132969,36
247,3,4,3,285.833333333333,1.45712327891064,297.28869608257,1.04007707084281,3.36373368102182,13,36.1111111111111,2.75752404825081,3.67669873100108,364.28081972766,37.5,0,271.983122132969,36
248,3,4,3,285.833333333333,1.45712327891064,297.28869608257,1.04007707084281,3.36373368102182,13,36.1111111111111,2.75752404825081,3.67669873100108,364.28081972766,37.5,0,271.983122132969,36
249,3,4,3,285.833333333333,1.45712327891064,297.28869608257,1.04007707084281,3.36373368102182,13,36.1111111111111,2.75752404825081,3.67669873100108,364.28081972766,37.5,0,271.983122132969,36
250,3,4,3,285.833333333333,1.45712327891064,297.28869608257,1.04007707084281,3.36373368102182,13,36.1111111111111,2.75752404825081,3.67669873100108,364.28081972766,37.5,0,271.983122132969,36
251,3,4,3,285.833333333333,1.45712327891064,297.28869608257,1.04007707084281,3.36373368102182,13,36.1111111111111,2.75752404825081,3.67669873100108,364.28081972766,37.5,0,271.983122132969,36
252,3,4,3,285.833333333333,1.45712327891064,297.28869608257,1.04007707084281,3.36373368102182,13,36.1111111111111,2.75752404825081,3.67669873100108,364.28081972766,37.5,0,271.983122132969,36
253,3,4,3,285.833333333333,1.45712327891064,297.28869608257,1.04007707084281,3.36373368102182,13,36.1111111111111,2.75752404825081,3.67669873100108,364.28081972766,37.5,0,271.983122132969,36
254,3,4,3,285.833333333333,1.45712327891064,297.28869608257,1.04007707084281,3.36373368102182,13,36.1111111111111,2.75752404825081,3.67669873100108,364.28081972766,37.5,0,271.983122132969,36
255,3,4,3,285.833333333333,1.45712327891064,297.28869608257,1.04007707084281,3.36373368102182,13,36.1111111111111,2.75752404825081,3.67669873100108,364.28081972766,37.5,0,271.983122132969,36
256,3,4,3,285.833333333333,1.45712327891064,297.28869608257,1.04007707084281,3.36373368102182,13,36.1111111111111,2.75752404825081,3.67669873100108,364.28081972766,37.5,0,271.983122132969,36
257,3,4,3,285.833333333333,1.45712327891064,297.28869608257,1.04007707084281,3.36373368102182,13,36.1111111111111,2.75752404825081,3.67669873100108,364.28081972766,37.5,0,271.983122132969,36
258,3,4,3,285.833333333333,1.45712327891064,297.28869608257,1.04007707084281,3.36373368102182,13,36.1111111111111,2.75752404825081,3.67669873100108,364.28081972766,37.5,0,271.983122132969,36
259,3,4,3,285.833333333333,1.45712327891064,297.28869608257,1.04007707084281,3.36373368102182,13,36.1111111111111,2.75752404825081,3.67669873100108,364.28081972766,37.5,0,271.983122132969,36
260,3,4,3,285.833333333333,1.45712327891064,297.28869608257,1.04007707084281,3.36373368102182,13,36.1111111111111,2.75752404825081,3.67669873100108,364.28081972766,37.5,0,271.983122132969,36
261,3,4,5,285.833333333333,1.43807498805769,288.87367300267,1.01063675686065,3.46172079167199,13,37.1428571428571,2.99854712352579,3.99806283136771,359.518747014422,37.5,0,250.121131702652,35
262,3,4,5,285.833333333333,1.43807498805769,288.87367300267,1.01063675686065,3.46172079167199,13,37.1428571428571,2.99854712352579,3.99806283136771,359.518747014422,37.5,0,250.121131702652,35
263,3,4,5,285.833333333333,1.43807498805769,288.87367300267,1.01063675686065,3.46172079167199,13,37.1428571428571,2.99854712352579,3.99806283136771,359.518747014422,37.5,0,250.121131702652,35
264,3,4,5,285.833333333333,1.43807498805769,288.87367300267,1.01063675686065,3.46172079167199,13,37.1428571428571,2.99854712352579,3.99806283136771,359.518747014422,37.5,0,250.121131702652,35
265,3,4,5,285.833333333333,1.43807498805769,288.87367300267,1.01063675686065,3.46172079167199,13,37.1428571428571,2.99854712352579,3.99806283136771,359.518747014422,37.5,0,250.121131702652,35
266,3,4,5,285.833333333333,1.43807498805769,288.87367300267,1.01063675686065,3.46172079167199,13,37.1428571428571,2.99854712352579,3.99806283136771,359.518747014422,37.5,0,250.121131702652,35
267,3,4,5,285.833333333333,1.43807498805769,288.87367300267,1.01063675686065,3.46172079167199,13,37.1428571428571,2.99854712352579,3.99806283136771,359.518747014422,37.5,0,250.121131702652,35
268,3,4,5,285.833333333333,1.43807498805769,288.87367300267,1.01063675686065,3.46172079167199,13,37.1428571428571,2.99854712352579,3.99806283136771,359.518747014422,37.5,0,250.121131702652,35
269,3,4,5,285.833333333333,1.43807498805769,288.87367300267,1.01063675686065,3.46172079167199,13,37.1428571428571,2.99854712352579,3.99806283136771,359.518747014422,37.5,0,250.121131702652,35
270,3,4,5,285.833333333333,1.43807498805769,288.87367300267,1.01063675686065,3.46172079167199,13,37.1428571428571,2.99854712352579,3.99806283136771,359.518747014422,37.5,0,250.121131702652,35
271,3,4,5,285.833333333333,1.43807498805769,288.87367300267,1.01063675686065,3.46172079167199,13,37.1428571428571,2.99854712352579,3.99806283136771,359.518747014422,37.5,0,250.121131702652,35
272,3,4,5,285.833333333333,1.43807498805769,288.87367300267,1.01063675686065,3.46172079167199,13,37.1428571428571,2.99854712352579,3.99806283136771,359.518747014422,37.5,0,250.121131702652,35
273,3,4,5,285.833333333333,1.43807498805769,288.87367300267,1.01063675686065,3.46172079167199,13,37.1428571428571,2.99854712352579,3.99806283136771,359.518747014422,37.5,0,250.121131702652,35
274,3,4,5,285.833333333333,1.43807498805769,288.87367300267,1.01063675686065,3.46172079167199,13,37.1428571428571,2.99854712352579,3.99806283136771,359.518747014422,37.5,0,250.121131702652,35
275,3,4,5,285.833333333333,1.43807498805769,288.87367300267,1.01063675686065,3.46172079167199,13,37.1428571428571,2.99854712352579,3.99806283136771,359.518747014422,37.5,0,250.121131702652,35
276,3,4,5,285.833333333333,1.43807498805769,288.87367300267,1.01063675686065,3.46172079167199,13,37.1428571428571,2.99854712352579,3.99806283136771,359.518747014422,37.5,0,250.121131702652,35
277,3,4,5,285.833333333333,1.43807498805769,288.87367300267,1.01063675686065,3.46172079167199,13,37.1428571428571,2.99854712352579,3.99806283136771,359.518747014422,37.5,0,250.121131702652,35
278,3,4,5,285.833333333333,1.43807498805769,288.87367300267,1.01063675686065,3.46172079167199,13,37.1428571428571,2.99854712352579,3.99806283136771,359.518747014422,37.5,0,250.121131702652,35
279,3,4,5,285.833333333333,1.43807498805769,288.87367300267,1.01063675686065,3.46172079167199,13,37.1428571428571,2.99854712352579,3.99806283136771,359.518747014422,37.5,0,250.121131702652,35
280,3,4,5,285.833333333333,1.43807498805769,288.87367300267,1.01063675686065,3.46172079167199,13,37.1428571428571,2.99854712352579,3.99806283136771,359.518747014422,37.5,0,250.121131702652,35
281,3,4,7,285.833333333333,1.42884352656118,290.740024615567,1.01716626687662,3.43949891770923,13,37.1428571428571,2.98001881078775,3.97335841438367,357.210881640295,37.5,0,251.676263681618,35
282,3,4,7,285.833333333333,1.42884352656118,290.740024615567,1.01716626687662,3.43949891770923,13,37.1428571428571,2.98001881078775,3.97335841438367,357.210881640295,37.5,0,251.676263681618,35
283,3,4,7,285.833333333333,1.42884352656118,290.740024615567,1.01716626687662,3.43949891770923,13,37.1428571428571,2.98001881078775,3.97335841438367,357.210881640295,37.5,0,251.676263681618,35
284,3,4,7,285.833333333333,1.42884352656118,290.740024615567,1.01716626687662,3.43949891770923,13,37.1428571428571,2.98001881078775,3.97335841438367,357.210881640295,37.5,0,251.676263681618,35
285,3,4,7,285.833333333333,1.42884352656118,290.740024615567,1.01716626687662,3.43949891770923,13,37.1428571428571,2.98001881078775,3.97335841438367,357.210881640295,37.5,0,251.676263681618,35
286,3,4,7,285.833333333333,1.42884352656118,290.740024615567,1.01716626687662,3.43949891770923,13,37.1428571428571,2.98001881078775,3.97335841438367,357.210881640295,37.5,0,251.676263681618,35
287,3,4,7,285.833333333333,1.42884352656118,290.740024615567,1.01716626687662,3.43949891770923,13,37.1428571428571,2.98001881078775,3.97335841438367,357.210881640295,37.5,0,251.676263681618,35
288,3,4,7,285.833333333333,1.42884352656118,290.740024615567,1.01716626687662,3.43949891770923,13,37.1428571428571,2.98001881078775,3.97335841438367,357.210881640295,37.5,0,251.676263681618,35
289,3,4,7,285.833333333333,1.42884352656118,290.740024615567,1.01716626687662,3.43949891770923,13,37.1428571428571,2.98001881078775,3.97335841438367,357.210881640295,37.5,0,251.676263681618,35
290,3,4,7,285.833333333333,1.42884352656118,290.740024615567,1.01716626687662,3.43949891770923,13,37.1428571428571,2.98001881078775,3.97335841438367,357.210881640295,37.5,0,251.676263681618,35
291,3,4,7,285.833333333333,1.42884352656118,290.740024615567,1.01716626687662,3.43949891770923,13,37.1428571428571,2.98001881078775,3.97335841438367,357.210881640295,37.5,0,251.676263681618,35
292,3,4,7,285.833333333333,1.42884352656118,290.740024615567,1.01716626687662,3.43949891770923,13,37.1428571428571,2.98001881078775,3.97335841438367,357.210881640295,37.5,0,251.676263681618,35
293,3,4,7,285.833333333333,1.42884352656118,290.740024615567,1.01716626687662,3.43949891770923,13,37.1428571428571,2.98001881078775,3.97335841438367,357.210881640295,37.5,0,251.676263681618,35
294,3,4,7,285.833333333333,1.42884352656118,290.740024615567,1.01716626687662,3.43949891770923,13,37.1428571428571,2.98001881078775,3.97335841438367,357.210881640295,37.5,0,251.676263681618,35
295,3,4,7,285.833333333333,1.42884352656118,290.740024615567,1.01716626687662,3.43949891770923,13,37.1428571428571,2.98001881078775,3.97335841438367,357.210881640295,37.5,0,251.676263681618,35
296,3,4,7,285.833333333333,1.42884352656118,290.740024615567,1.01716626687662,3.43949891770923,13,37.1428571428571,2.98001881078775,3.97335841438367,357.210881640295,37.5,0,251.676263681618,35
297,3,4,7,285.833333333333,1.42884352656118,290.740024615567,1.01716626687662,3.43949891770923,13,37.1428571428571,2.98001881078775,3.97335841438367,357.210881640295,37.5,0,251.676263681618,35
298,3,4,7,285.833333333333,1.42884352656118,290.740024615567,1.01716626687662,3.43949891770923,13,37.1428571428571,2.98001881078775,3.97335841438367,357.210881640295,37.5,0,251.676263681618,35
299,3,4,7,285.833333333333,1.42884352656118,290.740024615567,1.01716626687662,3.43949891770923,13,37.1428571428571,2.98001881078775,3.97335841438367,357.210881640295,37.5,0,251.676263681618,35
300,3,4,7,285.833333333333,1.42884352656118,290.740024615567,1.01716626687662,3.43949891770923,13,37.1428571428571,2.98001881078775,3.97335841438367,357.210881640295,37.5,0,251.676263681618,35
301,3,4,10,285.833333333333,1.42331033955119,291.870290364866,1.02112054938146,3.42617948113151,13,37.1428571428571,2.96891324326413,3.95855099101884,355.827584887797,37.5,0,252.617688206821,35
302,3,4,10,285.833333333333,1.42331033955119,291.870290364866,1.02112054938146,3.42617948113151,13,37.1428571428571,2.96891324326413,3.95855099101884,355.827584887797,37.5,0,252.617688206821,35
303,3,4,10,285.833333333333,1.42331033955119,291.870290364866,1.02112054938146,3.42617948113151,13,37.1428571428571,2.96891324326413,3.95855099101884,355.827584887797,37.5,0,252.617688206821,35
304,3,4,10,285.833333333333,1.42331033955119,291.870290364866,1.02112054938146,3.42617948113151,13,37.1428571428571,2.96891324326413,3.95855099101884,355.827584887797,37.5,0,252.617688206821,35
305,3,4,10,285.833333333333,1.42331033955119,291.870290364866,1.02112054938146,3.42617948113151,13,37.1428571428571,2.96891324326413,3.95855099101884,355.827584887797,37.5,0,252.617688206821,35
306,3,4,10,285.833333333333,1.42331033955119,291.870290364866,1.02112054938146,3.42617948113151,13,37.1428571428571,2.96891324326413,3.95855099101884,355.827584887797,37.5,0,252.617688206821,35
307,3,4,10,285.833333333333,1.42331033955119,291.870290364866,1.02112054938146,3.42617948113151,13,37.1428571428571,2.96891324326413,3.95855099101884,355.827584887797,37.5,0,252.617688206821,35
308,3,4,10,285.833333333333,1.42331033955119,291.870290364866,1.02112054938146,3.42617948113151,13,37.1428571428571,2.96891324326413,3.95855099101884,355.827584887797,37.5,0,252.617688206821,35
309,3,4,10,285.833333333333,1.42331033955119,291.870290364866,1.02112054938146,3.42617948113151,13,37.1428571428571,2.96891324326413,3.95855099101884,355.827584887797,37.5,0,252.617688206821,35
310,3,4,10,285.833333333333,1.42331033955119,291.870290364866,1.02112054938146,3.42617948113151,13,37.1428571428571,2.96891324326413,3.95855099101884,355.827584887797,37.5,0,252.617688206821,35
311,3,4,10,285.833333333333,1.42331033955119,291.870290364866,1.02112054938146,3.42617948113151,13,37.1428571428571,2.96891324326413,3.95855099101884,355.827584887797,37.5,0,252.617688206821,35
312,3,4,10,285.833333333333,1.42331033955119,291.870290364866,1.02112054938146,3.42617948113151,13,37.1428571428571,2.96891324326413,3.95855099101884,355.827584887797,37.5,0,252.617688206821,35
313,3,4,10,285.833333333333,1.42331033955119,291.870290364866,1.02112054938146,3.42617948113151,13,37.1428571428571,2.96891324326413,3.95855099101884,355.827584887797,37.5,0,252.617688206821,35
314,3,4,10,285.833333333333,1.42331033955119,291.870290364866,1.02112054938146,3.42617948113151,13,37.1428571428571,2.96891324326413,3.95855099101884,355.827584887797,37.5,0,252.617688206821,35
315,3,4,10,285.833333333333,1.42331033955119,291.870290364866,1.02112054938146,3.42617948113151,13,37.1428571428571,2.96891324326413,3.95855099101884,355.827584887797,37.5,0,252.617688206821,35
316,3,4,10,285.833333333333,1.42331033955119,291.870290364866,1.02112054938146,3.42617948113151,13,37.1428571428571,2.96891324326413,3.95855099101884,355.827584887797,37.5,0,252.617688206821,35
317,3,4,10,285.833333333333,1.42331033955119,291.870290364866,1.02112054938146,3.42617948113151,13,37.1428571428571,2.96891324326413,3.95855099101884,355.827584887797,37.5,0,252.617688206821,35
318,3,4,10,285.833333333333,1.42331033955119,291.870290364866,1.02112054938146,3.42617948113151,13,37.1428571428571,2.96891324326413,3.95855099101884,355.827584887797,37.5,0,252.617688206821,35
319,3,4,10,285.833333333333,1.42331033955119,291.870290364866,1.02112054938146,3.42617948113151,13,37.1428571428571,2.96891324326413,3.95855099101884,355.827584887797,37.5,0,252.617688206821,35
320,3,4,10,285.833333333333,1.42331033955119,291.870290364866,1.02112054938146,3.42617948113151,13,37.1428571428571,2.96891324326413,3.95855099101884,355.827584887797,37.5,0,252.617688206821,35
321,3,5,3,285.833333333333,1.190917497057,276.921517873667,0.968821636875802,3.61113144142235,12,42.8571428571429,2.99889148495576,3.99852197994101,238.1834994114,30,0,250.092410399793,28
322,3,5,3,285.833333333333,1.190917497057,276.921517873667,0.968821636875802,3.61113144142235,12,42.8571428571429,2.99889148495576,3.99852197994101,238.1834994114,30,0,250.092410399793,28
323,3,5,3,285.833333333333,1.190917497057,276.921517873667,0.968821636875802,3.61113144142235,12,42.8571428571429,2.99889148495576,3.99852197994101,238.1834994114,30,0,250.092410399793,28
324,3,5,3,285.833333333333,1.190917497057,276.921517873667,0.968821636875802,3.61113144142235,12,42.8571428571429,2.99889148495576,3.99852197994101,238.1834994114,30,0,250.092410399793,28
325,3,5,3,285.833333333333,1.190917497057,276.921517873667,0.968821636875802,3.61113144142235,12,42.8571428571429,2.99889148495576,3.99852197994101,238.1834994114,30,0,250.092410399793,28
326,3,5,3,285.833333333333,1.190917497057,276.921517873667,0.968821636875802,3.61113144142235,12,42.8571428571429,2.99889148495576,3.99852197994101,238.1834994114,30,0,250.092410399793,28
327,3,5,3,285.833333333333,1.190917497057,276.921517873667,0.968821636875802,3.61113144142235,12,42.8571428571429,2.99889148495576,3.99852197994101,238.1834994114,30,0,250.092410399793,28
328,3,5,3,285.833333333333,1.190917497057,276.921517873667,0.968821636875802,3.61113144142235,12,42.8571428571429,2.99889148495576,3.99852197994101,238.1834994114,30,0,250.092410399793,28
329,3,5,3,285.833333333333,1.190917497057,276.921517873667,0.968821636875802,3.61113144142235,12,42.8571428571429,2.99889148495576,3.99852197994101,238.1834994114,30,0,250.092410399793,28
330,3,5,3,285.833333333333,1.190917497057,276.921517873667,0.968821636875802,3.61113144142235,12,42.8571428571429,2.99889148495576,3.99852197994101,238.1834994114,30,0,250.092410399793,28
331,3,5,3,285.833333333333,1.190917497057,276.921517873667,0.968821636875802,3.61113144142235,12,42.8571428571429,2.99889148495576,3.99852197994101,238.1834994114,30,0,250.092410399793,28
332,3,5,3,285.833333333333,1.190917497057,276.921517873667,0.968821636875802,3.61113144142235,12,42.8571428571429,2.99889148495576,3.99852197994101,238.1834994114,30,0,250.092410399793,28
333,3,5,3,285.833333333333,1.190917497057,276.921517873667,0.968821636875802,3.61113144142235,12,42.8571428571429,2.99889148495576,3.99852197994101,238.1834994114,30,0,250.092410399793,28
334,3,5,3,285.833333333333,1.190917497057,276.921517873667,0.968821636875802,3.61113144142235,12,42.8571428571429,2.99889148495576,3.99852197994101,238.1834994114,30,0,250.092410399793,28
335,3,5,3,285.833333333333,1.190917497057,276.921517873667,0.968821636875802,3.61113144142235,12,42.8571428571429,2.99889148495576,3.99852197994101,238.1834994114,30,0,250.092410399793,28
336,3,5,3,285.833333333333,1.190917497057,276.921517873667,0.968821636875802,3.61113144142235,12,42.8571428571429,2.99889148495576,3.99852197994101,238.1834994114,30,0,250.092410399793,28
337,3,5,3,285.833333333333,1.190917497057,276.921517873667,0.968821636875802,3.61113144142235,12,42.8571428571429,2.99889148495576,3.99852197994101,238.1834994114,30,0,250.092410399793,28
338,3,5,3,285.833333333333,1.190917497057,276.921517873667,0.968821636875802,3.61113144142235,12,42.8571428571429,2.99889148495576,3.99852197994101,238.1834994114,30,0,250.092410399793,28
339,3,5,3,285.833333333333,1.190917497057,276.921517873667,0.968821636875802,3.61113144142235,12,42.8571428571429,2.99889148495576,3.99852197994101,238.1834994114,30,0,250.092410399793,28
340,3,5,3,285.833333333333,1.190917497057,276.921517873667,0.968821636875802,3.61113144142235,12,42.8571428571429,2.99889148495576,3.99852197994101,238.1834994114,30,0,250.092410399793,28
341,3,5,5,285.833333333333,1.17404762767956,280.578627244888,0.981616188611853,3.56406334231297,12,42.8571428571429,2.95804735461005,3.94406313948007,234.809525535912,30,0,253.545636729291,28
342,3,5,5,285.833333333333,1.17404762767956,280.578627244888,0.981616188611853,3.56406334231297,12,42.8571428571429,2.95804735461005,3.94406313948007,234.809525535912,30,0,253.545636729291,28
343,3,5,5,285.833333333333,1.17404762767956,280.578627244888,0.981616188611853,3.56406334231297,12,42.8571428571429,2.95804735461005,3.94406313948007,234.809525535912,30,0,253.545636729291,28
344,3,5,5,285.833333333333,1.17404762767956,280.578627244888,0.981616188611853,3.56406334231297,12,42.8571428571429,2.95804735461005,3.94406313948007,234.809525535912,30,0,253.545636729291,28
345,3,5,5,285.833333333333,1.17404762767956,280.578627244888,0.981616188611853,3.56406334231297,12,42.8571428571429,2.95804735461005,3.94406313948007,234.809525535912,30,0,253.545636729291,28
346,3,5,5,285.833333333333,1.17404762767956,280.578627244888,0.981616188611853,3.56406334231297,12,42.8571428571429,2.95804735461005,3.94406313948007,234.809525535912,30,0,253.545636729291,28
347,3,5,5,285.833333333333,1.17404762767956,280.578627244888,0.981616188611853,3.56406334231297,12,42.8571428571429,2.95804735461005,3.94406313948007,234.809525535912,30,0,253.545636729291,28
348,3,5,5,285.833333333333,1.17404762767956,280.578627244888,0.981616188611853,3.56406334231297,12,42.8571428571429,2.95804735461005,3.94406313948007,234.809525535912,30,0,253.545636729291,28
349,3,5,5,285.833333333333,1.17404762767956,280.578627244888,0.981616188611853,3.56406334231297,12,42.8571428571429,2.95804735461005,3.94406313948007,234.809525535912,30,0,253.545636729291,28
350,3,5,5,285.833333333333,1.17404762767956,280.578627244888,0.981616188611853,3.56406334231297,12,42.8571428571429,2.95804735461005,3.94406313948007,234.809525535912,30,0,253.545636729291,28
351,3,5,5,285.833333333333,1.17404762767956,280.578627244888,0.981616188611853,3.56406334231297,12,42.8571428571429,2.95804735461005,3.94406313948007,234.809525535912,30,0,253.545636729291,28
352,3,5,5,285.833333333333,1.17404762767956,280.578627244888,0.981616188611853,3.56406334231297,12,42.8571428571429,2.95804735461005,3.94406313948007,234.809525535912,30,0,253.545636729291,28
353,3,5,5,285.833333333333,1.17404762767956,280.578627244888,0.981616188611853,3.56406334231297,12,42.8571428571429,2.95804735461005,3.94406313948007,234.809525535912,30,0,253.545636729291,28
354,3,5,5,285.833333333333,1.17404762767956,280.578627244888,0.981616188611853,3.56406334231297,12,42.8571428571429,2.95804735461005,3.94406313948007,234.809525535912,30,0,253.545636729291,28
355,3,5,5,285.833333333333,1.17404762767956,280.578627244888,0.981616188611853,3.56406334231297,12,42.8571428571429,2.95804735461005,3.94406313948007,234.809525535912,30,0,253.545636729291,28
356,3,5,5,285.833333333333,1.17404762767956,280.578627244888,0.981616188611853,3.56406334231297,12,42.8571428571429,2.95804735461005,3.94406313948007,234.809525535912,30,0,253.545636729291,28
357,3,5,5,285.833333333333,1.17404762767956,280.578627244888,0.981616188611853,3.56406334231297,12,42.8571428571429,2.95804735461005,3.94406313948007,234.809525535912,30,0,253.545636729291,28
358,3,5,5,285.833333333333,1.17404762767956,280.578627244888,0.981616188611853,3.56406334231297,12,42.8571428571429,2.95804735461005,3.94406313948007,234.809525535912,30,0,253.545636729291,28
359,3,5,5,285.833333333333,1.17404762767956,280.578627244888,0.981616188611853,3.56406334231297,12,42.8571428571429,2.95804735461005,3.94406313948007,234.809525535912,30,0,253.545636729291,28
360,3,5,5,285.833333333333,1.17404762767956,280.578627244888,0.981616188611853,3.56406334231297,12,42.8571428571429,2.95804735461005,3.94406313948007,234.809525535912,30,0,253.545636729291,28
361,3,5,7,285.833333333333,1.16581543446914,282.559881191574,0.988547689299967,3.53907283575762,12,42.8571428571429,2.93812998299579,3.91750664399439,233.163086893829,30,0,255.264404345815,28
362,3,5,7,285.833333333333,1.16581543446914,282.559881191574,0.988547689299967,3.53907283575762,12,42.8571428571429,2.93812998299579,3.91750664399439,233.163086893829,30,0,255.264404345815,28
363,3,5,7,285.833333333333,1.16581543446914,282.559881191574,0.988547689299967,3.53907283575762,12,42.8571428571429,2.93812998299579,3.91750664399439,233.163086893829,30,0,255.264404345815,28
364,3,5,7,285.833333333333,1.16581543446914,282.559881191574,0.988547689299967,3.53907283575762,12,42.8571428571429,2.93812998299579,3.91750664399439,233.163086893829,30,0,255.264404345815,28
365,3,5,7,285.833333333333,1.16581543446914,282.559881191574,0.988547689299967,3.53907283575762,12,42.8571428571429,2.93812998299579,3.91750664399439,233.163086893829,30,0,255.264404345815,28
366,3,5,7,285.833333333333,1.16581543446914,282.559881191574,0.988547689299967,3.53907283575762,12,42.8571428571429,2.93812998299579,3.91750664399439,233.163086893829,30,0,255.264404345815,28
367,3,5,7,285.833333333333,1.16581543446914,282.559881191574,0.988547689299967,3.53907283575762,12,42.8571428571429,2.93812998299579,3.91750664399439,233.163086893829,30,0,255.264404345815,28
368,3,5,7,285.833333333333,1.16581543446914,282.559881191574,0.988547689299967,3.53907283575762,12,42.8571428571429,2.93812998299579,3.91750664399439,233.163086893829,30,0,255.264404345815,28
369,3,5,7,285.833333333333,1.16581543446914,282.559881191574,0.988547689299967,3.53907283575762,12,42.8571428571429,2.93812998299579,3.91750664399439,233.163086893829,30,0,255.264404345815,28
370,3,5,7,285.833333333333,1.16581543446914,282.559881191574,0.988547689299967,3.53907283575762,12,42.8571428571429,2.93812998299579,3.91750664399439,233.163086893829,30,0,255.264404345815,28
371,3,5,7,285.833333333333,1.16581543446914,282.559881191574,0.988547689299967,3.53907283575762,12,42.8571428571429,2.93812998299579,3.91750664399439,233.163086893829,30,0,255.264404345815,28
372,3,5,7,285.833333333333,1.16581543446914,282.559881191574,0.988547689299967,3.53907283575762,12,42.8571428571429,2.93812998299579,3.91750664399439,233.163086893829,30,0,255.264404345815,28
373,3,5,7,285.833333333333,1.16581543446914,282.559881191574,0.988547689299967,3.53907283575762,12,42.8571428571429,2.93812998299579,3.91750664399439,233.163086893829,30,0,255.264404345815,28
374,3,5,7,285.833333333333,1.16581543446914,282.559881191574,0.988547689299967,3.53907283575762,12,42.8571428571429,2.93812998299579,3.91750664399439,233.163086893829,30,0,255.264404345815,28
375,3,5,7,285.833333333333,1.16581543446914,282.559881191574,0.988547689299967,3.53907283575762,12,42.8571428571429,2.93812998299579,3.91750664399439,233.163086893829,30,0,255.264404345815,28
376,3,5,7,285.833333333333,1.16581543446914,282.559881191574,0.988547689299967,3.53907283575762,12,42.8571428571429,2.93812998299579,3.91750664399439,233.163086893829,30,0,255.264404345815,28
377,3,5,7,285.833333333333,1.16581543446914,282.559881191574,0.988547689299967,3.53907283575762,12,42.8571428571429,2.93812998299579,3.91750664399439,233.163086893829,30,0,255.264404345815,28
378,3,5,7,285.833333333333,1.16581543446914,282.559881191574,0.988547689299967,3.53907283575762,12,42.8571428571429,2.93812998299579,3.91750664399439,233.163086893829,30,0,255.264404345815,28
379,3,5,7,285.833333333333,1.16581543446914,282.559881191574,0.988547689299967,3.53907283575762,12,42.8571428571429,2.93812998299579,3.91750664399439,233.163086893829,30,0,255.264404345815,28
380,3,5,7,285.833333333333,1.16581543446914,282.559881191574,0.988547689299967,3.53907283575762,12,42.8571428571429,2.93812998299579,3.91750664399439,233.163086893829,30,0,255.264404345815,28
381,3,5,10,285.833333333333,1.1606563118935,283.815861146156,0.992941788266436,3.52341125672688,12,42.8571428571429,2.92564774909783,3.90086366546378,232.1312623787,30,0,256.353486242926,28
382,3,5,10,285.833333333333,1.1606563118935,283.815861146156,0.992941788266436,3.52341125672688,12,42.8571428571429,2.92564774909783,3.90086366546378,232.1312623787,30,0,256.353486242926,28
383,3,5,10,285.833333333333,1.1606563118935,283.815861146156,0.992941788266436,3.52341125672688,12,42.8571428571429,2.92564774909783,3.90086366546378,232.1312623787,30,0,256.353486242926,28
384,3,5,10,285.833333333333,1.1606563118935,283.815861146156,0.992941788266436,3.52341125672688,12,42.8571428571429,2.92564774909783,3.90086366546378,232.1312623787,30,0,256.353486242926,28
385,3,5,10,285.833333333333,1.1606563118935,283.815861146156,0.992941788266436,3.52341125672688,12,42.8571428571429,2.92564774909783,3.90086366546378,232.1312623787,30,0,256.353486242926,28
386,3,5,10,285.833333333333,1.1606563118935,283.815861146156,0.992941788266436,3.52341125672688,12,42.8571428571429,2.92564774909783,3.90086366546378,232.1312623787,30,0,256.353486242926,28
387,3,5,10,285.833333333333,1.1606563118935,283.815861146156,0.992941788266436,3.52341125672688,12,42.8571428571429,2.92564774909783,3.90086366546378,232.1312623787,30,0,256.353486242926,28
388,3,5,10,285.833333333333,1.1606563118935,283.815861146156,0.992941788266436,3.52341125672688,12,42.8571428571429,2.92564774909783,3.90086366546378,232.1312623787,30,0,256.353486242926,28
389,3,5,10,285.833333333333,1.1606563118935,283.815861146156,0.992941788266436,3.52341125672688,12,42.8571428571429,2.92564774909783,3.90086366546378,232.1312623787,30,0,256.353486242926,28
390,3,5,10,285.833333333333,1.1606563118935,283.815861146156,0.992941788266436,3.52341125672688,12,42.8571428571429,2.92564774909783,3.90086366546378,232.1312623787,30,0,256.353486242926,28
391,3,5,10,285.833333333333,1.1606563118935,283.815861146156,0.992941788266436,3.52341125672688,12,42.8571428571429,2.92564774909783,3.90086366546378,232.1312623787,30,0,256.353486242926,28
392,3,5,10,285.833333333333,1.1606563118935,283.815861146156,0.992941788266436,3.52341125672688,12,42.8571428571429,2.92564774909783,3.90086366546378,232.1312623787,30,0,256.353486242926,28
393,3,5,10,285.833333333333,1.1606563118935,283.815861146156,0.992941788266436,3.52341125672688,12,42.8571428571429,2.92564774909783,3.90086366546378,232.1312623787,30,0,256.353486242926,28
394,3,5,10,285.833333333333,1.1606563118935,283.815861146156,0.992941788266436,3.52341125672688,12,42.8571428571429,2.92564774909783,3.90086366546378,232.1312623787,30,0,256.353486242926,28
395,3,5,10,285.833333333333,1.1606563118935,283.815861146156,0.992941788266436,3.52341125672688,12,42.8571428571429,2.92564774909783,3.90086366546378,232.1312623787,30,0,256.353486242926,28
396,3,5,10,285.833333333333,1.1606563118935,283.815861146156,0.992941788266436,3.52341125672688,12,42.8571428571429,2.92564774909783,3.90086366546378,232.1312623787,30,0,256.353486242926,28
397,3,5,10,285.833333333333,1.1606563118935,283.815861146156,0.992941788266436,3.52341125672688,12,42.8571428571429,2.92564774909783,3.90086366546378,232.1312623787,30,0,256.353486242926,28
398,3,5,10,285.833333333333,1.1606563118935,283.815861146156,0.992941788266436,3.52341125672688,12,42.8571428571429,2.92564774909783,3.90086366546378,232.1312623787,30,0,256.353486242926,28
399,3,5,10,285.833333333333,1.1606563118935,283.815861146156,0.992941788266436,3.52341125672688,12,42.8571428571429,2.92564774909783,3.90086366546378,232.1312623787,30,0,256.353486242926,28
400,3,5,10,285.833333333333,1.1606563118935,283.815861146156,0.992941788266436,3.52341125672688,12,42.8571428571429,2.92564774909783,3.90086366546378,232.1312623787,30,0,256.353486242926,28
401,5,1,3,190.555555555556,4.2547148237267,187.50241854024,0.983977706625164,5.3332645401872,5,5.15463917525773,4.67829298670672,5.61395158404806,4254.7148237267,150,0,178.127649486946,97
402,5,1,3,190.555555555556,4.2547148237267,187.50241854024,0.983977706625164,5.3332645401872,5,5.15463917525773,4.67829298670672,5.61395158404806,4254.7148237267,150,0,178.127649486946,97
403,5,1,3,190.555555555556,4.2547148237267,187.50241854024,0.983977706625164,5.3332645401872,5,5.15463917525773,4.67829298670672,5.61395158404806,4254.7148237267,150,0,178.127649486946,97
404,5,1,3,190.555555555556,4.2547148237267,187.50241854024,0.983977706625164,5.3332645401872,5,5.15463917525773,4.67829298670672,5.61395158404806,4254.7148237267,150,0,178.127649486946,97
405,5,1,3,190.555555555556,4.2547148237267,187.50241854024,0.983977706625164,5.3332645401872,5,5.15463917525773,4.67829298670672,5.61395158404806,4254.7148237267,150,0,178.127649486946,97
406,5,1,3,190.555555555556,4.2547148237267,187.50241854024,0.983977706625164,5.3332645401872,5,5.15463917525773,4.67829298670672,5.61395158404806,4254.7148237267,150,0,178.127649486946,97
407,5,1,3,190.555555555556,4.2547148237267,187.50241854024,0.983977706625164,5.3332645401872,5,5.15463917525773,4.67829298670672,5.61395158404806,4254.7148237267,150,0,178.127649486946,97
408,5,1,3,190.555555555556,4.2547148237267,187.50241854024,0.983977706625164,5.3332645401872,5,5.15463917525773,4.67829298670672,5.61395158404806,4254.7148237267,150,0,178.127649486946,97
409,5,1,3,190.555555555556,4.2547148237267,187.50241854024,0.983977706625164,5.3332645401872,5,5.15463917525773,4.67829298670672,5.61395158404806,4254.7148237267,150,0,178.127649486946,97
410,5,1,3,190.555555555556,4.2547148237267,187.50241854024,0.983977706625164,5.3332645401872,5,5.15463917525773,4.67829298670672,5.61395158404806,4254.7148237267,150,0,178.127649486946,97
411,5,1,3,190.555555555556,4.2547148237267,187.50241854024,0.983977706625164,5.3332645401872,5,5.15463917525773,4.67829298670672,5.61395158404806,4254.7148237267,150,0,178.127649486946,97
412,5,1,3,190.555555555556,4.2547148237267,187.50241854024,0.983977706625164,5.3332645401872,5,5.15463917525773,4.67829298670672,5.61395158404806,4254.7148237267,150,0,178.127649486946,97
413,5,1,3,190.555555555556,4.2547148237267,187.50241854024,0.983977706625164,5.3332645401872,5,5.15463917525773,4.67829298670672,5.61395158404806,4254.7148237267,150,0,178.127649486946,97
414,5,1,3,190.555555555556,4.2547148237267,187.50241854024,0.983977706625164,5.3332645401872,5,5.15463917525773,4.67829298670672,5.61395158404806,4254.7148237267,150,0,178.127649486946,97
415,5,1,3,190.555555555556,4.2547148237267,187.50241854024,0.983977706625164,5.3332645401872,5,5.15463917525773,4.67829298670672,5.61395158404806,4254.7148237267,150,0,178.127649486946,97
416,5,1,3,190.555555555556,4.2547148237267,187.50241854024,0.983977706625164,5.3332645401872,5,5.15463917525773,4.67829298670672,5.61395158404806,4254.7148237267,150,0,178.127649486946,97
417,5,1,3,190.555555555556,4.2547148237267,187.50241854024,0.983977706625164,5.3332645401872,5,5.15463917525773,4.67829298670672,5.61395158404806,4254.7148237267,150,0,178.127649486946,97
418,5,1,3,190.555555555556,4.2547148237267,187.50241854024,0.983977706625164,5.3332645401872,5,5.15463917525773,4.67829298670672,5.61395158404806,4254.7148237267,150,0,178.127649486946,97
419,5,1,3,190.555555555556,4.2547148237267,187.50241854024,0.983977706625164,5.3332645401872,5,5.15463917525773,4.67829298670672,5.61395158404806,4254.7148237267,150,0,178.127649486946,97
420,5,1,3,190.555555555556,4.2547148237267,187.50241854024,0.983977706625164,5.3332645401872,5,5.15463917525773,4.67829298670672,5.61395158404806,4254.7148237267,150,0,178.127649486946,97
421,5,1,5,190.555555555556,4.09839639446112,191.897970230899,1.0070447417365,5.21110253952536,6,6.18556701030928,4.65963948299111,5.59156737958933,4098.39639446112,150,0,178.840731428948,97
422,5,1,5,190.555555555556,4.09839639446112,191.897970230899,1.0070447417365,5.21110253952536,6,6.18556701030928,4.65963948299111,5.59156737958933,4098.39639446112,150,0,178.840731428948,97
423,5,1,5,190.555555555556,4.09839639446112,191.897970230899,1.0070447417365,5.21110253952536,6,6.18556701030928,4.65963948299111,5.59156737958933,4098.39639446112,150,0,178.840731428948,97
424,5,1,5,190.555555555556,4.09839639446112,191.897970230899,1.0070447417365,5.21110253952536,6,6.18556701030928,4.65963948299111,5.59156737958933,4098.39639446112,150,0,178.840731428948,97
425,5,1,5,190.555555555556,4.09839639446112,191.897970230899,1.0070447417365,5.21110253952536,6,6.18556701030928,4.65963948299111,5.59156737958933,4098.39639446112,150,0,178.840731428948,97
426,5,1,5,190.555555555556,4.09839639446112,191.897970230899,1.0070447417365,5.21110253952536,6,6.18556701030928,4.65963948299111,5.59156737958933,4098.39639446112,150,0,178.840731428948,97
427,5,1,5,190.555555555556,4.09839639446112,191.897970230899,1.0070447417365,5.21110253952536,6,6.18556701030928,4.65963948299111,5.59156737958933,4098.39639446112,150,0,178.840731428948,97
428,5,1,5,190.555555555556,4.09839639446112,191.897970230899,1.0070447417365,5.21110253952536,6,6.18556701030928,4.65963948299111,5.59156737958933,4098.39639446112,150,0,178.840731428948,97
429,5,1,5,190.555555555556,4.09839639446112,191.897970230899,1.0070447417365,5.21110253952536,6,6.18556701030928,4.65963948299111,5.59156737958933,4098.39639446112,150,0,178.840731428948,97
430,5,1,5,190.555555555556,4.09839639446112,191.897970230899,1.0070447417365,5.21110253952536,6,6.18556701030928,4.65963948299111,5.59156737958933,4098.39639446112,150,0,178.840731428948,97
431,5,1,5,190.555555555556,4.09839639446112,191.897970230899,1.0070447417365,5.21110253952536,6,6.18556701030928,4.65963948299111,5.59156737958933,4098.39639446112,150,0,178.840731428948,97
432,5,1,5,190.555555555556,4.09839639446112,191.897970230899,1.0070447417365,5.21110253952536,6,6.18556701030928,4.65963948299111,5.59156737958933,4098.39639446112,150,0,178.840731428948,97
433,5,1,5,190.555555555556,4.09839639446112,191.897970230899,1.0070447417365,5.21110253952536,6,6.18556701030928,4.65963948299111,5.59156737958933,4098.39639446112,150,0,178.840731428948,97
434,5,1,5,190.555555555556,4.09839639446112,191.897970230899,1.0070447417365,5.21110253952536,6,6.18556701030928,4.65963948299111,5.59156737958933,4098.39639446112,150,0,178.840731428948,97
435,5,1,5,190.555555555556,4.09839639446112,191.897970230899,1.0070447417365,5.21110253952536,6,6.18556701030928,4.65963948299111,5.59156737958933,4098.39639446112,150,0,178.840731428948,97
436,5,1,5,190.555555555556,4.09839639446112,191.897970230899,1.0070447417365,5.21110253952536,6,6.18556701030928,4.65963948299111,5.59156737958933,4098.39639446112,150,0,178.840731428948,97
437,5,1,5,190.555555555556,4.09839639446112,191.897970230899,1.0070447417365,5.21110253952536,6,6.18556701030928,4.65963948299111,5.59156737958933,4098.39639446112,150,0,178.840731428948,97
438,5,1,5,190.555555555556,4.09839639446112,191.897970230899,1.0070447417365,5.21110253952536,6,6.18556701030928,4.65963948299111,5.59156737958933,4098.39639446112,150,0,178.840731428948,97
439,5,1,5,190.555555555556,4.09839639446112,191.897970230899,1.0070447417365,5.21110253952536,6,6.18556701030928,4.65963948299111,5.59156737958933,4098.39639446112,150,0,178.840731428948,97
440,5,1,5,190.555555555556,4.09839639446112,191.897970230899,1.0070447417365,5.21110253952536,6,6.18556701030928,4.65963948299111,5.59156737958933,4098.39639446112,150,0,178.840731428948,97
441,5,1,7,190.555555555556,4.09594148468118,188.969942951373,0.991679000910996,5.29184686401332,6,6.18556701030928,4.65685818202679,5.58822981843215,4095.94148468118,150,0,178.947543764505,97
442,5,1,7,190.555555555556,4.09594148468118,188.969942951373,0.991679000910996,5.29184686401332,6,6.18556701030928,4.65685818202679,5.58822981843215,4095.94148468118,150,0,178.947543764505,97
443,5,1,7,190.555555555556,4.09594148468118,188.969942951373,0.991679000910996,5.29184686401332,6,6.18556701030928,4.65685818202679,5.58822981843215,4095.94148468118,150,0,178.947543764505,97
444,5,1,7,190.555555555556,4.09594148468118,188.969942951373,0.991679000910996,5.29184686401332,6,6.18556701030928,4.65685818202679,5.58822981843215,4095.94148468118,150,0,178.947543764505,97
445,5,1,7,190.555555555556,4.09594148468118,188.969942951373,0.991679000910996,5.29184686401332,6,6.18556701030928,4.65685818202679,5.58822981843215,4095.94148468118,150,0,178.947543764505,97
446,5,1,7,190.555555555556,4.09594148468118,188.969942951373,0.991679000910996,5.29184686401332,6,6.18556701030928,4.65685818202679,5.58822981843215,4095.94148468118,150,0,178.947543764505,97
447,5,1,7,190.555555555556,4.09594148468118,188.969942951373,0.991679000910996,5.29184686401332,6,6.18556701030928,4.65685818202679,5.58822981843215,4095.94148468118,150,0,178.947543764505,97
448,5,1,7,190.555555555556,4.09594148468118,188.969942951373,0.991679000910996,5.29184686401332,6,6.18556701030928,4.65685818202679,5.58822981843215,4095.94148468118,150,0,178.947543764505,97
449,5,1,7,190.555555555556,4.09594148468118,188.969942951373,0.991679000910996,5.29184686401332,6,6.18556701030928,4.65685818202679,5.58822981843215,4095.94148468118,150,0,178.947543764505,97
450,5,1,7,190.555555555556,4.09594148468118,188.969942951373,0.991679000910996,5.29184686401332,6,6.18556701030928,4.65685818202679,5.58822981843215,4095.94148468118,150,0,178.947543764505,97
451,5,1,7,190.555555555556,4.09594148468118,188.969942951373,0.991679000910996,5.29184686401332,6,6.18556701030928,4.65685818202679,5.58822981843215,4095.94148468118,150,0,178.947543764505,97
452,5,1,7,190.555555555556,4.09594148468118,188.969942951373,0.991679000910996,5.29184686401332,6,6.18556701030928,4.65685818202679,5.58822981843215,4095.94148468118,150,0,178.947543764505,97
453,5,1,7,190.555555555556,4.09594148468118,188.969942951373,0.991679000910996,5.29184686401332,6,6.18556701030928,4.65685818202679,5.58822981843215,4095.94148468118,150,0,178.947543764505,97
454,5,1,7,190.555555555556,4.09594148468118,188.969942951373,0.991679000910996,5.29184686401332,6,6.18556701030928,4.65685818202679,5.58822981843215,4095.94148468118,150,0,178.947543764505,97
455,5,1,7,190.555555555556,4.09594148468118,188.969942951373,0.991679000910996,5.29184686401332,6,6.18556701030928,4.65685818202679,5.58822981843215,4095.94148468118,150,0,178.947543764505,97
456,5,1,7,190.555555555556,4.09594148468118,188.969942951373,0.991679000910996,5.29184686401332,6,6.18556701030928,4.65685818202679,5.58822981843215,4095.94148468118,150,0,178.947543764505,97
457,5,1,7,190.555555555556,4.09594148468118,188.969942951373,0.991679000910996,5.29184686401332,6,6.18556701030928,4.65685818202679,5.58822981843215,4095.94148468118,150,0,178.947543764505,97
458,5,1,7,190.555555555556,4.09594148468118,188.969942951373,0.991679000910996,5.29184686401332,6,6.18556701030928,4.65685818202679,5.58822981843215,4095.94148468118,150,0,178.947543764505,97
459,5,1,7,190.555555555556,4.09594148468118,188.969942951373,0.991679000910996,5.29184686401332,6,6.18556701030928,4.65685818202679,5.58822981843215,4095.94148468118,150,0,178.947543764505,97
460,5,1,7,190.555555555556,4.09594148468118,188.969942951373,0.991679000910996,5.29184686401332,6,6.18556701030928,4.65685818202679,5.58822981843215,4095.94148468118,150,0,178.947543764505,97
461,5,1,10,190.555555555556,4.09437870746116,189.042070352625,0.992057512054594,5.28982780465043,6,6.18556701030928,4.65511928360804,5.58614314032965,4094.37870746116,150,0,179.014388797239,97
462,5,1,10,190.555555555556,4.09437870746116,189.042070352625,0.992057512054594,5.28982780465043,6,6.18556701030928,4.65511928360804,5.58614314032965,4094.37870746116,150,0,179.014388797239,97
463,5,1,10,190.555555555556,4.09437870746116,189.042070352625,0.992057512054594,5.28982780465043,6,6.18556701030928,4.65511928360804,5.58614314032965,4094.37870746116,150,0,179.014388797239,97
464,5,1,10,190.555555555556,4.09437870746116,189.042070352625,0.992057512054594,5.28982780465043,6,6.18556701030928,4.65511928360804,5.58614314032965,4094.37870746116,150,0,179.014388797239,97
465,5,1,10,190.555555555556,4.09437870746116,189.042070352625,0.992057512054594,5.28982780465043,6,6.18556701030928,4.65511928360804,5.58614314032965,4094.37870746116,150,0,179.014388797239,97
466,5,1,10,190.555555555556,4.09437870746116,189.042070352625,0.992057512054594,5.28982780465043,6,6.18556701030928,4.65511928360804,5.58614314032965,4094.37870746116,150,0,179.014388797239,97
467,5,1,10,190.555555555556,4.09437870746116,189.042070352625,0.992057512054594,5.28982780465043,6,6.18556701030928,4.65511928360804,5.58614314032965,4094.37870746116,150,0,179.014388797239,97
468,5,1,10,190.555555555556,4.09437870746116,189.042070352625,0.992057512054594,5.28982780465043,6,6.18556701030928,4.65511928360804,5.58614314032965,4094.37870746116,150,0,179.014388797239,97
469,5,1,10,190.555555555556,4.09437870746116,189.042070352625,0.992057512054594,5.28982780465043,6,6.18556701030928,4.65511928360804,5.58614314032965,4094.37870746116,150,0,179.014388797239,97
470,5,1,10,190.555555555556,4.09437870746116,189.042070352625,0.992057512054594,5.28982780465043,6,6.18556701030928,4.65511928360804,5.58614314032965,4094.37870746116,150,0,179.014388797239,97
471,5,1,10,190.555555555556,4.09437870746116,189.042070352625,0.992057512054594,5.28982780465043,6,6.18556701030928,4.65511928360804,5.58614314032965,4094.37870746116,150,0,179.014388797239,97
472,5,1,10,190.555555555556,4.09437870746116,189.042070352625,0.992057512054594,5.28982780465043,6,6.18556701030928,4.65511928360804,5.58614314032965,4094.37870746116,150,0,179.014388797239,97
473,5,1,10,190.555555555556,4.09437870746116,189.042070352625,0.992057512054594,5.28982780465043,6,6.18556701030928,4.65511928360804,5.58614314032965,4094.37870746116,150,0,179.014388797239,97
474,5,1,10,190.555555555556,4.09437870746116,189.042070352625,0.992057512054594,5.28982780465043,6,6.18556701030928,4.65511928360804,5.58614314032965,4094.37870746116,150,0,179.014388797239,97
475,5,1,10,190.555555555556,4.09437870746116,189.042070352625,0.992057512054594,5.28982780465043,6,6.18556701030928,4.65511928360804,5.58614314032965,4094.37870746116,150,0,179.014388797239,97
476,5,1,10,190.555555555556,4.09437870746116,189.042070352625,0.992057512054594,5.28982780465043,6,6.18556701030928,4.65511928360804,5.58614314032965,4094.37870746116,150,0,179.014388797239,97
477,5,1,10,190.555555555556,4.09437870746116,189.042070352625,0.992057512054594,5.28982780465043,6,6.18556701030928,4.65511928360804,5.58614314032965,4094.37870746116,150,0,179.014388797239,97
478,5,1,10,190.555555555556,4.09437870746116,189.042070352625,0.992057512054594,5.28982780465043,6,6.18556701030928,4.65511928360804,5.58614314032965,4094.37870746116,150,0,179.014388797239,97
479,5,1,10,190.555555555556,4.09437870746116,189.042070352625,0.992057512054594,5.28982780465043,6,6.18556701030928,4.65511928360804,5.58614314032965,4094.37870746116,150,0,179.014388797239,97
480,5,1,10,190.555555555556,4.09437870746116,189.042070352625,0.992057512054594,5.28982780465043,6,6.18556701030928,4.65511928360804,5.58614314032965,4094.37870746116,150,0,179.014388797239,97
481,5,2,3,190.555555555556,2.00120915497283,190.690846061956,1.00070997933388,5.24409021540079,13,27.0833333333333,4.74775495906075,5.6973059508729,1000.60457748642,75,0,175.521555033706,48
482,5,2,3,190.555555555556,2.00120915497283,190.690846061956,1.00070997933388,5.24409021540079,13,27.0833333333333,4.74775495906075,5.6973059508729,1000.60457748642,75,0,175.521555033706,48
483,5,2,3,190.555555555556,2.00120915497283,190.690846061956,1.00070997933388,5.24409021540079,13,27.0833333333333,4.74775495906075,5.6973059508729,1000.60457748642,75,0,175.521555033706,48
484,5,2,3,190.555555555556,2.00120915497283,190.690846061956,1.00070997933388,5.24409021540079,13,27.0833333333333,4.74775495906075,5.6973059508729,1000.60457748642,75,0,175.521555033706,48
485,5,2,3,190.555555555556,2.00120915497283,190.690846061956,1.00070997933388,5.24409021540079,13,27.0833333333333,4.74775495906075,5.6973059508729,1000.60457748642,75,0,175.521555033706,48
486,5,2,3,190.555555555556,2.00120915497283,190.690846061956,1.00070997933388,5.24409021540079,13,27.0833333333333,4.74775495906075,5.6973059508729,1000.60457748642,75,0,175.521555033706,48
487,5,2,3,190.555555555556,2.00120915497283,190.690846061956,1.00070997933388,5.24409021540079,13,27.0833333333333,4.74775495906075,5.6973059508729,1000.60457748642,75,0,175.521555033706,48
488,5,2,3,190.555555555556,2.00120915497283,190.690846061956,1.00070997933388,5.24409021540079,13,27.0833333333333,4.74775495906075,5.6973059508729,1000.60457748642,75,0,175.521555033706,48
489,5,2,3,190.555555555556,2.00120915497283,190.690846061956,1.00070997933388,5.24409021540079,13,27.0833333333333,4.74775495906075,5.6973059508729,1000.60457748642,75,0,175.521555033706,48
490,5,2,3,190.555555555556,2.00120915497283,190.690846061956,1.00070997933388,5.24409021540079,13,27.0833333333333,4.74775495906075,5.6973059508729,1000.60457748642,75,0,175.521555033706,48
491,5,2,3,190.555555555556,2.00120915497283,190.690846061956,1.00070997933388,5.24409021540079,13,27.0833333333333,4.74775495906075,5.6973059508729,1000.60457748642,75,0,175.521555033706,48
492,5,2,3,190.555555555556,2.00120915497283,190.690846061956,1.00070997933388,5.24409021540079,13,27.0833333333333,4.74775495906075,5.6973059508729,1000.60457748642,75,0,175.521555033706,48
493,5,2,3,190.555555555556,2.00120915497283,190.690846061956,1.00070997933388,5.24409021540079,13,27.0833333333333,4.74775495906075,5.6973059508729,1000.60457748642,75,0,175.521555033706,48
494,5,2,3,190.555555555556,2.00120915497283,190.690846061956,1.00070997933388,5.24409021540079,13,27.0833333333333,4.74775495906075,5.6973059508729,1000.60457748642,75,0,175.521555033706,48
495,5,2,3,190.555555555556,2.00120915497283,190.690846061956,1.00070997933388,5.24409021540079,13,27.0833333333333,4.74775495906075,5.6973059508729,1000.60457748642,75,0,175.521555033706,48
496,5,2,3,190.555555555556,2.00120915497283,190.690846061956,1.00070997933388,5.24409021540079,13,27.0833333333333,4.74775495906075,5.6973059508729,1000.60457748642,75,0,175.521555033706,48
497,5,2,3,190.555555555556,2.00120915497283,190.690846061956,1.00070997933388,5.24409021540079,13,27.0833333333333,4.74775495906075,5.6973059508729,1000.60457748642,75,0,175.521555033706,48
498,5,2,3,190.555555555556,2.00120915497283,190.690846061956,1.00070997933388,5.24409021540079,13,27.0833333333333,4.74775495906075,5.6973059508729,1000.60457748642,75,0,175.521555033706,48
499,5,2,3,190.555555555556,2.00120915497283,190.690846061956,1.00070997933388,5.24409021540079,13,27.0833333333333,4.74775495906075,5.6973059508729,1000.60457748642,75,0,175.521555033706,48
500,5,2,3,190.555555555556,2.00120915497283,190.690846061956,1.00070997933388,5.24409021540079,13,27.0833333333333,4.74775495906075,5.6973059508729,1000.60457748642,75,0,175.521555033706,48
501,5,2,5,190.555555555556,1.99181869598709,191.589139764957,1.00542405707558,5.21950253144206,13,27.0833333333333,4.72597039666238,5.67116447599486,995.909347993543,75,0,176.330629138485,48
502,5,2,5,190.555555555556,1.99181869598709,191.589139764957,1.00542405707558,5.21950253144206,13,27.0833333333333,4.72597039666238,5.67116447599486,995.909347993543,75,0,176.330629138485,48
503,5,2,5,190.555555555556,1.99181869598709,191.589139764957,1.00542405707558,5.21950253144206,13,27.0833333333333,4.72597039666238,5.67116447599486,995.909347993543,75,0,176.330629138485,48
504,5,2,5,190.555555555556,1.99181869598709,191.589139764957,1.00542405707558,5.21950253144206,13,27.0833333333333,4.72597039666238,5.67116447599486,995.909347993543,75,0,176.330629138485,48
505,5,2,5,190.555555555556,1.99181869598709,191.589139764957,1.00542405707558,5.21950253144206,13,27.0833333333333,4.72597039666238,5.67116447599486,995.909347993543,75,0,176.330629138485,48
506,5,2,5,190.555555555556,1.99181869598709,191.589139764957,1.00542405707558,5.21950253144206,13,27.0833333333333,4.72597039666238,5.67116447599486,995.909347993543,75,0,176.330629138485,48
507,5,2,5,190.555555555556,1.99181869598709,191.589139764957,1.00542405707558,5.21950253144206,13,27.0833333333333,4.72597039666238,5.67116447599486,995.909347993543,75,0,176.330629138485,48
508,5,2,5,190.555555555556,1.99181869598709,191.589139764957,1.00542405707558,5.21950253144206,13,27.0833333333333,4.72597039666238,5.67116447599486,995.909347993543,75,0,176.330629138485,48
509,5,2,5,190.555555555556,1.99181869598709,191.589139764957,1.00542405707558,5.21950253144206,13,27.0833333333333,4.72597039666238,5.67116447599486,995.909347993543,75,0,176.330629138485,48
510,5,2,5,190.555555555556,1.99181869598709,191.589139764957,1.00542405707558,5.21950253144206,13,27.0833333333333,4.72597039666238,5.67116447599486,995.909347993543,75,0,176.330629138485,48
511,5,2,5,190.555555555556,1.99181869598709,191.589139764957,1.00542405707558,5.21950253144206,13,27.0833333333333,4.72597039666238,5.67116447599486,995.909347993543,75,0,176.330629138485,48
512,5,2,5,190.555555555556,1.99181869598709,191.589139764957,1.00542405707558,5.21950253144206,13,27.0833333333333,4.72597039666238,5.67116447599486,995.909347993543,75,0,176.330629138485,48
513,5,2,5,190.555555555556,1.99181869598709,191.589139764957,1.00542405707558,5.21950253144206,13,27.0833333333333,4.72597039666238,5.67116447599486,995.909347993543,75,0,176.330629138485,48
514,5,2,5,190.555555555556,1.99181869598709,191.589139764957,1.00542405707558,5.21950253144206,13,27.0833333333333,4.72597039666238,5.67116447599486,995.909347993543,75,0,176.330629138485,48
515,5,2,5,190.555555555556,1.99181869598709,191.589139764957,1.00542405707558,5.21950253144206,13,27.0833333333333,4.72597039666238,5.67116447599486,995.909347993543,75,0,176.330629138485,48
516,5,2,5,190.555555555556,1.99181869598709,191.589139764957,1.00542405707558,5.21950253144206,13,27.0833333333333,4.72597039666238,5.67116447599486,995.909347993543,75,0,176.330629138485,48
517,5,2,5,190.555555555556,1.99181869598709,191.589139764957,1.00542405707558,5.21950253144206,13,27.0833333333333,4.72597039666238,5.67116447599486,995.909347993543,75,0,176.330629138485,48
518,5,2,5,190.555555555556,1.99181869598709,191.589139764957,1.00542405707558,5.21950253144206,13,27.0833333333333,4.72597039666238,5.67116447599486,995.909347993543,75,0,176.330629138485,48
519,5,2,5,190.555555555556,1.99181869598709,191.589139764957,1.00542405707558,5.21950253144206,13,27.0833333333333,4.72597039666238,5.67116447599486,995.909347993543,75,0,176.330629138485,48
520,5,2,5,190.555555555556,1.99181869598709,191.589139764957,1.00542405707558,5.21950253144206,13,27.0833333333333,4.72597039666238,5.67116447599486,995.909347993543,75,0,176.330629138485,48
521,5,2,7,190.555555555556,1.989891380014,191.774704069144,1.00639786391971,5.214452056406,13,27.0833333333333,4.72149930097773,5.66579916117327,994.945690006998,75,0,176.497608113755,48
522,5,2,7,190.555555555556,1.989891380014,191.774704069144,1.00639786391971,5.214452056406,13,27.0833333333333,4.72149930097773,5.66579916117327,994.945690006998,75,0,176.497608113755,48
523,5,2,7,190.555555555556,1.989891380014,191.774704069144,1.00639786391971,5.214452056406,13,27.0833333333333,4.72149930097773,5.66579916117327,994.945690006998,75,0,176.497608113755,48
524,5,2,7,190.555555555556,1.989891380014,191.774704069144,1.00639786391971,5.214452056406,13,27.0833333333333,4.72149930097773,5.66579916117327,994.945690006998,75,0,176.497608113755,48
525,5,2,7,190.555555555556,1.989891380014,191.774704069144,1.00639786391971,5.214452056406,13,27.0833333333333,4.72149930097773,5.66579916117327,994.945690006998,75,0,176.497608113755,48
526,5,2,7,190.555555555556,1.989891380014,191.774704069144,1.00639786391971,5.214452056406,13,27.0833333333333,4.72149930097773,5.66579916117327,994.945690006998,75,0,176.497608113755,48
527,5,2,7,190.555555555556,1.989891380014,191.774704069144,1.00639786391971,5.214452056406,13,27.0833333333333,4.72149930097773,5.66579916117327,994.945690006998,75,0,176.497608113755,48
528,5,2,7,190.555555555556,1.989891380014,191.774704069144,1.00639786391971,5.214452056406,13,27.0833333333333,4.72149930097773,5.66579916117327,994.945690006998,75,0,176.497608113755,48
529,5,2,7,190.555555555556,1.989891380014,191.774704069144,1.00639786391971,5.214452056406,13,27.0833333333333,4.72149930097773,5.66579916117327,994.945690006998,75,0,176.497608113755,48
530,5,2,7,190.555555555556,1.989891380014,191.774704069144,1.00639786391971,5.214452056406,13,27.0833333333333,4.72149930097773,5.66579916117327,994.945690006998,75,0,176.497608113755,48
531,5,2,7,190.555555555556,1.989891380014,191.774704069144,1.00639786391971,5.214452056406,13,27.0833333333333,4.72149930097773,5.66579916117327,994.945690006998,75,0,176.497608113755,48
532,5,2,7,190.555555555556,1.989891380014,191.774704069144,1.00639786391971,5.214452056406,13,27.0833333333333,4.72149930097773,5.66579916117327,994.945690006998,75,0,176.497608113755,48
533,5,2,7,190.555555555556,1.989891380014,191.774704069144,1.00639786391971,5.214452056406,13,27.0833333333333,4.72149930097773,5.66579916117327,994.945690006998,75,0,176.497608113755,48
534,5,2,7,190.555555555556,1.989891380014,191.774704069144,1.00639786391971,5.214452056406,13,27.0833333333333,4.72149930097773,5.66579916117327,994.945690006998,75,0,176.497608113755,48
535,5,2,7,190.555555555556,1.989891380014,191.774704069144,1.00639786391971,5.214452056406,13,27.0833333333333,4.72149930097773,5.66579916117327,994.945690006998,75,0,176.497608113755,48
536,5,2,7,190.555555555556,1.989891380014,191.774704069144,1.00639786391971,5.214452056406,13,27.0833333333333,4.72149930097773,5.66579916117327,994.945690006998,75,0,176.497608113755,48
537,5,2,7,190.555555555556,1.989891380014,191.774704069144,1.00639786391971,5.214452056406,13,27.0833333333333,4.72149930097773,5.66579916117327,994.945690006998,75,0,176.497608113755,48
538,5,2,7,190.555555555556,1.989891380014,191.774704069144,1.00639786391971,5.214452056406,13,27.0833333333333,4.72149930097773,5.66579916117327,994.945690006998,75,0,176.497608113755,48
539,5,2,7,190.555555555556,1.989891380014,191.774704069144,1.00639786391971,5.214452056406,13,27.0833333333333,4.72149930097773,5.66579916117327,994.945690006998,75,0,176.497608113755,48
540,5,2,7,190.555555555556,1.989891380014,191.774704069144,1.00639786391971,5.214452056406,13,27.0833333333333,4.72149930097773,5.66579916117327,994.945690006998,75,0,176.497608113755,48
541,5,2,10,190.555555555556,1.98831214297745,191.927023068153,1.00719720560547,5.21031371202428,13,27.0833333333333,4.71783569833151,5.66140283799781,994.156071488726,75,0,176.634666109302,48
542,5,2,10,190.555555555556,1.98831214297745,191.927023068153,1.00719720560547,5.21031371202428,13,27.0833333333333,4.71783569833151,5.66140283799781,994.156071488726,75,0,176.634666109302,48
543,5,2,10,190.555555555556,1.98831214297745,191.927023068153,1.00719720560547,5.21031371202428,13,27.0833333333333,4.71783569833151,5.66140283799781,994.156071488726,75,0,176.634666109302,48
544,5,2,10,190.555555555556,1.98831214297745,191.927023068153,1.00719720560547,5.21031371202428,13,27.0833333333333,4.71783569833151,5.66140283799781,994.156071488726,75,0,176.634666109302,48
545,5,2,10,190.555555555556,1.98831214297745,191.927023068153,1.00719720560547,5.21031371202428,13,27.0833333333333,4.71783569833151,5.66140283799781,994.156071488726,75,0,176.634666109302,48
546,5,2,10,190.555555555556,1.98831214297745,191.927023068153,1.00719720560547,5.21031371202428,13,27.0833333333333,4.71783569833151,5.66140283799781,994.156071488726,75,0,176.634666109302,48
547,5,2,10,190.555555555556,1.98831214297745,191.927023068153,1.00719720560547,5.21031371202428,13,27.0833333333333,4.71783569833151,5.66140283799781,994.156071488726,75,0,176.634666109302,48
548,5,2,10,190.555555555556,1.98831214297745,191.927023068153,1.00719720560547,5.21031371202428,13,27.0833333333333,4.71783569833151,5.66140283799781,994.156071488726,75,0,176.634666109302,48
549,5,2,10,190.555555555556,1.98831214297745,191.927023068153,1.00719720560547,5.21031371202428,13,27.0833333333333,4.71783569833151,5.66140283799781,994.156071488726,75,0,176.634666109302,48
550,5,2,10,190.555555555556,1.98831214297745,191.927023068153,1.00719720560547,5.21031371202428,13,27.0833333333333,4.71783569833151,5.66140283799781,994.156071488726,75,0,176.634666109302,48
551,5,2,10,190.555555555556,1.98831214297745,191.927023068153,1.00719720560547,5.21031371202428,13,27.0833333333333,4.71783569833151,5.66140283799781,994.156071488726,75,0,176.634666109302,48
552,5,2,10,190.555555555556,1.98831214297745,191.927023068153,1.00719720560547,5.21031371202428,13,27.0833333333333,4.71783569833151,5.66140283799781,994.156071488726,75,0,176.634666109302,48
553,5,2,10,190.555555555556,1.98831214297745,191.927023068153,1.00719720560547,5.21031371202428,13,27.0833333333333,4.71783569833151,5.66140283799781,994.156071488726,75,0,176.634666109302,48
554,5,2,10,190.555555555556,1.98831214297745,191.927023068153,1.00719720560547,5.21031371202428,13,27.0833333333333,4.71783569833151,5.66140283799781,994.156071488726,75,0,176.634666109302,48
555,5,2,10,190.555555555556,1.98831214297745,191.927023068153,1.00719720560547,5.21031371202428,13,27.0833333333333,4.71783569833151,5.66140283799781,994.156071488726,75,0,176.634666109302,48
556,5,2,10,190.555555555556,1.98831214297745,191.927023068153,1.00719720560547,5.21031371202428,13,27.0833333333333,4.71783569833151,5.66140283799781,994.156071488726,75,0,176.634666109302,48
557,5,2,10,190.555555555556,1.98831214297745,191.927023068153,1.00719720560547,5.21031371202428,13,27.0833333333333,4.71783569833151,5.66140283799781,994.156071488726,75,0,176.634666109302,48
558,5,2,10,190.555555555556,1.98831214297745,191.927023068153,1.00719720560547,5.21031371202428,13,27.0833333333333,4.71783569833151,5.66140283799781,994.156071488726,75,0,176.634666109302,48
559,5,2,10,190.555555555556,1.98831214297745,191.927023068153,1.00719720560547,5.21031371202428,13,27.0833333333333,4.71783569833151,5.66140283799781,994.156071488726,75,0,176.634666109302,48
560,5,2,10,190.555555555556,1.98831214297745,191.927023068153,1.00719720560547,5.21031371202428,13,27.0833333333333,4.71783569833151,5.66140283799781,994.156071488726,75,0,176.634666109302,48
561,5,3,3,190.555555555556,1.3819725581374,181.45088192009,0.952220371592309,5.51113331287303,12,37.5,4.64330267042717,5.57196320451261,460.657519379133,50,0,179.469957588758,32
562,5,3,3,190.555555555556,1.3819725581374,181.45088192009,0.952220371592309,5.51113331287303,12,37.5,4.64330267042717,5.57196320451261,460.657519379133,50,0,179.469957588758,32
563,5,3,3,190.555555555556,1.3819725581374,181.45088192009,0.952220371592309,5.51113331287303,12,37.5,4.64330267042717,5.57196320451261,460.657519379133,50,0,179.469957588758,32
564,5,3,3,190.555555555556,1.3819725581374,181.45088192009,0.952220371592309,5.51113331287303,12,37.5,4.64330267042717,5.57196320451261,460.657519379133,50,0,179.469957588758,32
565,5,3,3,190.555555555556,1.3819725581374,181.45088192009,0.952220371592309,5.51113331287303,12,37.5,4.64330267042717,5.57196320451261,460.657519379133,50,0,179.469957588758,32
566,5,3,3,190.555555555556,1.3819725581374,181.45088192009,0.952220371592309,5.51113331287303,12,37.5,4.64330267042717,5.57196320451261,460.657519379133,50,0,179.469957588758,32
567,5,3,3,190.555555555556,1.3819725581374,181.45088192009,0.952220371592309,5.51113331287303,12,37.5,4.64330267042717,5.57196320451261,460.657519379133,50,0,179.469957588758,32
568,5,3,3,190.555555555556,1.3819725581374,181.45088192009,0.952220371592309,5.51113331287303,12,37.5,4.64330267042717,5.57196320451261,460.657519379133,50,0,179.469957588758,32
569,5,3,3,190.555555555556,1.3819725581374,181.45088192009,0.952220371592309,5.51113331287303,12,37.5,4.64330267042717,5.57196320451261,460.657519379133,50,0,179.469957588758,32
570,5,3,3,190.555555555556,1.3819725581374,181.45088192009,0.952220371592309,5.51113331287303,12,37.5,4.64330267042717,5.57196320451261,460.657519379133,50,0,179.469957588758,32
571,5,3,3,190.555555555556,1.3819725581374,181.45088192009,0.952220371592309,5.51113331287303,12,37.5,4.64330267042717,5.57196320451261,460.657519379133,50,0,179.469957588758,32
572,5,3,3,190.555555555556,1.3819725581374,181.45088192009,0.952220371592309,5.51113331287303,12,37.5,4.64330267042717,5.57196320451261,460.657519379133,50,0,179.469957588758,32
573,5,3,3,190.555555555556,1.3819725581374,181.45088192009,0.952220371592309,5.51113331287303,12,37.5,4.64330267042717,5.57196320451261,460.657519379133,50,0,179.469957588758,32
574,5,3,3,190.555555555556,1.3819725581374,181.45088192009,0.952220371592309,5.51113331287303,12,37.5,4.64330267042717,5.57196320451261,460.657519379133,50,0,179.469957588758,32
575,5,3,3,190.555555555556,1.3819725581374,181.45088192009,0.952220371592309,5.51113331287303,12,37.5,4.64330267042717,5.57196320451261,460.657519379133,50,0,179.469957588758,32
576,5,3,3,190.555555555556,1.3819725581374,181.45088192009,0.952220371592309,5.51113331287303,12,37.5,4.64330267042717,5.57196320451261,460.657519379133,50,0,179.469957588758,32
577,5,3,3,190.555555555556,1.3819725581374,181.45088192009,0.952220371592309,5.51113331287303,12,37.5,4.64330267042717,5.57196320451261,460.657519379133,50,0,179.469957588758,32
578,5,3,3,190.555555555556,1.3819725581374,181.45088192009,0.952220371592309,5.51113331287303,12,37.5,4.64330267042717,5.57196320451261,460.657519379133,50,0,179.469957588758,32
579,5,3,3,190.555555555556,1.3819725581374,181.45088192009,0.952220371592309,5.51113331287303,12,37.5,4.64330267042717,5.57196320451261,460.657519379133,50,0,179.469957588758,32
580,5,3,3,190.555555555556,1.3819725581374,181.45088192009,0.952220371592309,5.51113331287303,12,37.5,4.64330267042717,5.57196320451261,460.657519379133,50,0,179.469957588758,32
581,5,3,5,190.555555555556,1.37458648265793,182.425873093484,0.957336943347732,5.48167857465891,12,37.5,4.61905517556858,5.5428662106823,458.195494219311,50,0,180.412075989275,32
582,5,3,5,190.555555555556,1.37458648265793,182.425873093484,0.957336943347732,5.48167857465891,12,37.5,4.61905517556858,5.5428662106823,458.195494219311,50,0,180.412075989275,32
583,5,3,5,190.555555555556,1.37458648265793,182.425873093484,0.957336943347732,5.48167857465891,12,37.5,4.61905517556858,5.5428662106823,458.195494219311,50,0,180.412075989275,32
584,5,3,5,190.555555555556,1.37458648265793,182.425873093484,0.957336943347732,5.48167857465891,12,37.5,4.61905517556858,5.5428662106823,458.195494219311,50,0,180.412075989275,32
585,5,3,5,190.555555555556,1.37458648265793,182.425873093484,0.957336943347732,5.48167857465891,12,37.5,4.61905517556858,5.5428662106823,458.195494219311,50,0,180.412075989275,32
586,5,3,5,190.555555555556,1.37458648265793,182.425873093484,0.957336943347732,5.48167857465891,12,37.5,4.61905517556858,5.5428662106823,458.195494219311,50,0,180.412075989275,32
587,5,3,5,190.555555555556,1.37458648265793,182.425873093484,0.957336943347732,5.48167857465891,12,37.5,4.61905517556858,5.5428662106823,458.195494219311,50,0,180.412075989275,32
588,5,3,5,190.555555555556,1.37458648265793,182.425873093484,0.957336943347732,5.48167857465891,12,37.5,4.61905517556858,5.5428662106823,458.195494219311,50,0,180.412075989275,32
589,5,3,5,190.555555555556,1.37458648265793,182.425873093484,0.957336943347732,5.48167857465891,12,37.5,4.61905517556858,5.5428662106823,458.195494219311,50,0,180.412075989275,32
590,5,3,5,190.555555555556,1.37458648265793,182.425873093484,0.957336943347732,5.48167857465891,12,37.5,4.61905517556858,5.5428662106823,458.195494219311,50,0,180.412075989275,32
591,5,3,5,190.555555555556,1.37458648265793,182.425873093484,0.957336943347732,5.48167857465891,12,37.5,4.61905517556858,5.5428662106823,458.195494219311,50,0,180.412075989275,32
592,5,3,5,190.555555555556,1.37458648265793,182.425873093484,0.957336943347732,5.48167857465891,12,37.5,4.61905517556858,5.5428662106823,458.195494219311,50,0,180.412075989275,32
593,5,3,5,190.555555555556,1.37458648265793,182.425873093484,0.957336943347732,5.48167857465891,12,37.5,4.61905517556858,5.5428662106823,458.195494219311,50,0,180.412075989275,32
594,5,3,5,190.555555555556,1.37458648265793,182.425873093484,0.957336943347732,5.48167857465891,12,37.5,4.61905517556858,5.5428662106823,458.195494219311,50,0,180.412075989275,32
595,5,3,5,190.555555555556,1.37458648265793,182.425873093484,0.957336943347732,5.48167857465891,12,37.5,4.61905517556858,5.5428662106823,458.195494219311,50,0,180.412075989275,32
596,5,3,5,190.555555555556,1.37458648265793,182.425873093484,0.957336943347732,5.48167857465891,12,37.5,4.61905517556858,5.5428662106823,458.195494219311,50,0,180.412075989275,32
597,5,3,5,190.555555555556,1.37458648265793,182.425873093484,0.957336943347732,5.48167857465891,12,37.5,4.61905517556858,5.5428662106823,458.195494219311,50,0,180.412075989275,32
598,5,3,5,190.555555555556,1.37458648265793,182.425873093484,0.957336943347732,5.48167857465891,12,37.5,4.61905517556858,5.5428662106823,458.195494219311,50,0,180.412075989275,32
599,5,3,5,190.555555555556,1.37458648265793,182.425873093484,0.957336943347732,5.48167857465891,12,37.5,4.61905517556858,5.5428662106823,458.195494219311,50,0,180.412075989275,32
600,5,3,5,190.555555555556,1.37458648265793,182.425873093484,0.957336943347732,5.48167857465891,12,37.5,4.61905517556858,5.5428662106823,458.195494219311,50,0,180.412075989275,32
601,5,3,7,190.555555555556,1.37270210460472,182.676298375446,0.958651128500883,5.47416391120838,12,37.5,4.61286536101926,5.53543843322311,457.567368201573,50,0,180.654163543416,32
602,5,3,7,190.555555555556,1.37270210460472,182.676298375446,0.958651128500883,5.47416391120838,12,37.5,4.61286536101926,5.53543843322311,457.567368201573,50,0,180.654163543416,32
603,5,3,7,190.555555555556,1.37270210460472,182.676298375446,0.958651128500883,5.47416391120838,12,37.5,4.61286536101926,5.53543843322311,457.567368201573,50,0,180.654163543416,32
604,5,3,7,190.555555555556,1.37270210460472,182.676298375446,0.958651128500883,5.47416391120838,12,37.5,4.61286536101926,5.53543843322311,457.567368201573,50,0,180.654163543416,32
605,5,3,7,190.555555555556,1.37270210460472,182.676298375446,0.958651128500883,5.47416391120838,12,37.5,4.61286536101926,5.53543843322311,457.567368201573,50,0,180.654163543416,32
606,5,3,7,190.555555555556,1.37270210460472,182.676298375446,0.958651128500883,5.47416391120838,12,37.5,4.61286536101926,5.53543843322311,457.567368201573,50,0,180.654163543416,32
607,5,3,7,190.555555555556,1.37270210460472,182.676298375446,0.958651128500883,5.47416391120838,12,37.5,4.61286536101926,5.53543843322311,457.567368201573,50,0,180.654163543416,32
608,5,3,7,190.555555555556,1.37270210460472,182.676298375446,0.958651128500883,5.47416391120838,12,37.5,4.61286536101926,5.53543843322311,457.567368201573,50,0,180.654163543416,32
609,5,3,7,190.555555555556,1.37270210460472,182.676298375446,0.958651128500883,5.47416391120838,12,37.5,4.61286536101926,5.53543843322311,457.567368201573,50,0,180.654163543416,32
610,5,3,7,190.555555555556,1.37270210460472,182.676298375446,0.958651128500883,5.47416391120838,12,37.5,4.61286536101926,5.53543843322311,457.567368201573,50,0,180.654163543416,32
611,5,3,7,190.555555555556,1.37270210460472,182.676298375446,0.958651128500883,5.47416391120838,12,37.5,4.61286536101926,5.53543843322311,457.567368201573,50,0,180.654163543416,32
612,5,3,7,190.555555555556,1.37270210460472,182.676298375446,0.958651128500883,5.47416391120838,12,37.5,4.61286536101926,5.53543843322311,457.567368201573,50,0,180.654163543416,32
613,5,3,7,190.555555555556,1.37270210460472,182.676298375446,0.958651128500883,5.47416391120838,12,37.5,4.61286536101926,5.53543843322311,457.567368201573,50,0,180.654163543416,32
614,5,3,7,190.555555555556,1.37270210460472,182.676298375446,0.958651128500883,5.47416391120838,12,37.5,4.61286536101926,5.53543843322311,457.567368201573,50,0,180.654163543416,32
615,5,3,7,190.555555555556,1.37270210460472,182.676298375446,0.958651128500883,5.47416391120838,12,37.5,4.61286536101926,5.53543843322311,457.567368201573,50,0,180.654163543416,32
616,5,3,7,190.555555555556,1.37270210460472,182.676298375446,0.958651128500883,5.47416391120838,12,37.5,4.61286536101926,5.53543843322311,457.567368201573,50,0,180.654163543416,32
617,5,3,7,190.555555555556,1.37270210460472,182.676298375446,0.958651128500883,5.47416391120838,12,37.5,4.61286536101926,5.53543843322311,457.567368201573,50,0,180.654163543416,32
618,5,3,7,190.555555555556,1.37270210460472,182.676298375446,0.958651128500883,5.47416391120838,12,37.5,4.61286536101926,5.53543843322311,457.567368201573,50,0,180.654163543416,32
619,5,3,7,190.555555555556,1.37270210460472,182.676298375446,0.958651128500883,5.47416391120838,12,37.5,4.61286536101926,5.53543843322311,457.567368201573,50,0,180.654163543416,32
620,5,3,7,190.555555555556,1.37270210460472,182.676298375446,0.958651128500883,5.47416391120838,12,37.5,4.61286536101926,5.53543843322311,457.567368201573,50,0,180.654163543416,32
621,5,3,10,190.555555555556,1.37100011799948,182.903076337642,0.959841216932229,5.46737660198775,12,37.5,4.6072746668197,5.52872960018364,457.000039333161,50,0,180.873378210934,32
622,5,3,10,190.555555555556,1.37100011799948,182.903076337642,0.959841216932229,5.46737660198775,12,37.5,4.6072746668197,5.52872960018364,457.000039333161,50,0,180.873378210934,32
623,5,3,10,190.555555555556,1.37100011799948,182.903076337642,0.959841216932229,5.46737660198775,12,37.5,4.6072746668197,5.52872960018364,457.000039333161,50,0,180.873378210934,32
624,5,3,10,190.555555555556,1.37100011799948,182.903076337642,0.959841216932229,5.46737660198775,12,37.5,4.6072746668197,5.52872960018364,457.000039333161,50,0,180.873378210934,32
625,5,3,10,190.555555555556,1.37100011799948,182.903076337642,0.959841216932229,5.46737660198775,12,37.5,4.6072746668197,5.52872960018364,457.000039333161,50,0,180.873378210934,32
626,5,3,10,190.555555555556,1.37100011799948,182.903076337642,0.959841216932229,5.46737660198775,12,37.5,4.6072746668197,5.52872960018364,457.000039333161,50,0,180.873378210934,32
627,5,3,10,190.555555555556,1.37100011799948,182.903076337642,0.959841216932229,5.46737660198775,12,37.5,4.6072746668197,5.52872960018364,457.000039333161,50,0,180.873378210934,32
628,5,3,10,190.555555555556,1.37100011799948,182.903076337642,0.959841216932229,5.46737660198775,12,37.5,4.6072746668197,5.52872960018364,457.000039333161,50,0,180.873378210934,32
629,5,3,10,190.555555555556,1.37100011799948,182.903076337642,0.959841216932229,5.46737660198775,12,37.5,4.6072746668197,5.52872960018364,457.000039333161,50,0,180.873378210934,32
630,5,3,10,190.555555555556,1.37100011799948,182.903076337642,0.959841216932229,5.46737660198775,12,37.5,4.6072746668197,5.52872960018364,457.000039333161,50,0,180.873378210934,32
631,5,3,10,190.555555555556,1.37100011799948,182.903076337642,0.959841216932229,5.46737660198775,12,37.5,4.6072746668197,5.52872960018364,457.000039333161,50,0,180.873378210934,32
632,5,3,10,190.555555555556,1.37100011799948,182.903076337642,0.959841216932229,5.46737660198775,12,37.5,4.6072746668197,5.52872960018364,457.000039333161,50,0,180.873378210934,32
633,5,3,10,190.555555555556,1.37100011799948,182.903076337642,0.959841216932229,5.46737660198775,12,37.5,4.6072746668197,5.52872960018364,457.000039333161,50,0,180.873378210934,32
634,5,3,10,190.555555555556,1.37100011799948,182.903076337642,0.959841216932229,5.46737660198775,12,37.5,4.6072746668197,5.52872960018364,457.000039333161,50,0,180.873378210934,32
635,5,3,10,190.555555555556,1.37100011799948,182.903076337642,0.959841216932229,5.46737660198775,12,37.5,4.6072746668197,5.52872960018364,457.000039333161,50,0,180.873378210934,32
636,5,3,10,190.555555555556,1.37100011799948,182.903076337642,0.959841216932229,5.46737660198775,12,37.5,4.6072746668197,5.52872960018364,457.000039333161,50,0,180.873378210934,32
637,5,3,10,190.555555555556,1.37100011799948,182.903076337642,0.959841216932229,5.46737660198775,12,37.5,4.6072746668197,5.52872960018364,457.000039333161,50,0,180.873378210934,32
638,5,3,10,190.555555555556,1.37100011799948,182.903076337642,0.959841216932229,5.46737660198775,12,37.5,4.6072746668197,5.52872960018364,457.000039333161,50,0,180.873378210934,32
639,5,3,10,190.555555555556,1.37100011799948,182.903076337642,0.959841216932229,5.46737660198775,12,37.5,4.6072746668197,5.52872960018364,457.000039333161,50,0,180.873378210934,32
640,5,3,10,190.555555555556,1.37100011799948,182.903076337642,0.959841216932229,5.46737660198775,12,37.5,4.6072746668197,5.52872960018364,457.000039333161,50,0,180.873378210934,32
641,5,4,3,190.555555555556,1.01684175669559,182.225049756566,0.956283059946994,5.48771972533906,11,47.8260869565217,5.26160053485366,6.31392064182439,254.210439173896,37.5,0,158.380197776932,23
642,5,4,3,190.555555555556,1.01684175669559,182.225049756566,0.956283059946994,5.48771972533906,11,47.8260869565217,5.26160053485366,6.31392064182439,254.210439173896,37.5,0,158.380197776932,23
643,5,4,3,190.555555555556,1.01684175669559,182.225049756566,0.956283059946994,5.48771972533906,11,47.8260869565217,5.26160053485366,6.31392064182439,254.210439173896,37.5,0,158.380197776932,23
644,5,4,3,190.555555555556,1.01684175669559,182.225049756566,0.956283059946994,5.48771972533906,11,47.8260869565217,5.26160053485366,6.31392064182439,254.210439173896,37.5,0,158.380197776932,23
645,5,4,3,190.555555555556,1.01684175669559,182.225049756566,0.956283059946994,5.48771972533906,11,47.8260869565217,5.26160053485366,6.31392064182439,254.210439173896,37.5,0,158.380197776932,23
646,5,4,3,190.555555555556,1.01684175669559,182.225049756566,0.956283059946994,5.48771972533906,11,47.8260869565217,5.26160053485366,6.31392064182439,254.210439173896,37.5,0,158.380197776932,23
647,5,4,3,190.555555555556,1.01684175669559,182.225049756566,0.956283059946994,5.48771972533906,11,47.8260869565217,5.26160053485366,6.31392064182439,254.210439173896,37.5,0,158.380197776932,23
648,5,4,3,190.555555555556,1.01684175669559,182.225049756566,0.956283059946994,5.48771972533906,11,47.8260869565217,5.26160053485366,6.31392064182439,254.210439173896,37.5,0,158.380197776932,23
649,5,4,3,190.555555555556,1.01684175669559,182.225049756566,0.956283059946994,5.48771972533906,11,47.8260869565217,5.26160053485366,6.31392064182439,254.210439173896,37.5,0,158.380197776932,23
650,5,4,3,190.555555555556,1.01684175669559,182.225049756566,0.956283059946994,5.48771972533906,11,47.8260869565217,5.26160053485366,6.31392064182439,254.210439173896,37.5,0,158.380197776932,23
651,5,4,3,190.555555555556,1.01684175669559,182.225049756566,0.956283059946994,5.48771972533906,11,47.8260869565217,5.26160053485366,6.31392064182439,254.210439173896,37.5,0,158.380197776932,23
652,5,4,3,190.555555555556,1.01684175669559,182.225049756566,0.956283059946994,5.48771972533906,11,47.8260869565217,5.26160053485366,6.31392064182439,254.210439173896,37.5,0,158.380197776932,23
653,5,4,3,190.555555555556,1.01684175669559,182.225049756566,0.956283059946994,5.48771972533906,11,47.8260869565217,5.26160053485366,6.31392064182439,254.210439173896,37.5,0,158.380197776932,23
654,5,4,3,190.555555555556,1.01684175669559,182.225049756566,0.956283059946994,5.48771972533906,11,47.8260869565217,5.26160053485366,6.31392064182439,254.210439173896,37.5,0,158.380197776932,23
655,5,4,3,190.555555555556,1.01684175669559,182.225049756566,0.956283059946994,5.48771972533906,11,47.8260869565217,5.26160053485366,6.31392064182439,254.210439173896,37.5,0,158.380197776932,23
656,5,4,3,190.555555555556,1.01684175669559,182.225049756566,0.956283059946994,5.48771972533906,11,47.8260869565217,5.26160053485366,6.31392064182439,254.210439173896,37.5,0,158.380197776932,23
657,5,4,3,190.555555555556,1.01684175669559,182.225049756566,0.956283059946994,5.48771972533906,11,47.8260869565217,5.26160053485366,6.31392064182439,254.210439173896,37.5,0,158.380197776932,23
658,5,4,3,190.555555555556,1.01684175669559,182.225049756566,0.956283059946994,5.48771972533906,11,47.8260869565217,5.26160053485366,6.31392064182439,254.210439173896,37.5,0,158.380197776932,23
659,5,4,3,190.555555555556,1.01684175669559,182.225049756566,0.956283059946994,5.48771972533906,11,47.8260869565217,5.26160053485366,6.31392064182439,254.210439173896,37.5,0,158.380197776932,23
660,5,4,3,190.555555555556,1.01684175669559,182.225049756566,0.956283059946994,5.48771972533906,11,47.8260869565217,5.26160053485366,6.31392064182439,254.210439173896,37.5,0,158.380197776932,23
661,5,4,5,190.555555555556,1.01055981615248,183.357814857562,0.9622275998356,5.45381717586912,11,47.8260869565217,5.22994635149006,6.27593562178807,252.639954038119,37.5,0,159.33879189715,23
662,5,4,5,190.555555555556,1.01055981615248,183.357814857562,0.9622275998356,5.45381717586912,11,47.8260869565217,5.22994635149006,6.27593562178807,252.639954038119,37.5,0,159.33879189715,23
663,5,4,5,190.555555555556,1.01055981615248,183.357814857562,0.9622275998356,5.45381717586912,11,47.8260869565217,5.22994635149006,6.27593562178807,252.639954038119,37.5,0,159.33879189715,23
664,5,4,5,190.555555555556,1.01055981615248,183.357814857562,0.9622275998356,5.45381717586912,11,47.8260869565217,5.22994635149006,6.27593562178807,252.639954038119,37.5,0,159.33879189715,23
665,5,4,5,190.555555555556,1.01055981615248,183.357814857562,0.9622275998356,5.45381717586912,11,47.8260869565217,5.22994635149006,6.27593562178807,252.639954038119,37.5,0,159.33879189715,23
666,5,4,5,190.555555555556,1.01055981615248,183.357814857562,0.9622275998356,5.45381717586912,11,47.8260869565217,5.22994635149006,6.27593562178807,252.639954038119,37.5,0,159.33879189715,23
667,5,4,5,190.555555555556,1.01055981615248,183.357814857562,0.9622275998356,5.45381717586912,11,47.8260869565217,5.22994635149006,6.27593562178807,252.639954038119,37.5,0,159.33879189715,23
668,5,4,5,190.555555555556,1.01055981615248,183.357814857562,0.9622275998356,5.45381717586912,11,47.8260869565217,5.22994635149006,6.27593562178807,252.639954038119,37.5,0,159.33879189715,23
669,5,4,5,190.555555555556,1.01055981615248,183.357814857562,0.9622275998356,5.45381717586912,11,47.8260869565217,5.22994635149006,6.27593562178807,252.639954038119,37.5,0,159.33879189715,23
670,5,4,5,190.555555555556,1.01055981615248,183.357814857562,0.9622275998356,5.45381717586912,11,47.8260869565217,5.22994635149006,6.27593562178807,252.639954038119,37.5,0,159.33879189715,23
671,5,4,5,190.555555555556,1.01055981615248,183.357814857562,0.9622275998356,5.45381717586912,11,47.8260869565217,5.22994635149006,6.27593562178807,252.639954038119,37.5,0,159.33879189715,23
672,5,4,5,190.555555555556,1.01055981615248,183.357814857562,0.9622275998356,5.45381717586912,11,47.8260869565217,5.22994635149006,6.27593562178807,252.639954038119,37.5,0,159.33879189715,23
673,5,4,5,190.555555555556,1.01055981615248,183.357814857562,0.9622275998356,5.45381717586912,11,47.8260869565217,5.22994635149006,6.27593562178807,252.639954038119,37.5,0,159.33879189715,23
674,5,4,5,190.555555555556,1.01055981615248,183.357814857562,0.9622275998356,5.45381717586912,11,47.8260869565217,5.22994635149006,6.27593562178807,252.639954038119,37.5,0,159.33879189715,23
675,5,4,5,190.555555555556,1.01055981615248,183.357814857562,0.9622275998356,5.45381717586912,11,47.8260869565217,5.22994635149006,6.27593562178807,252.639954038119,37.5,0,159.33879189715,23
676,5,4,5,190.555555555556,1.01055981615248,183.357814857562,0.9622275998356,5.45381717586912,11,47.8260869565217,5.22994635149006,6.27593562178807,252.639954038119,37.5,0,159.33879189715,23
677,5,4,5,190.555555555556,1.01055981615248,183.357814857562,0.9622275998356,5.45381717586912,11,47.8260869565217,5.22994635149006,6.27593562178807,252.639954038119,37.5,0,159.33879189715,23
678,5,4,5,190.555555555556,1.01055981615248,183.357814857562,0.9622275998356,5.45381717586912,11,47.8260869565217,5.22994635149006,6.27593562178807,252.639954038119,37.5,0,159.33879189715,23
679,5,4,5,190.555555555556,1.01055981615248,183.357814857562,0.9622275998356,5.45381717586912,11,47.8260869565217,5.22994635149006,6.27593562178807,252.639954038119,37.5,0,159.33879189715,23
680,5,4,5,190.555555555556,1.01055981615248,183.357814857562,0.9622275998356,5.45381717586912,11,47.8260869565217,5.22994635149006,6.27593562178807,252.639954038119,37.5,0,159.33879189715,23
681,5,4,7,190.555555555556,1.00877518700156,183.682194070748,0.963929881420836,5.44418583989058,11,47.8260869565217,5.22095375151703,6.26514450182044,252.193796750391,37.5,0,159.61323792443,23
682,5,4,7,190.555555555556,1.00877518700156,183.682194070748,0.963929881420836,5.44418583989058,11,47.8260869565217,5.22095375151703,6.26514450182044,252.193796750391,37.5,0,159.61323792443,23
683,5,4,7,190.555555555556,1.00877518700156,183.682194070748,0.963929881420836,5.44418583989058,11,47.8260869565217,5.22095375151703,6.26514450182044,252.193796750391,37.5,0,159.61323792443,23
684,5,4,7,190.555555555556,1.00877518700156,183.682194070748,0.963929881420836,5.44418583989058,11,47.8260869565217,5.22095375151703,6.26514450182044,252.193796750391,37.5,0,159.61323792443,23
685,5,4,7,190.555555555556,1.00877518700156,183.682194070748,0.963929881420836,5.44418583989058,11,47.8260869565217,5.22095375151703,6.26514450182044,252.193796750391,37.5,0,159.61323792443,23
686,5,4,7,190.555555555556,1.00877518700156,183.682194070748,0.963929881420836,5.44418583989058,11,47.8260869565217,5.22095375151703,6.26514450182044,252.193796750391,37.5,0,159.61323792443,23
687,5,4,7,190.555555555556,1.00877518700156,183.682194070748,0.963929881420836,5.44418583989058,11,47.8260869565217,5.22095375151703,6.26514450182044,252.193796750391,37.5,0,159.61323792443,23
688,5,4,7,190.555555555556,1.00877518700156,183.682194070748,0.963929881420836,5.44418583989058,11,47.8260869565217,5.22095375151703,6.26514450182044,252.193796750391,37.5,0,159.61323792443,23
689,5,4,7,190.555555555556,1.00877518700156,183.682194070748,0.963929881420836,5.44418583989058,11,47.8260869565217,5.22095375151703,6.26514450182044,252.193796750391,37.5,0,159.61323792443,23
690,5,4,7,190.555555555556,1.00877518700156,183.682194070748,0.963929881420836,5.44418583989058,11,47.8260869565217,5.22095375151703,6.26514450182044,252.193796750391,37.5,0,159.61323792443,23
691,5,4,7,190.555555555556,1.00877518700156,183.682194070748,0.963929881420836,5.44418583989058,11,47.8260869565217,5.22095375151703,6.26514450182044,252.193796750391,37.5,0,159.61323792443,23
692,5,4,7,190.555555555556,1.00877518700156,183.682194070748,0.963929881420836,5.44418583989058,11,47.8260869565217,5.22095375151703,6.26514450182044,252.193796750391,37.5,0,159.61323792443,23
693,5,4,7,190.555555555556,1.00877518700156,183.682194070748,0.963929881420836,5.44418583989058,11,47.8260869565217,5.22095375151703,6.26514450182044,252.193796750391,37.5,0,159.61323792443,23
694,5,4,7,190.555555555556,1.00877518700156,183.682194070748,0.963929881420836,5.44418583989058,11,47.8260869565217,5.22095375151703,6.26514450182044,252.193796750391,37.5,0,159.61323792443,23
695,5,4,7,190.555555555556,1.00877518700156,183.682194070748,0.963929881420836,5.44418583989058,11,47.8260869565217,5.22095375151703,6.26514450182044,252.193796750391,37.5,0,159.61323792443,23
696,5,4,7,190.555555555556,1.00877518700156,183.682194070748,0.963929881420836,5.44418583989058,11,47.8260869565217,5.22095375151703,6.26514450182044,252.193796750391,37.5,0,159.61323792443,23
697,5,4,7,190.555555555556,1.00877518700156,183.682194070748,0.963929881420836,5.44418583989058,11,47.8260869565217,5.22095375151703,6.26514450182044,252.193796750391,37.5,0,159.61323792443,23
698,5,4,7,190.555555555556,1.00877518700156,183.682194070748,0.963929881420836,5.44418583989058,11,47.8260869565217,5.22095375151703,6.26514450182044,252.193796750391,37.5,0,159.61323792443,23
699,5,4,7,190.555555555556,1.00877518700156,183.682194070748,0.963929881420836,5.44418583989058,11,47.8260869565217,5.22095375151703,6.26514450182044,252.193796750391,37.5,0,159.61323792443,23
700,5,4,7,190.555555555556,1.00877518700156,183.682194070748,0.963929881420836,5.44418583989058,11,47.8260869565217,5.22095375151703,6.26514450182044,252.193796750391,37.5,0,159.61323792443,23
701,5,4,10,190.555555555556,1.00703552688091,183.999506200627,0.965595076271512,5.43479719401873,11,47.8260869565217,5.21218774680058,6.2546252961607,251.758881720228,37.5,0,159.881679980707,23
702,5,4,10,190.555555555556,1.00703552688091,183.999506200627,0.965595076271512,5.43479719401873,11,47.8260869565217,5.21218774680058,6.2546252961607,251.758881720228,37.5,0,159.881679980707,23
703,5,4,10,190.555555555556,1.00703552688091,183.999506200627,0.965595076271512,5.43479719401873,11,47.8260869565217,5.21218774680058,6.2546252961607,251.758881720228,37.5,0,159.881679980707,23
704,5,4,10,190.555555555556,1.00703552688091,183.999506200627,0.965595076271512,5.43479719401873,11,47.8260869565217,5.21218774680058,6.2546252961607,251.758881720228,37.5,0,159.881679980707,23
705,5,4,10,190.555555555556,1.00703552688091,183.999506200627,0.965595076271512,5.43479719401873,11,47.8260869565217,5.21218774680058,6.2546252961607,251.758881720228,37.5,0,159.881679980707,23
706,5,4,10,190.555555555556,1.00703552688091,183.999506200627,0.965595076271512,5.43479719401873,11,47.8260869565217,5.21218774680058,6.2546252961607,251.758881720228,37.5,0,159.881679980707,23
707,5,4,10,190.555555555556,1.00703552688091,183.999506200627,0.965595076271512,5.43479719401873,11,47.8260869565217,5.21218774680058,6.2546252961607,251.758881720228,37.5,0,159.881679980707,23
708,5,4,10,190.555555555556,1.00703552688091,183.999506200627,0.965595076271512,5.43479719401873,11,47.8260869565217,5.21218774680058,6.2546252961607,251.758881720228,37.5,0,159.881679980707,23
709,5,4,10,190.555555555556,1.00703552688091,183.999506200627,0.965595076271512,5.43479719401873,11,47.8260869565217,5.21218774680058,6.2546252961607,251.758881720228,37.5,0,159.881679980707,23
710,5,4,10,190.555555555556,1.00703552688091,183.999506200627,0.965595076271512,5.43479719401873,11,47.8260869565217,5.21218774680058,6.2546252961607,251.758881720228,37.5,0,159.881679980707,23
711,5,4,10,190.555555555556,1.00703552688091,183.999506200627,0.965595076271512,5.43479719401873,11,47.8260869565217,5.21218774680058,6.2546252961607,251.758881720228,37.5,0,159.881679980707,23
712,5,4,10,190.555555555556,1.00703552688091,183.999506200627,0.965595076271512,5.43479719401873,11,47.8260869565217,5.21218774680058,6.2546252961607,251.758881720228,37.5,0,159.881679980707,23
713,5,4,10,190.555555555556,1.00703552688091,183.999506200627,0.965595076271512,5.43479719401873,11,47.8260869565217,5.21218774680058,6.2546252961607,251.758881720228,37.5,0,159.881679980707,23
714,5,4,10,190.555555555556,1.00703552688091,183.999506200627,0.965595076271512,5.43479719401873,11,47.8260869565217,5.21218774680058,6.2546252961607,251.758881720228,37.5,0,159.881679980707,23
715,5,4,10,190.555555555556,1.00703552688091,183.999506200627,0.965595076271512,5.43479719401873,11,47.8260869565217,5.21218774680058,6.2546252961607,251.758881720228,37.5,0,159.881679980707,23
716,5,4,10,190.555555555556,1.00703552688091,183.999506200627,0.965595076271512,5.43479719401873,11,47.8260869565217,5.21218774680058,6.2546252961607,251.758881720228,37.5,0,159.881679980707,23
717,5,4,10,190.555555555556,1.00703552688091,183.999506200627,0.965595076271512,5.43479719401873,11,47.8260869565217,5.21218774680058,6.2546252961607,251.758881720228,37.5,0,159.881679980707,23
718,5,4,10,190.555555555556,1.00703552688091,183.999506200627,0.965595076271512,5.43479719401873,11,47.8260869565217,5.21218774680058,6.2546252961607,251.758881720228,37.5,0,159.881679980707,23
719,5,4,10,190.555555555556,1.00703552688091,183.999506200627,0.965595076271512,5.43479719401873,11,47.8260869565217,5.21218774680058,6.2546252961607,251.758881720228,37.5,0,159.881679980707,23
720,5,4,10,190.555555555556,1.00703552688091,183.999506200627,0.965595076271512,5.43479719401873,11,47.8260869565217,5.21218774680058,6.2546252961607,251.758881720228,37.5,0,159.881679980707,23
721,5,5,3,190.555555555556,0.799619650650711,182.561107973331,0.958046630763837,5.47761793900857,10,52.6315789473684,4.58929555599658,5.5071546671959,159.923930130142,30,0,181.581971168639,19
722,5,5,3,190.555555555556,0.799619650650711,182.561107973331,0.958046630763837,5.47761793900857,10,52.6315789473684,4.58929555599658,5.5071546671959,159.923930130142,30,0,181.581971168639,19
723,5,5,3,190.555555555556,0.799619650650711,182.561107973331,0.958046630763837,5.47761793900857,10,52.6315789473684,4.58929555599658,5.5071546671959,159.923930130142,30,0,181.581971168639,19
724,5,5,3,190.555555555556,0.799619650650711,182.561107973331,0.958046630763837,5.47761793900857,10,52.6315789473684,4.58929555599658,5.5071546671959,159.923930130142,30,0,181.581971168639,19
725,5,5,3,190.555555555556,0.799619650650711,182.561107973331,0.958046630763837,5.47761793900857,10,52.6315789473684,4.58929555599658,5.5071546671959,159.923930130142,30,0,181.581971168639,19
726,5,5,3,190.555555555556,0.799619650650711,182.561107973331,0.958046630763837,5.47761793900857,10,52.6315789473684,4.58929555599658,5.5071546671959,159.923930130142,30,0,181.581971168639,19
727,5,5,3,190.555555555556,0.799619650650711,182.561107973331,0.958046630763837,5.47761793900857,10,52.6315789473684,4.58929555599658,5.5071546671959,159.923930130142,30,0,181.581971168639,19
728,5,5,3,190.555555555556,0.799619650650711,182.561107973331,0.958046630763837,5.47761793900857,10,52.6315789473684,4.58929555599658,5.5071546671959,159.923930130142,30,0,181.581971168639,19
729,5,5,3,190.555555555556,0.799619650650711,182.561107973331,0.958046630763837,5.47761793900857,10,52.6315789473684,4.58929555599658,5.5071546671959,159.923930130142,30,0,181.581971168639,19
730,5,5,3,190.555555555556,0.799619650650711,182.561107973331,0.958046630763837,5.47761793900857,10,52.6315789473684,4.58929555599658,5.5071546671959,159.923930130142,30,0,181.581971168639,19
731,5,5,3,190.555555555556,0.799619650650711,182.561107973331,0.958046630763837,5.47761793900857,10,52.6315789473684,4.58929555599658,5.5071546671959,159.923930130142,30,0,181.581971168639,19
732,5,5,3,190.555555555556,0.799619650650711,182.561107973331,0.958046630763837,5.47761793900857,10,52.6315789473684,4.58929555599658,5.5071546671959,159.923930130142,30,0,181.581971168639,19
733,5,5,3,190.555555555556,0.799619650650711,182.561107973331,0.958046630763837,5.47761793900857,10,52.6315789473684,4.58929555599658,5.5071546671959,159.923930130142,30,0,181.581971168639,19
734,5,5,3,190.555555555556,0.799619650650711,182.561107973331,0.958046630763837,5.47761793900857,10,52.6315789473684,4.58929555599658,5.5071546671959,159.923930130142,30,0,181.581971168639,19
735,5,5,3,190.555555555556,0.799619650650711,182.561107973331,0.958046630763837,5.47761793900857,10,52.6315789473684,4.58929555599658,5.5071546671959,159.923930130142,30,0,181.581971168639,19
736,5,5,3,190.555555555556,0.799619650650711,182.561107973331,0.958046630763837,5.47761793900857,10,52.6315789473684,4.58929555599658,5.5071546671959,159.923930130142,30,0,181.581971168639,19
737,5,5,3,190.555555555556,0.799619650650711,182.561107973331,0.958046630763837,5.47761793900857,10,52.6315789473684,4.58929555599658,5.5071546671959,159.923930130142,30,0,181.581971168639,19
738,5,5,3,190.555555555556,0.799619650650711,182.561107973331,0.958046630763837,5.47761793900857,10,52.6315789473684,4.58929555599658,5.5071546671959,159.923930130142,30,0,181.581971168639,19
739,5,5,3,190.555555555556,0.799619650650711,182.561107973331,0.958046630763837,5.47761793900857,10,52.6315789473684,4.58929555599658,5.5071546671959,159.923930130142,30,0,181.581971168639,19
740,5,5,3,190.555555555556,0.799619650650711,182.561107973331,0.958046630763837,5.47761793900857,10,52.6315789473684,4.58929555599658,5.5071546671959,159.923930130142,30,0,181.581971168639,19
741,5,5,5,190.555555555556,0.794009873369546,183.850924561544,0.96481534755329,5.43918939969895,10,55.5555555555556,5.50748886221757,6.60898663466109,158.801974673909,30,0,151.309127295774,18
742,5,5,5,190.555555555556,0.794009873369546,183.850924561544,0.96481534755329,5.43918939969895,10,55.5555555555556,5.50748886221757,6.60898663466109,158.801974673909,30,0,151.309127295774,18
743,5,5,5,190.555555555556,0.794009873369546,183.850924561544,0.96481534755329,5.43918939969895,10,55.5555555555556,5.50748886221757,6.60898663466109,158.801974673909,30,0,151.309127295774,18
744,5,5,5,190.555555555556,0.794009873369546,183.850924561544,0.96481534755329,5.43918939969895,10,55.5555555555556,5.50748886221757,6.60898663466109,158.801974673909,30,0,151.309127295774,18
745,5,5,5,190.555555555556,0.794009873369546,183.850924561544,0.96481534755329,5.43918939969895,10,55.5555555555556,5.50748886221757,6.60898663466109,158.801974673909,30,0,151.309127295774,18
746,5,5,5,190.555555555556,0.794009873369546,183.850924561544,0.96481534755329,5.43918939969895,10,55.5555555555556,5.50748886221757,6.60898663466109,158.801974673909,30,0,151.309127295774,18
747,5,5,5,190.555555555556,0.794009873369546,183.850924561544,0.96481534755329,5.43918939969895,10,55.5555555555556,5.50748886221757,6.60898663466109,158.801974673909,30,0,151.309127295774,18
748,5,5,5,190.555555555556,0.794009873369546,183.850924561544,0.96481534755329,5.43918939969895,10,55.5555555555556,5.50748886221757,6.60898663466109,158.801974673909,30,0,151.309127295774,18
749,5,5,5,190.555555555556,0.794009873369546,183.850924561544,0.96481534755329,5.43918939969895,10,55.5555555555556,5.50748886221757,6.60898663466109,158.801974673909,30,0,151.309127295774,18
750,5,5,5,190.555555555556,0.794009873369546,183.850924561544,0.96481534755329,5.43918939969895,10,55.5555555555556,5.50748886221757,6.60898663466109,158.801974673909,30,0,151.309127295774,18
751,5,5,5,190.555555555556,0.794009873369546,183.850924561544,0.96481534755329,5.43918939969895,10,55.5555555555556,5.50748886221757,6.60898663466109,158.801974673909,30,0,151.309127295774,18
752,5,5,5,190.555555555556,0.794009873369546,183.850924561544,0.96481534755329,5.43918939969895,10,55.5555555555556,5.50748886221757,6.60898663466109,158.801974673909,30,0,151.309127295774,18
753,5,5,5,190.555555555556,0.794009873369546,183.850924561544,0.96481534755329,5.43918939969895,10,55.5555555555556,5.50748886221757,6.60898663466109,158.801974673909,30,0,151.309127295774,18
754,5,5,5,190.555555555556,0.794009873369546,183.850924561544,0.96481534755329,5.43918939969895,10,55.5555555555556,5.50748886221757,6.60898663466109,158.801974673909,30,0,151.309127295774,18
755,5,5,5,190.555555555556,0.794009873369546,183.850924561544,0.96481534755329,5.43918939969895,10,55.5555555555556,5.50748886221757,6.60898663466109,158.801974673909,30,0,151.309127295774,18
756,5,5,5,190.555555555556,0.794009873369546,183.850924561544,0.96481534755329,5.43918939969895,10,55.5555555555556,5.50748886221757,6.60898663466109,158.801974673909,30,0,151.309127295774,18
757,5,5,5,190.555555555556,0.794009873369546,183.850924561544,0.96481534755329,5.43918939969895,10,55.5555555555556,5.50748886221757,6.60898663466109,158.801974673909,30,0,151.309127295774,18
758,5,5,5,190.555555555556,0.794009873369546,183.850924561544,0.96481534755329,5.43918939969895,10,55.5555555555556,5.50748886221757,6.60898663466109,158.801974673909,30,0,151.309127295774,18
759,5,5,5,190.555555555556,0.794009873369546,183.850924561544,0.96481534755329,5.43918939969895,10,55.5555555555556,5.50748886221757,6.60898663466109,158.801974673909,30,0,151.309127295774,18
760,5,5,5,190.555555555556,0.794009873369546,183.850924561544,0.96481534755329,5.43918939969895,10,55.5555555555556,5.50748886221757,6.60898663466109,158.801974673909,30,0,151.309127295774,18
761,5,5,7,190.555555555556,0.792208163740521,184.269054538293,0.96700961565285,5.42684718552235,10,55.5555555555556,5.49531321054024,6.59437585264829,158.441632748104,30,0,151.644374288797,18
762,5,5,7,190.555555555556,0.792208163740521,184.269054538293,0.96700961565285,5.42684718552235,10,55.5555555555556,5.49531321054024,6.59437585264829,158.441632748104,30,0,151.644374288797,18
763,5,5,7,190.555555555556,0.792208163740521,184.269054538293,0.96700961565285,5.42684718552235,10,55.5555555555556,5.49531321054024,6.59437585264829,158.441632748104,30,0,151.644374288797,18
764,5,5,7,190.555555555556,0.792208163740521,184.269054538293,0.96700961565285,5.42684718552235,10,55.5555555555556,5.49531321054024,6.59437585264829,158.441632748104,30,0,151.644374288797,18
765,5,5,7,190.555555555556,0.792208163740521,184.269054538293,0.96700961565285,5.42684718552235,10,55.5555555555556,5.49531321054024,6.59437585264829,158.441632748104,30,0,151.644374288797,18
766,5,5,7,190.555555555556,0.792208163740521,184.269054538293,0.96700961565285,5.42684718552235,10,55.5555555555556,5.49531321054024,6.59437585264829,158.441632748104,30,0,151.644374288797,18
767,5,5,7,190.555555555556,0.792208163740521,184.269054538293,0.96700961565285,5.42684718552235,10,55.5555555555556,5.49531321054024,6.59437585264829,158.441632748104,30,0,151.644374288797,18
768,5,5,7,190.555555555556,0.792208163740521,184.269054538293,0.96700961565285,5.42684718552235,10,55.5555555555556,5.49531321054024,6.59437585264829,158.441632748104,30,0,151.644374288797,18
769,5,5,7,190.555555555556,0.792208163740521,184.269054538293,0.96700961565285,5.42684718552235,10,55.5555555555556,5.49531321054024,6.59437585264829,158.441632748104,30,0,151.644374288797,18
770,5,5,7,190.555555555556,0.792208163740521,184.269054538293,0.96700961565285,5.42684718552235,10,55.5555555555556,5.49531321054024,6.59437585264829,158.441632748104,30,0,151.644374288797,18
771,5,5,7,190.555555555556,0.792208163740521,184.269054538293,0.96700961565285,5.42684718552235,10,55.5555555555556,5.49531321054024,6.59437585264829,158.441632748104,30,0,151.644374288797,18
772,5,5,7,190.555555555556,0.792208163740521,184.269054538293,0.96700961565285,5.42684718552235,10,55.5555555555556,5.49531321054024,6.59437585264829,158.441632748104,30,0,151.644374288797,18
773,5,5,7,190.555555555556,0.792208163740521,184.269054538293,0.96700961565285,5.42684718552235,10,55.5555555555556,5.49531321054024,6.59437585264829,158.441632748104,30,0,151.644374288797,18
774,5,5,7,190.555555555556,0.792208163740521,184.269054538293,0.96700961565285,5.42684718552235,10,55.5555555555556,5.49531321054024,6.59437585264829,158.441632748104,30,0,151.644374288797,18
775,5,5,7,190.555555555556,0.792208163740521,184.269054538293,0.96700961565285,5.42684718552235,10,55.5555555555556,5.49531321054024,6.59437585264829,158.441632748104,30,0,151.644374288797,18
776,5,5,7,190.555555555556,0.792208163740521,184.269054538293,0.96700961565285,5.42684718552235,10,55.5555555555556,5.49531321054024,6.59437585264829,158.441632748104,30,0,151.644374288797,18
777,5,5,7,190.555555555556,0.792208163740521,184.269054538293,0.96700961565285,5.42684718552235,10,55.5555555555556,5.49531321054024,6.59437585264829,158.441632748104,30,0,151.644374288797,18
778,5,5,7,190.555555555556,0.792208163740521,184.269054538293,0.96700961565285,5.42684718552235,10,55.5555555555556,5.49531321054024,6.59437585264829,158.441632748104,30,0,151.644374288797,18
779,5,5,7,190.555555555556,0.792208163740521,184.269054538293,0.96700961565285,5.42684718552235,10,55.5555555555556,5.49531321054024,6.59437585264829,158.441632748104,30,0,151.644374288797,18
780,5,5,7,190.555555555556,0.792208163740521,184.269054538293,0.96700961565285,5.42684718552235,10,55.5555555555556,5.49531321054024,6.59437585264829,158.441632748104,30,0,151.644374288797,18
781,5,5,10,190.555555555556,0.790423673398776,184.685067316214,0.969192773088003,5.41462292827292,10,55.5555555555556,5.48325392392015,6.57990470870417,158.084734679755,30,0,151.977884828204,18
782,5,5,10,190.555555555556,0.790423673398776,184.685067316214,0.969192773088003,5.41462292827292,10,55.5555555555556,5.48325392392015,6.57990470870417,158.084734679755,30,0,151.977884828204,18
783,5,5,10,190.555555555556,0.790423673398776,184.685067316214,0.969192773088003,5.41462292827292,10,55.5555555555556,5.48325392392015,6.57990470870417,158.084734679755,30,0,151.977884828204,18
784,5,5,10,190.555555555556,0.790423673398776,184.685067316214,0.969192773088003,5.41462292827292,10,55.5555555555556,5.48325392392015,6.57990470870417,158.084734679755,30,0,151.977884828204,18
785,5,5,10,190.555555555556,0.790423673398776,184.685067316214,0.969192773088003,5.41462292827292,10,55.5555555555556,5.48325392392015,6.57990470870417,158.084734679755,30,0,151.977884828204,18
786,5,5,10,190.555555555556,0.790423673398776,184.685067316214,0.969192773088003,5.41462292827292,10,55.5555555555556,5.48325392392015,6.57990470870417,158.084734679755,30,0,151.977884828204,18
787,5,5,10,190.555555555556,0.790423673398776,184.685067316214,0.969192773088003,5.41462292827292,10,55.5555555555556,5.48325392392015,6.57990470870417,158.084734679755,30,0,151.977884828204,18
788,5,5,10,190.555555555556,0.790423673398776,184.685067316214,0.969192773088003,5.41462292827292,10,55.5555555555556,5.48325392392015,6.57990470870417,158.084734679755,30,0,151.977884828204,18
789,5,5,10,190.555555555556,0.790423673398776,184.685067316214,0.969192773088003,5.41462292827292,10,55.5555555555556,5.48325392392015,6.57990470870417,158.084734679755,30,0,151.977884828204,18
790,5,5,10,190.555555555556,0.790423673398776,184.685067316214,0.969192773088003,5.41462292827292,10,55.5555555555556,5.48325392392015,6.57990470870417,158.084734679755,30,0,151.977884828204,18
791,5,5,10,190.555555555556,0.790423673398776,184.685067316214,0.969192773088003,5.41462292827292,10,55.5555555555556,5.48325392392015,6.57990470870417,158.084734679755,30,0,151.977884828204,18
792,5,5,10,190.555555555556,0.790423673398776,184.685067316214,0.969192773088003,5.41462292827292,10,55.5555555555556,5.48325392392015,6.57990470870417,158.084734679755,30,0,151.977884828204,18
793,5,5,10,190.555555555556,0.790423673398776,184.685067316214,0.969192773088003,5.41462292827292,10,55.5555555555556,5.48325392392015,6.57990470870417,158.084734679755,30,0,151.977884828204,18
794,5,5,10,190.555555555556,0.790423673398776,184.685067316214,0.969192773088003,5.41462292827292,10,55.5555555555556,5.48325392392015,6.57990470870417,158.084734679755,30,0,151.977884828204,18
795,5,5,10,190.555555555556,0.790423673398776,184.685067316214,0.969192773088003,5.41462292827292,10,55.5555555555556,5.48325392392015,6.57990470870417,158.084734679755,30,0,151.977884828204,18
796,5,5,10,190.555555555556,0.790423673398776,184.685067316214,0.969192773088003,5.41462292827292,10,55.5555555555556,5.48325392392015,6.57990470870417,158.084734679755,30,0,151.977884828204,18
797,5,5,10,190.555555555556,0.790423673398776,184.685067316214,0.969192773088003,5.41462292827292,10,55.5555555555556,5.48325392392015,6.57990470870417,158.084734679755,30,0,151.977884828204,18
798,5,5,10,190.555555555556,0.790423673398776,184.685067316214,0.969192773088003,5.41462292827292,10,55.5555555555556,5.48325392392015,6.57990470870417,158.084734679755,30,0,151.977884828204,18
799,5,5,10,190.555555555556,0.790423673398776,184.685067316214,0.969192773088003,5.41462292827292,10,55.5555555555556,5.48325392392015,6.57990470870417,158.084734679755,30,0,151.977884828204,18
800,5,5,10,190.555555555556,0.790423673398776,184.685067316214,0.969192773088003,5.41462292827292,10,55.5555555555556,5.48325392392015,6.57990470870417,158.084734679755,30,0,151.977884828204,18
801,7,1,3,142.916666666667,3.01314147281193,145.331216458855,1.01689480904155,6.88083416877688,11,15.0684931506849,6.48272275436699,7.40882600499084,3013.14147281193,150,0,134.9741510094,73
802,7,1,3,142.916666666667,3.01314147281193,145.331216458855,1.01689480904155,6.88083416877688,11,15.0684931506849,6.48272275436699,7.40882600499084,3013.14147281193,150,0,134.9741510094,73
803,7,1,3,142.916666666667,3.01314147281193,145.331216458855,1.01689480904155,6.88083416877688,11,15.0684931506849,6.48272275436699,7.40882600499084,3013.14147281193,150,0,134.9741510094,73
804,7,1,3,142.916666666667,3.01314147281193,145.331216458855,1.01689480904155,6.88083416877688,11,15.0684931506849,6.48272275436699,7.40882600499084,3013.14147281193,150,0,134.9741510094,73
805,7,1,3,142.916666666667,3.01314147281193,145.331216458855,1.01689480904155,6.88083416877688,11,15.0684931506849,6.48272275436699,7.40882600499084,3013.14147281193,150,0,134.9741510094,73
806,7,1,3,142.916666666667,3.01314147281193,145.331216458855,1.01689480904155,6.88083416877688,11,15.0684931506849,6.48272275436699,7.40882600499084,3013.14147281193,150,0,134.9741510094,73
807,7,1,3,142.916666666667,3.01314147281193,145.331216458855,1.01689480904155,6.88083416877688,11,15.0684931506849,6.48272275436699,7.40882600499084,3013.14147281193,150,0,134.9741510094,73
808,7,1,3,142.916666666667,3.01314147281193,145.331216458855,1.01689480904155,6.88083416877688,11,15.0684931506849,6.48272275436699,7.40882600499084,3013.14147281193,150,0,134.9741510094,73
809,7,1,3,142.916666666667,3.01314147281193,145.331216458855,1.01689480904155,6.88083416877688,11,15.0684931506849,6.48272275436699,7.40882600499084,3013.14147281193,150,0,134.9741510094,73
810,7,1,3,142.916666666667,3.01314147281193,145.331216458855,1.01689480904155,6.88083416877688,11,15.0684931506849,6.48272275436699,7.40882600499084,3013.14147281193,150,0,134.9741510094,73
811,7,1,3,142.916666666667,3.01314147281193,145.331216458855,1.01689480904155,6.88083416877688,11,15.0684931506849,6.48272275436699,7.40882600499084,3013.14147281193,150,0,134.9741510094,73
812,7,1,3,142.916666666667,3.01314147281193,145.331216458855,1.01689480904155,6.88083416877688,11,15.0684931506849,6.48272275436699,7.40882600499084,3013.14147281193,150,0,134.9741510094,73
813,7,1,3,142.916666666667,3.01314147281193,145.331216458855,1.01689480904155,6.88083416877688,11,15.0684931506849,6.48272275436699,7.40882600499084,3013.14147281193,150,0,134.9741510094,73
814,7,1,3,142.916666666667,3.01314147281193,145.331216458855,1.01689480904155,6.88083416877688,11,15.0684931506849,6.48272275436699,7.40882600499084,3013.14147281193,150,0,134.9741510094,73
815,7,1,3,142.916666666667,3.01314147281193,145.331216458855,1.01689480904155,6.88083416877688,11,15.0684931506849,6.48272275436699,7.40882600499084,3013.14147281193,150,0,134.9741510094,73
816,7,1,3,142.916666666667,3.01314147281193,145.331216458855,1.01689480904155,6.88083416877688,11,15.0684931506849,6.48272275436699,7.40882600499084,3013.14147281193,150,0,134.9741510094,73
817,7,1,3,142.916666666667,3.01314147281193,145.331216458855,1.01689480904155,6.88083416877688,11,15.0684931506849,6.48272275436699,7.40882600499084,3013.14147281193,150,0,134.9741510094,73
818,7,1,3,142.916666666667,3.01314147281193,145.331216458855,1.01689480904155,6.88083416877688,11,15.0684931506849,6.48272275436699,7.40882600499084,3013.14147281193,150,0,134.9741510094,73
819,7,1,3,142.916666666667,3.01314147281193,145.331216458855,1.01689480904155,6.88083416877688,11,15.0684931506849,6.48272275436699,7.40882600499084,3013.14147281193,150,0,134.9741510094,73
820,7,1,3,142.916666666667,3.01314147281193,145.331216458855,1.01689480904155,6.88083416877688,11,15.0684931506849,6.48272275436699,7.40882600499084,3013.14147281193,150,0,134.9741510094,73
821,7,1,5,142.916666666667,3.00939247860021,145.512231482055,1.01816138646336,6.87227451476011,11,15.0684931506849,6.47478308550945,7.39975209772509,3009.39247860021,150,0,135.139662355369,73
822,7,1,5,142.916666666667,3.00939247860021,145.512231482055,1.01816138646336,6.87227451476011,11,15.0684931506849,6.47478308550945,7.39975209772509,3009.39247860021,150,0,135.139662355369,73
823,7,1,5,142.916666666667,3.00939247860021,145.512231482055,1.01816138646336,6.87227451476011,11,15.0684931506849,6.47478308550945,7.39975209772509,3009.39247860021,150,0,135.139662355369,73
824,7,1,5,142.916666666667,3.00939247860021,145.512231482055,1.01816138646336,6.87227451476011,11,15.0684931506849,6.47478308550945,7.39975209772509,3009.39247860021,150,0,135.139662355369,73
825,7,1,5,142.916666666667,3.00939247860021,145.512231482055,1.01816138646336,6.87227451476011,11,15.0684931506849,6.47478308550945,7.39975209772509,3009.39247860021,150,0,135.139662355369,73
826,7,1,5,142.916666666667,3.00939247860021,145.512231482055,1.01816138646336,6.87227451476011,11,15.0684931506849,6.47478308550945,7.39975209772509,3009.39247860021,150,0,135.139662355369,73
827,7,1,5,142.916666666667,3.00939247860021,145.512231482055,1.01816138646336,6.87227451476011,11,15.0684931506849,6.47478308550945,7.39975209772509,3009.39247860021,150,0,135.139662355369,73
828,7,1,5,142.916666666667,3.00939247860021,145.512231482055,1.01816138646336,6.87227451476011,11,15.0684931506849,6.47478308550945,7.39975209772509,3009.39247860021,150,0,135.139662355369,73
829,7,1,5,142.916666666667,3.00939247860021,145.512231482055,1.01816138646336,6.87227451476011,11,15.0684931506849,6.47478308550945,7.39975209772509,3009.39247860021,150,0,135.139662355369,73
830,7,1,5,142.916666666667,3.00939247860021,145.512231482055,1.01816138646336,6.87227451476011,11,15.0684931506849,6.47478308550945,7.39975209772509,3009.39247860021,150,0,135.139662355369,73
831,7,1,5,142.916666666667,3.00939247860021,145.512231482055,1.01816138646336,6.87227451476011,11,15.0684931506849,6.47478308550945,7.39975209772509,3009.39247860021,150,0,135.139662355369,73
832,7,1,5,142.916666666667,3.00939247860021,145.512231482055,1.01816138646336,6.87227451476011,11,15.0684931506849,6.47478308550945,7.39975209772509,3009.39247860021,150,0,135.139662355369,73
833,7,1,5,142.916666666667,3.00939247860021,145.512231482055,1.01816138646336,6.87227451476011,11,15.0684931506849,6.47478308550945,7.39975209772509,3009.39247860021,150,0,135.139662355369,73
834,7,1,5,142.916666666667,3.00939247860021,145.512231482055,1.01816138646336,6.87227451476011,11,15.0684931506849,6.47478308550945,7.39975209772509,3009.39247860021,150,0,135.139662355369,73
835,7,1,5,142.916666666667,3.00939247860021,145.512231482055,1.01816138646336,6.87227451476011,11,15.0684931506849,6.47478308550945,7.39975209772509,3009.39247860021,150,0,135.139662355369,73
836,7,1,5,142.916666666667,3.00939247860021,145.512231482055,1.01816138646336,6.87227451476011,11,15.0684931506849,6.47478308550945,7.39975209772509,3009.39247860021,150,0,135.139662355369,73
837,7,1,5,142.916666666667,3.00939247860021,145.512231482055,1.01816138646336,6.87227451476011,11,15.0684931506849,6.47478308550945,7.39975209772509,3009.39247860021,150,0,135.139662355369,73
838,7,1,5,142.916666666667,3.00939247860021,145.512231482055,1.01816138646336,6.87227451476011,11,15.0684931506849,6.47478308550945,7.39975209772509,3009.39247860021,150,0,135.139662355369,73
839,7,1,5,142.916666666667,3.00939247860021,145.512231482055,1.01816138646336,6.87227451476011,11,15.0684931506849,6.47478308550945,7.39975209772509,3009.39247860021,150,0,135.139662355369,73
840,7,1,5,142.916666666667,3.00939247860021,145.512231482055,1.01816138646336,6.87227451476011,11,15.0684931506849,6.47478308550945,7.39975209772509,3009.39247860021,150,0,135.139662355369,73
841,7,1,7,142.916666666667,3.0083654858766,145.561906298373,1.01850896535305,6.86992926535462,11,15.0684931506849,6.47260810739994,7.39726640845707,3008.3654858766,150,0,135.185073077364,73
842,7,1,7,142.916666666667,3.0083654858766,145.561906298373,1.01850896535305,6.86992926535462,11,15.0684931506849,6.47260810739994,7.39726640845707,3008.3654858766,150,0,135.185073077364,73
843,7,1,7,142.916666666667,3.0083654858766,145.561906298373,1.01850896535305,6.86992926535462,11,15.0684931506849,6.47260810739994,7.39726640845707,3008.3654858766,150,0,135.185073077364,73
844,7,1,7,142.916666666667,3.0083654858766,145.561906298373,1.01850896535305,6.86992926535462,11,15.0684931506849,6.47260810739994,7.39726640845707,3008.3654858766,150,0,135.185073077364,73
845,7,1,7,142.916666666667,3.0083654858766,145.561906298373,1.01850896535305,6.86992926535462,11,15.0684931506849,6.47260810739994,7.39726640845707,3008.3654858766,150,0,135.185073077364,73
846,7,1,7,142.916666666667,3.0083654858766,145.561906298373,1.01850896535305,6.86992926535462,11,15.0684931506849,6.47260810739994,7.39726640845707,3008.3654858766,150,0,135.185073077364,73
847,7,1,7,142.916666666667,3.0083654858766,145.561906298373,1.01850896535305,6.86992926535462,11,15.0684931506849,6.47260810739994,7.39726640845707,3008.3654858766,150,0,135.185073077364,73
848,7,1,7,142.916666666667,3.0083654858766,145.561906298373,1.01850896535305,6.86992926535462,11,15.0684931506849,6.47260810739994,7.39726640845707,3008.3654858766,150,0,135.185073077364,73
849,7,1,7,142.916666666667,3.0083654858766,145.561906298373,1.01850896535305,6.86992926535462,11,15.0684931506849,6.47260810739994,7.39726640845707,3008.3654858766,150,0,135.185073077364,73
850,7,1,7,142.916666666667,3.0083654858766,145.561906298373,1.01850896535305,6.86992926535462,11,15.0684931506849,6.47260810739994,7.39726640845707,3008.3654858766,150,0,135.185073077364,73
851,7,1,7,142.916666666667,3.0083654858766,145.561906298373,1.01850896535305,6.86992926535462,11,15.0684931506849,6.47260810739994,7.39726640845707,3008.3654858766,150,0,135.185073077364,73
852,7,1,7,142.916666666667,3.0083654858766,145.561906298373,1.01850896535305,6.86992926535462,11,15.0684931506849,6.47260810739994,7.39726640845707,3008.3654858766,150,0,135.185073077364,73
853,7,1,7,142.916666666667,3.0083654858766,145.561906298373,1.01850896535305,6.86992926535462,11,15.0684931506849,6.47260810739994,7.39726640845707,3008.3654858766,150,0,135.185073077364,73
854,7,1,7,142.916666666667,3.0083654858766,145.561906298373,1.01850896535305,6.86992926535462,11,15.0684931506849,6.47260810739994,7.39726640845707,3008.3654858766,150,0,135.185073077364,73
855,7,1,7,142.916666666667,3.0083654858766,145.561906298373,1.01850896535305,6.86992926535462,11,15.0684931506849,6.47260810739994,7.39726640845707,3008.3654858766,150,0,135.185073077364,73
856,7,1,7,142.916666666667,3.0083654858766,145.561906298373,1.01850896535305,6.86992926535462,11,15.0684931506849,6.47260810739994,7.39726640845707,3008.3654858766,150,0,135.185073077364,73
857,7,1,7,142.916666666667,3.0083654858766,145.561906298373,1.01850896535305,6.86992926535462,11,15.0684931506849,6.47260810739994,7.39726640845707,3008.3654858766,150,0,135.185073077364,73
858,7,1,7,142.916666666667,3.0083654858766,145.561906298373,1.01850896535305,6.86992926535462,11,15.0684931506849,6.47260810739994,7.39726640845707,3008.3654858766,150,0,135.185073077364,73
859,7,1,7,142.916666666667,3.0083654858766,145.561906298373,1.01850896535305,6.86992926535462,11,15.0684931506849,6.47260810739994,7.39726640845707,3008.3654858766,150,0,135.185073077364,73
860,7,1,7,142.916666666667,3.0083654858766,145.561906298373,1.01850896535305,6.86992926535462,11,15.0684931506849,6.47260810739994,7.39726640845707,3008.3654858766,150,0,135.185073077364,73
861,7,1,10,142.916666666667,3.00682499679119,145.636482147697,1.01903077887602,6.86641139124639,11,15.0684931506849,6.46934564023553,7.3935378745549,3006.82499679119,150,0,135.253246411509,73
862,7,1,10,142.916666666667,3.00682499679119,145.636482147697,1.01903077887602,6.86641139124639,11,15.0684931506849,6.46934564023553,7.3935378745549,3006.82499679119,150,0,135.253246411509,73
863,7,1,10,142.916666666667,3.00682499679119,145.636482147697,1.01903077887602,6.86641139124639,11,15.0684931506849,6.46934564023553,7.3935378745549,3006.82499679119,150,0,135.253246411509,73
864,7,1,10,142.916666666667,3.00682499679119,145.636482147697,1.01903077887602,6.86641139124639,11,15.0684931506849,6.46934564023553,7.3935378745549,3006.82499679119,150,0,135.253246411509,73
865,7,1,10,142.916666666667,3.00682499679119,145.636482147697,1.01903077887602,6.86641139124639,11,15.0684931506849,6.46934564023553,7.3935378745549,3006.82499679119,150,0,135.253246411509,73
866,7,1,10,142.916666666667,3.00682499679119,145.636482147697,1.01903077887602,6.86641139124639,11,15.0684931506849,6.46934564023553,7.3935378745549,3006.82499679119,150,0,135.253246411509,73
867,7,1,10,142.916666666667,3.00682499679119,145.636482147697,1.01903077887602,6.86641139124639,11,15.0684931506849,6.46934564023553,7.3935378745549,3006.82499679119,150,0,135.253246411509,73
868,7,1,10,142.916666666667,3.00682499679119,145.636482147697,1.01903077887602,6.86641139124639,11,15.0684931506849,6.46934564023553,7.3935378745549,3006.82499679119,150,0,135.253246411509,73
869,7,1,10,142.916666666667,3.00682499679119,145.636482147697,1.01903077887602,6.86641139124639,11,15.0684931506849,6.46934564023553,7.3935378745549,3006.82499679119,150,0,135.253246411509,73
870,7,1,10,142.916666666667,3.00682499679119,145.636482147697,1.01903077887602,6.86641139124639,11,15.0684931506849,6.46934564023553,7.3935378745549,3006.82499679119,150,0,135.253246411509,73
871,7,1,10,142.916666666667,3.00682499679119,145.636482147697,1.01903077887602,6.86641139124639,11,15.0684931506849,6.46934564023553,7.3935378745549,3006.82499679119,150,0,135.253246411509,73
872,7,1,10,142.916666666667,3.00682499679119,145.636482147697,1.01903077887602,6.86641139124639,11,15.0684931506849,6.46934564023553,7.3935378745549,3006.82499679119,150,0,135.253246411509,73
873,7,1,10,142.916666666667,3.00682499679119,145.636482147697,1.01903077887602,6.86641139124639,11,15.0684931506849,6.46934564023553,7.3935378745549,3006.82499679119,150,0,135.253246411509,73
874,7,1,10,142.916666666667,3.00682499679119,145.636482147697,1.01903077887602,6.86641139124639,11,15.0684931506849,6.46934564023553,7.3935378745549,3006.82499679119,150,0,135.253246411509,73
875,7,1,10,142.916666666667,3.00682499679119,145.636482147697,1.01903077887602,6.86641139124639,11,15.0684931506849,6.46934564023553,7.3935378745549,3006.82499679119,150,0,135.253246411509,73
876,7,1,10,142.916666666667,3.00682499679119,145.636482147697,1.01903077887602,6.86641139124639,11,15.0684931506849,6.46934564023553,7.3935378745549,3006.82499679119,150,0,135.253246411509,73
877,7,1,10,142.916666666667,3.00682499679119,145.636482147697,1.01903077887602,6.86641139124639,11,15.0684931506849,6.46934564023553,7.3935378745549,3006.82499679119,150,0,135.253246411509,73
878,7,1,10,142.916666666667,3.00682499679119,145.636482147697,1.01903077887602,6.86641139124639,11,15.0684931506849,6.46934564023553,7.3935378745549,3006.82499679119,150,0,135.253246411509,73
879,7,1,10,142.916666666667,3.00682499679119,145.636482147697,1.01903077887602,6.86641139124639,11,15.0684931506849,6.46934564023553,7.3935378745549,3006.82499679119,150,0,135.253246411509,73
880,7,1,10,142.916666666667,3.00682499679119,145.636482147697,1.01903077887602,6.86641139124639,11,15.0684931506849,6.46934564023553,7.3935378745549,3006.82499679119,150,0,135.253246411509,73
881,7,2,3,142.916666666667,1.45512297388726,147.468109753788,1.03184683209648,6.78112713094101,13,36.1111111111111,6.59544778440345,7.5376546107468,727.561486943629,75,0,132.667262118146,36
882,7,2,3,142.916666666667,1.45512297388726,147.468109753788,1.03184683209648,6.78112713094101,13,36.1111111111111,6.59544778440345,7.5376546107468,727.561486943629,75,0,132.667262118146,36
883,7,2,3,142.916666666667,1.45512297388726,147.468109753788,1.03184683209648,6.78112713094101,13,36.1111111111111,6.59544778440345,7.5376546107468,727.561486943629,75,0,132.667262118146,36
884,7,2,3,142.916666666667,1.45512297388726,147.468109753788,1.03184683209648,6.78112713094101,13,36.1111111111111,6.59544778440345,7.5376546107468,727.561486943629,75,0,132.667262118146,36
885,7,2,3,142.916666666667,1.45512297388726,147.468109753788,1.03184683209648,6.78112713094101,13,36.1111111111111,6.59544778440345,7.5376546107468,727.561486943629,75,0,132.667262118146,36
886,7,2,3,142.916666666667,1.45512297388726,147.468109753788,1.03184683209648,6.78112713094101,13,36.1111111111111,6.59544778440345,7.5376546107468,727.561486943629,75,0,132.667262118146,36
887,7,2,3,142.916666666667,1.45512297388726,147.468109753788,1.03184683209648,6.78112713094101,13,36.1111111111111,6.59544778440345,7.5376546107468,727.561486943629,75,0,132.667262118146,36
888,7,2,3,142.916666666667,1.45512297388726,147.468109753788,1.03184683209648,6.78112713094101,13,36.1111111111111,6.59544778440345,7.5376546107468,727.561486943629,75,0,132.667262118146,36
889,7,2,3,142.916666666667,1.45512297388726,147.468109753788,1.03184683209648,6.78112713094101,13,36.1111111111111,6.59544778440345,7.5376546107468,727.561486943629,75,0,132.667262118146,36
890,7,2,3,142.916666666667,1.45512297388726,147.468109753788,1.03184683209648,6.78112713094101,13,36.1111111111111,6.59544778440345,7.5376546107468,727.561486943629,75,0,132.667262118146,36
891,7,2,3,142.916666666667,1.45512297388726,147.468109753788,1.03184683209648,6.78112713094101,13,36.1111111111111,6.59544778440345,7.5376546107468,727.561486943629,75,0,132.667262118146,36
892,7,2,3,142.916666666667,1.45512297388726,147.468109753788,1.03184683209648,6.78112713094101,13,36.1111111111111,6.59544778440345,7.5376546107468,727.561486943629,75,0,132.667262118146,36
893,7,2,3,142.916666666667,1.45512297388726,147.468109753788,1.03184683209648,6.78112713094101,13,36.1111111111111,6.59544778440345,7.5376546107468,727.561486943629,75,0,132.667262118146,36
894,7,2,3,142.916666666667,1.45512297388726,147.468109753788,1.03184683209648,6.78112713094101,13,36.1111111111111,6.59544778440345,7.5376546107468,727.561486943629,75,0,132.667262118146,36
895,7,2,3,142.916666666667,1.45512297388726,147.468109753788,1.03184683209648,6.78112713094101,13,36.1111111111111,6.59544778440345,7.5376546107468,727.561486943629,75,0,132.667262118146,36
896,7,2,3,142.916666666667,1.45512297388726,147.468109753788,1.03184683209648,6.78112713094101,13,36.1111111111111,6.59544778440345,7.5376546107468,727.561486943629,75,0,132.667262118146,36
897,7,2,3,142.916666666667,1.45512297388726,147.468109753788,1.03184683209648,6.78112713094101,13,36.1111111111111,6.59544778440345,7.5376546107468,727.561486943629,75,0,132.667262118146,36
898,7,2,3,142.916666666667,1.45512297388726,147.468109753788,1.03184683209648,6.78112713094101,13,36.1111111111111,6.59544778440345,7.5376546107468,727.561486943629,75,0,132.667262118146,36
899,7,2,3,142.916666666667,1.45512297388726,147.468109753788,1.03184683209648,6.78112713094101,13,36.1111111111111,6.59544778440345,7.5376546107468,727.561486943629,75,0,132.667262118146,36
900,7,2,3,142.916666666667,1.45512297388726,147.468109753788,1.03184683209648,6.78112713094101,13,36.1111111111111,6.59544778440345,7.5376546107468,727.561486943629,75,0,132.667262118146,36
901,7,2,5,142.916666666667,1.45248116556802,147.736328363713,1.03372358038749,6.76881584289882,13,36.1111111111111,6.58367119482688,7.52419565123072,726.240582784011,75,0,132.904571645001,36
902,7,2,5,142.916666666667,1.45248116556802,147.736328363713,1.03372358038749,6.76881584289882,13,36.1111111111111,6.58367119482688,7.52419565123072,726.240582784011,75,0,132.904571645001,36
903,7,2,5,142.916666666667,1.45248116556802,147.736328363713,1.03372358038749,6.76881584289882,13,36.1111111111111,6.58367119482688,7.52419565123072,726.240582784011,75,0,132.904571645001,36
904,7,2,5,142.916666666667,1.45248116556802,147.736328363713,1.03372358038749,6.76881584289882,13,36.1111111111111,6.58367119482688,7.52419565123072,726.240582784011,75,0,132.904571645001,36
905,7,2,5,142.916666666667,1.45248116556802,147.736328363713,1.03372358038749,6.76881584289882,13,36.1111111111111,6.58367119482688,7.52419565123072,726.240582784011,75,0,132.904571645001,36
906,7,2,5,142.916666666667,1.45248116556802,147.736328363713,1.03372358038749,6.76881584289882,13,36.1111111111111,6.58367119482688,7.52419565123072,726.240582784011,75,0,132.904571645001,36
907,7,2,5,142.916666666667,1.45248116556802,147.736328363713,1.03372358038749,6.76881584289882,13,36.1111111111111,6.58367119482688,7.52419565123072,726.240582784011,75,0,132.904571645001,36
908,7,2,5,142.916666666667,1.45248116556802,147.736328363713,1.03372358038749,6.76881584289882,13,36.1111111111111,6.58367119482688,7.52419565123072,726.240582784011,75,0,132.904571645001,36
909,7,2,5,142.916666666667,1.45248116556802,147.736328363713,1.03372358038749,6.76881584289882,13,36.1111111111111,6.58367119482688,7.52419565123072,726.240582784011,75,0,132.904571645001,36
910,7,2,5,142.916666666667,1.45248116556802,147.736328363713,1.03372358038749,6.76881584289882,13,36.1111111111111,6.58367119482688,7.52419565123072,726.240582784011,75,0,132.904571645001,36
911,7,2,5,142.916666666667,1.45248116556802,147.736328363713,1.03372358038749,6.76881584289882,13,36.1111111111111,6.58367119482688,7.52419565123072,726.240582784011,75,0,132.904571645001,36
912,7,2,5,142.916666666667,1.45248116556802,147.736328363713,1.03372358038749,6.76881584289882,13,36.1111111111111,6.58367119482688,7.52419565123072,726.240582784011,75,0,132.904571645001,36
913,7,2,5,142.916666666667,1.45248116556802,147.736328363713,1.03372358038749,6.76881584289882,13,36.1111111111111,6.58367119482688,7.52419565123072,726.240582784011,75,0,132.904571645001,36
914,7,2,5,142.916666666667,1.45248116556802,147.736328363713,1.03372358038749,6.76881584289882,13,36.1111111111111,6.58367119482688,7.52419565123072,726.240582784011,75,0,132.904571645001,36
915,7,2,5,142.916666666667,1.45248116556802,147.736328363713,1.03372358038749,6.76881584289882,13,36.1111111111111,6.58367119482688,7.52419565123072,726.240582784011,75,0,132.904571645001,36
916,7,2,5,142.916666666667,1.45248116556802,147.736328363713,1.03372358038749,6.76881584289882,13,36.1111111111111,6.58367119482688,7.52419565123072,726.240582784011,75,0,132.904571645001,36
917,7,2,5,142.916666666667,1.45248116556802,147.736328363713,1.03372358038749,6.76881584289882,13,36.1111111111111,6.58367119482688,7.52419565123072,726.240582784011,75,0,132.904571645001,36
918,7,2,5,142.916666666667,1.45248116556802,147.736328363713,1.03372358038749,6.76881584289882,13,36.1111111111111,6.58367119482688,7.52419565123072,726.240582784011,75,0,132.904571645001,36
919,7,2,5,142.916666666667,1.45248116556802,147.736328363713,1.03372358038749,6.76881584289882,13,36.1111111111111,6.58367119482688,7.52419565123072,726.240582784011,75,0,132.904571645001,36
920,7,2,5,142.916666666667,1.45248116556802,147.736328363713,1.03372358038749,6.76881584289882,13,36.1111111111111,6.58367119482688,7.52419565123072,726.240582784011,75,0,132.904571645001,36
921,7,2,7,142.916666666667,1.45143653719372,147.842657201777,1.03446757225733,6.7639476922766,13,36.1111111111111,6.57901447558861,7.51887368638698,725.718268596859,75,0,132.998643375339,36
922,7,2,7,142.916666666667,1.45143653719372,147.842657201777,1.03446757225733,6.7639476922766,13,36.1111111111111,6.57901447558861,7.51887368638698,725.718268596859,75,0,132.998643375339,36
923,7,2,7,142.916666666667,1.45143653719372,147.842657201777,1.03446757225733,6.7639476922766,13,36.1111111111111,6.57901447558861,7.51887368638698,725.718268596859,75,0,132.998643375339,36
924,7,2,7,142.916666666667,1.45143653719372,147.842657201777,1.03446757225733,6.7639476922766,13,36.1111111111111,6.57901447558861,7.51887368638698,725.718268596859,75,0,132.998643375339,36
925,7,2,7,142.916666666667,1.45143653719372,147.842657201777,1.03446757225733,6.7639476922766,13,36.1111111111111,6.57901447558861,7.51887368638698,725.718268596859,75,0,132.998643375339,36
926,7,2,7,142.916666666667,1.45143653719372,147.842657201777,1.03446757225733,6.7639476922766,13,36.1111111111111,6.57901447558861,7.51887368638698,725.718268596859,75,0,132.998643375339,36
927,7,2,7,142.916666666667,1.45143653719372,147.842657201777,1.03446757225733,6.7639476922766,13,36.1111111111111,6.57901447558861,7.51887368638698,725.718268596859,75,0,132.998643375339,36
928,7,2,7,142.916666666667,1.45143653719372,147.842657201777,1.03446757225733,6.7639476922766,13,36.1111111111111,6.57901447558861,7.51887368638698,725.718268596859,75,0,132.998643375339,36
929,7,2,7,142.916666666667,1.45143653719372,147.842657201777,1.03446757225733,6.7639476922766,13,36.1111111111111,6.57901447558861,7.51887368638698,725.718268596859,75,0,132.998643375339,36
930,7,2,7,142.916666666667,1.45143653719372,147.842657201777,1.03446757225733,6.7639476922766,13,36.1111111111111,6.57901447558861,7.51887368638698,725.718268596859,75,0,132.998643375339,36
931,7,2,7,142.916666666667,1.45143653719372,147.842657201777,1.03446757225733,6.7639476922766,13,36.1111111111111,6.57901447558861,7.51887368638698,725.718268596859,75,0,132.998643375339,36
932,7,2,7,142.916666666667,1.45143653719372,147.842657201777,1.03446757225733,6.7639476922766,13,36.1111111111111,6.57901447558861,7.51887368638698,725.718268596859,75,0,132.998643375339,36
933,7,2,7,142.916666666667,1.45143653719372,147.842657201777,1.03446757225733,6.7639476922766,13,36.1111111111111,6.57901447558861,7.51887368638698,725.718268596859,75,0,132.998643375339,36
934,7,2,7,142.916666666667,1.45143653719372,147.842657201777,1.03446757225733,6.7639476922766,13,36.1111111111111,6.57901447558861,7.51887368638698,725.718268596859,75,0,132.998643375339,36
935,7,2,7,142.916666666667,1.45143653719372,147.842657201777,1.03446757225733,6.7639476922766,13,36.1111111111111,6.57901447558861,7.51887368638698,725.718268596859,75,0,132.998643375339,36
936,7,2,7,142.916666666667,1.45143653719372,147.842657201777,1.03446757225733,6.7639476922766,13,36.1111111111111,6.57901447558861,7.51887368638698,725.718268596859,75,0,132.998643375339,36
937,7,2,7,142.916666666667,1.45143653719372,147.842657201777,1.03446757225733,6.7639476922766,13,36.1111111111111,6.57901447558861,7.51887368638698,725.718268596859,75,0,132.998643375339,36
938,7,2,7,142.916666666667,1.45143653719372,147.842657201777,1.03446757225733,6.7639476922766,13,36.1111111111111,6.57901447558861,7.51887368638698,725.718268596859,75,0,132.998643375339,36
939,7,2,7,142.916666666667,1.45143653719372,147.842657201777,1.03446757225733,6.7639476922766,13,36.1111111111111,6.57901447558861,7.51887368638698,725.718268596859,75,0,132.998643375339,36
940,7,2,7,142.916666666667,1.45143653719372,147.842657201777,1.03446757225733,6.7639476922766,13,36.1111111111111,6.57901447558861,7.51887368638698,725.718268596859,75,0,132.998643375339,36
941,7,2,10,142.916666666667,1.44986959463226,148.002437745369,1.03558557022999,6.75664546634327,13,36.1111111111111,6.57202939673111,7.51089073912127,724.934797316132,75,0,133.1400009311,36
942,7,2,10,142.916666666667,1.44986959463226,148.002437745369,1.03558557022999,6.75664546634327,13,36.1111111111111,6.57202939673111,7.51089073912127,724.934797316132,75,0,133.1400009311,36
943,7,2,10,142.916666666667,1.44986959463226,148.002437745369,1.03558557022999,6.75664546634327,13,36.1111111111111,6.57202939673111,7.51089073912127,724.934797316132,75,0,133.1400009311,36
944,7,2,10,142.916666666667,1.44986959463226,148.002437745369,1.03558557022999,6.75664546634327,13,36.1111111111111,6.57202939673111,7.51089073912127,724.934797316132,75,0,133.1400009311,36
945,7,2,10,142.916666666667,1.44986959463226,148.002437745369,1.03558557022999,6.75664546634327,13,36.1111111111111,6.57202939673111,7.51089073912127,724.934797316132,75,0,133.1400009311,36
946,7,2,10,142.916666666667,1.44986959463226,148.002437745369,1.03558557022999,6.75664546634327,13,36.1111111111111,6.57202939673111,7.51089073912127,724.934797316132,75,0,133.1400009311,36
947,7,2,10,142.916666666667,1.44986959463226,148.002437745369,1.03558557022999,6.75664546634327,13,36.1111111111111,6.57202939673111,7.51089073912127,724.934797316132,75,0,133.1400009311,36
948,7,2,10,142.916666666667,1.44986959463226,148.002437745369,1.03558557022999,6.75664546634327,13,36.1111111111111,6.57202939673111,7.51089073912127,724.934797316132,75,0,133.1400009311,36
949,7,2,10,142.916666666667,1.44986959463226,148.002437745369,1.03558557022999,6.75664546634327,13,36.1111111111111,6.57202939673111,7.51089073912127,724.934797316132,75,0,133.1400009311,36
950,7,2,10,142.916666666667,1.44986959463226,148.002437745369,1.03558557022999,6.75664546634327,13,36.1111111111111,6.57202939673111,7.51089073912127,724.934797316132,75,0,133.1400009311,36
951,7,2,10,142.916666666667,1.44986959463226,148.002437745369,1.03558557022999,6.75664546634327,13,36.1111111111111,6.57202939673111,7.51089073912127,724.934797316132,75,0,133.1400009311,36
952,7,2,10,142.916666666667,1.44986959463226,148.002437745369,1.03558557022999,6.75664546634327,13,36.1111111111111,6.57202939673111,7.51089073912127,724.934797316132,75,0,133.1400009311,36
953,7,2,10,142.916666666667,1.44986959463226,148.002437745369,1.03558557022999,6.75664546634327,13,36.1111111111111,6.57202939673111,7.51089073912127,724.934797316132,75,0,133.1400009311,36
954,7,2,10,142.916666666667,1.44986959463226,148.002437745369,1.03558557022999,6.75664546634327,13,36.1111111111111,6.57202939673111,7.51089073912127,724.934797316132,75,0,133.1400009311,36
955,7,2,10,142.916666666667,1.44986959463226,148.002437745369,1.03558557022999,6.75664546634327,13,36.1111111111111,6.57202939673111,7.51089073912127,724.934797316132,75,0,133.1400009311,36
956,7,2,10,142.916666666667,1.44986959463226,148.002437745369,1.03558557022999,6.75664546634327,13,36.1111111111111,6.57202939673111,7.51089073912127,724.934797316132,75,0,133.1400009311,36
957,7,2,10,142.916666666667,1.44986959463226,148.002437745369,1.03558557022999,6.75664546634327,13,36.1111111111111,6.57202939673111,7.51089073912127,724.934797316132,75,0,133.1400009311,36
958,7,2,10,142.916666666667,1.44986959463226,148.002437745369,1.03558557022999,6.75664546634327,13,36.1111111111111,6.57202939673111,7.51089073912127,724.934797316132,75,0,133.1400009311,36
959,7,2,10,142.916666666667,1.44986959463226,148.002437745369,1.03558557022999,6.75664546634327,13,36.1111111111111,6.57202939673111,7.51089073912127,724.934797316132,75,0,133.1400009311,36
960,7,2,10,142.916666666667,1.44986959463226,148.002437745369,1.03558557022999,6.75664546634327,13,36.1111111111111,6.57202939673111,7.51089073912127,724.934797316132,75,0,133.1400009311,36
961,7,3,3,142.916666666667,1.01811181248549,137.613017931065,0.962889921383547,7.26675437421866,11,47.8260869565217,7.40707739054317,8.46523130347791,339.37060416183,50,0,118.130262972159,23
962,7,3,3,142.916666666667,1.01811181248549,137.613017931065,0.962889921383547,7.26675437421866,11,47.8260869565217,7.40707739054317,8.46523130347791,339.37060416183,50,0,118.130262972159,23
963,7,3,3,142.916666666667,1.01811181248549,137.613017931065,0.962889921383547,7.26675437421866,11,47.8260869565217,7.40707739054317,8.46523130347791,339.37060416183,50,0,118.130262972159,23
964,7,3,3,142.916666666667,1.01811181248549,137.613017931065,0.962889921383547,7.26675437421866,11,47.8260869565217,7.40707739054317,8.46523130347791,339.37060416183,50,0,118.130262972159,23
965,7,3,3,142.916666666667,1.01811181248549,137.613017931065,0.962889921383547,7.26675437421866,11,47.8260869565217,7.40707739054317,8.46523130347791,339.37060416183,50,0,118.130262972159,23
966,7,3,3,142.916666666667,1.01811181248549,137.613017931065,0.962889921383547,7.26675437421866,11,47.8260869565217,7.40707739054317,8.46523130347791,339.37060416183,50,0,118.130262972159,23
967,7,3,3,142.916666666667,1.01811181248549,137.613017931065,0.962889921383547,7.26675437421866,11,47.8260869565217,7.40707739054317,8.46523130347791,339.37060416183,50,0,118.130262972159,23
968,7,3,3,142.916666666667,1.01811181248549,137.613017931065,0.962889921383547,7.26675437421866,11,47.8260869565217,7.40707739054317,8.46523130347791,339.37060416183,50,0,118.130262972159,23
969,7,3,3,142.916666666667,1.01811181248549,137.613017931065,0.962889921383547,7.26675437421866,11,47.8260869565217,7.40707739054317,8.46523130347791,339.37060416183,50,0,118.130262972159,23
970,7,3,3,142.916666666667,1.01811181248549,137.613017931065,0.962889921383547,7.26675437421866,11,47.8260869565217,7.40707739054317,8.46523130347791,339.37060416183,50,0,118.130262972159,23
971,7,3,3,142.916666666667,1.01811181248549,137.613017931065,0.962889921383547,7.26675437421866,11,47.8260869565217,7.40707739054317,8.46523130347791,339.37060416183,50,0,118.130262972159,23
972,7,3,3,142.916666666667,1.01811181248549,137.613017931065,0.962889921383547,7.26675437421866,11,47.8260869565217,7.40707739054317,8.46523130347791,339.37060416183,50,0,118.130262972159,23
973,7,3,3,142.916666666667,1.01811181248549,137.613017931065,0.962889921383547,7.26675437421866,11,47.8260869565217,7.40707739054317,8.46523130347791,339.37060416183,50,0,118.130262972159,23
974,7,3,3,142.916666666667,1.01811181248549,137.613017931065,0.962889921383547,7.26675437421866,11,47.8260869565217,7.40707739054317,8.46523130347791,339.37060416183,50,0,118.130262972159,23
975,7,3,3,142.916666666667,1.01811181248549,137.613017931065,0.962889921383547,7.26675437421866,11,47.8260869565217,7.40707739054317,8.46523130347791,339.37060416183,50,0,118.130262972159,23
976,7,3,3,142.916666666667,1.01811181248549,137.613017931065,0.962889921383547,7.26675437421866,11,47.8260869565217,7.40707739054317,8.46523130347791,339.37060416183,50,0,118.130262972159,23
977,7,3,3,142.916666666667,1.01811181248549,137.613017931065,0.962889921383547,7.26675437421866,11,47.8260869565217,7.40707739054317,8.46523130347791,339.37060416183,50,0,118.130262972159,23
978,7,3,3,142.916666666667,1.01811181248549,137.613017931065,0.962889921383547,7.26675437421866,11,47.8260869565217,7.40707739054317,8.46523130347791,339.37060416183,50,0,118.130262972159,23
979,7,3,3,142.916666666667,1.01811181248549,137.613017931065,0.962889921383547,7.26675437421866,11,47.8260869565217,7.40707739054317,8.46523130347791,339.37060416183,50,0,118.130262972159,23
980,7,3,3,142.916666666667,1.01811181248549,137.613017931065,0.962889921383547,7.26675437421866,11,47.8260869565217,7.40707739054317,8.46523130347791,339.37060416183,50,0,118.130262972159,23
981,7,3,5,142.916666666667,1.01561311695213,137.951584878948,0.965258902943074,7.24891998071279,11,47.8260869565217,7.38922586095508,8.44482955537724,338.537705650711,50,0,118.415652257096,23
982,7,3,5,142.916666666667,1.01561311695213,137.951584878948,0.965258902943074,7.24891998071279,11,47.8260869565217,7.38922586095508,8.44482955537724,338.537705650711,50,0,118.415652257096,23
983,7,3,5,142.916666666667,1.01561311695213,137.951584878948,0.965258902943074,7.24891998071279,11,47.8260869565217,7.38922586095508,8.44482955537724,338.537705650711,50,0,118.415652257096,23
984,7,3,5,142.916666666667,1.01561311695213,137.951584878948,0.965258902943074,7.24891998071279,11,47.8260869565217,7.38922586095508,8.44482955537724,338.537705650711,50,0,118.415652257096,23
985,7,3,5,142.916666666667,1.01561311695213,137.951584878948,0.965258902943074,7.24891998071279,11,47.8260869565217,7.38922586095508,8.44482955537724,338.537705650711,50,0,118.415652257096,23
986,7,3,5,142.916666666667,1.01561311695213,137.951584878948,0.965258902943074,7.24891998071279,11,47.8260869565217,7.38922586095508,8.44482955537724,338.537705650711,50,0,118.415652257096,23
987,7,3,5,142.916666666667,1.01561311695213,137.951584878948,0.965258902943074,7.24891998071279,11,47.8260869565217,7.38922586095508,8.44482955537724,338.537705650711,50,0,118.415652257096,23
988,7,3,5,142.916666666667,1.01561311695213,137.951584878948,0.965258902943074,7.24891998071279,11,47.8260869565217,7.38922586095508,8.44482955537724,338.537705650711,50,0,118.415652257096,23
989,7,3,5,142.916666666667,1.01561311695213,137.951584878948,0.965258902943074,7.24891998071279,11,47.8260869565217,7.38922586095508,8.44482955537724,338.537705650711,50,0,118.415652257096,23
990,7,3,5,142.916666666667,1.01561311695213,137.951584878948,0.965258902943074,7.24891998071279,11,47.8260869565217,7.38922586095508,8.44482955537724,338.537705650711,50,0,118.415652257096,23
991,7,3,5,142.916666666667,1.01561311695213,137.951584878948,0.965258902943074,7.24891998071279,11,47.8260869565217,7.38922586095508,8.44482955537724,338.537705650711,50,0,118.415652257096,23
992,7,3,5,142.916666666667,1.01561311695213,137.951584878948,0.965258902943074,7.24891998071279,11,47.8260869565217,7.38922586095508,8.44482955537724,338.537705650711,50,0,118.415652257096,23
993,7,3,5,142.916666666667,1.01561311695213,137.951584878948,0.965258902943074,7.24891998071279,11,47.8260869565217,7.38922586095508,8.44482955537724,338.537705650711,50,0,118.415652257096,23
994,7,3,5,142.916666666667,1.01561311695213,137.951584878948,0.965258902943074,7.24891998071279,11,47.8260869565217,7.38922586095508,8.44482955537724,338.537705650711,50,0,118.415652257096,23
995,7,3,5,142.916666666667,1.01561311695213,137.951584878948,0.965258902943074,7.24891998071279,11,47.8260869565217,7.38922586095508,8.44482955537724,338.537705650711,50,0,118.415652257096,23
996,7,3,5,142.916666666667,1.01561311695213,137.951584878948,0.965258902943074,7.24891998071279,11,47.8260869565217,7.38922586095508,8.44482955537724,338.537705650711,50,0,118.415652257096,23
997,7,3,5,142.916666666667,1.01561311695213,137.951584878948,0.965258902943074,7.24891998071279,11,47.8260869565217,7.38922586095508,8.44482955537724,338.537705650711,50,0,118.415652257096,23
998,7,3,5,142.916666666667,1.01561311695213,137.951584878948,0.965258902943074,7.24891998071279,11,47.8260869565217,7.38922586095508,8.44482955537724,338.537705650711,50,0,118.415652257096,23
999,7,3,5,142.916666666667,1.01561311695213,137.951584878948,0.965258902943074,7.24891998071279,11,47.8260869565217,7.38922586095508,8.44482955537724,338.537705650711,50,0,118.415652257096,23
1000,7,3,5,142.916666666667,1.01561311695213,137.951584878948,0.965258902943074,7.24891998071279,11,47.8260869565217,7.38922586095508,8.44482955537724,338.537705650711,50,0,118.415652257096,23
1001,7,3,7,142.916666666667,1.01445550266246,138.109004031902,0.966360378065786,7.24065752996821,11,47.8260869565217,7.38094373117603,8.43536426420118,338.151834220819,50,0,118.548526024406,23
1002,7,3,7,142.916666666667,1.01445550266246,138.109004031902,0.966360378065786,7.24065752996821,11,47.8260869565217,7.38094373117603,8.43536426420118,338.151834220819,50,0,118.548526024406,23
1003,7,3,7,142.916666666667,1.01445550266246,138.109004031902,0.966360378065786,7.24065752996821,11,47.8260869565217,7.38094373117603,8.43536426420118,338.151834220819,50,0,118.548526024406,23
1004,7,3,7,142.916666666667,1.01445550266246,138.109004031902,0.966360378065786,7.24065752996821,11,47.8260869565217,7.38094373117603,8.43536426420118,338.151834220819,50,0,118.548526024406,23
1005,7,3,7,142.916666666667,1.01445550266246,138.109004031902,0.966360378065786,7.24065752996821,11,47.8260869565217,7.38094373117603,8.43536426420118,338.151834220819,50,0,118.548526024406,23
1006,7,3,7,142.916666666667,1.01445550266246,138.109004031902,0.966360378065786,7.24065752996821,11,47.8260869565217,7.38094373117603,8.43536426420118,338.151834220819,50,0,118.548526024406,23
1007,7,3,7,142.916666666667,1.01445550266246,138.109004031902,0.966360378065786,7.24065752996821,11,47.8260869565217,7.38094373117603,8.43536426420118,338.151834220819,50,0,118.548526024406,23
1008,7,3,7,142.916666666667,1.01445550266246,138.109004031902,0.966360378065786,7.24065752996821,11,47.8260869565217,7.38094373117603,8.43536426420118,338.151834220819,50,0,118.548526024406,23
1009,7,3,7,142.916666666667,1.01445550266246,138.109004031902,0.966360378065786,7.24065752996821,11,47.8260869565217,7.38094373117603,8.43536426420118,338.151834220819,50,0,118.548526024406,23
1010,7,3,7,142.916666666667,1.01445550266246,138.109004031902,0.966360378065786,7.24065752996821,11,47.8260869565217,7.38094373117603,8.43536426420118,338.151834220819,50,0,118.548526024406,23
1011,7,3,7,142.916666666667,1.01445550266246,138.109004031902,0.966360378065786,7.24065752996821,11,47.8260869565217,7.38094373117603,8.43536426420118,338.151834220819,50,0,118.548526024406,23
1012,7,3,7,142.916666666667,1.01445550266246,138.109004031902,0.966360378065786,7.24065752996821,11,47.8260869565217,7.38094373117603,8.43536426420118,338.151834220819,50,0,118.548526024406,23
1013,7,3,7,142.916666666667,1.01445550266246,138.109004031902,0.966360378065786,7.24065752996821,11,47.8260869565217,7.38094373117603,8.43536426420118,338.151834220819,50,0,118.548526024406,23
1014,7,3,7,142.916666666667,1.01445550266246,138.109004031902,0.966360378065786,7.24065752996821,11,47.8260869565217,7.38094373117603,8.43536426420118,338.151834220819,50,0,118.548526024406,23
1015,7,3,7,142.916666666667,1.01445550266246,138.109004031902,0.966360378065786,7.24065752996821,11,47.8260869565217,7.38094373117603,8.43536426420118,338.151834220819,50,0,118.548526024406,23
1016,7,3,7,142.916666666667,1.01445550266246,138.109004031902,0.966360378065786,7.24065752996821,11,47.8260869565217,7.38094373117603,8.43536426420118,338.151834220819,50,0,118.548526024406,23
1017,7,3,7,142.916666666667,1.01445550266246,138.109004031902,0.966360378065786,7.24065752996821,11,47.8260869565217,7.38094373117603,8.43536426420118,338.151834220819,50,0,118.548526024406,23
1018,7,3,7,142.916666666667,1.01445550266246,138.109004031902,0.966360378065786,7.24065752996821,11,47.8260869565217,7.38094373117603,8.43536426420118,338.151834220819,50,0,118.548526024406,23
1019,7,3,7,142.916666666667,1.01445550266246,138.109004031902,0.966360378065786,7.24065752996821,11,47.8260869565217,7.38094373117603,8.43536426420118,338.151834220819,50,0,118.548526024406,23
1020,7,3,7,142.916666666667,1.01445550266246,138.109004031902,0.966360378065786,7.24065752996821,11,47.8260869565217,7.38094373117603,8.43536426420118,338.151834220819,50,0,118.548526024406,23
1021,7,3,10,142.916666666667,1.01271908122794,138.345807543701,0.968017312259129,7.22826385385131,11,47.8260869565217,7.36852053650745,8.42116632743709,337.573027075982,50,0,118.748396732397,23
1022,7,3,10,142.916666666667,1.01271908122794,138.345807543701,0.968017312259129,7.22826385385131,11,47.8260869565217,7.36852053650745,8.42116632743709,337.573027075982,50,0,118.748396732397,23
1023,7,3,10,142.916666666667,1.01271908122794,138.345807543701,0.968017312259129,7.22826385385131,11,47.8260869565217,7.36852053650745,8.42116632743709,337.573027075982,50,0,118.748396732397,23
1024,7,3,10,142.916666666667,1.01271908122794,138.345807543701,0.968017312259129,7.22826385385131,11,47.8260869565217,7.36852053650745,8.42116632743709,337.573027075982,50,0,118.748396732397,23
1025,7,3,10,142.916666666667,1.01271908122794,138.345807543701,0.968017312259129,7.22826385385131,11,47.8260869565217,7.36852053650745,8.42116632743709,337.573027075982,50,0,118.748396732397,23
1026,7,3,10,142.916666666667,1.01271908122794,138.345807543701,0.968017312259129,7.22826385385131,11,47.8260869565217,7.36852053650745,8.42116632743709,337.573027075982,50,0,118.748396732397,23
1027,7,3,10,142.916666666667,1.01271908122794,138.345807543701,0.968017312259129,7.22826385385131,11,47.8260869565217,7.36852053650745,8.42116632743709,337.573027075982,50,0,118.748396732397,23
1028,7,3,10,142.916666666667,1.01271908122794,138.345807543701,0.968017312259129,7.22826385385131,11,47.8260869565217,7.36852053650745,8.42116632743709,337.573027075982,50,0,118.748396732397,23
1029,7,3,10,142.916666666667,1.01271908122794,138.345807543701,0.968017312259129,7.22826385385131,11,47.8260869565217,7.36852053650745,8.42116632743709,337.573027075982,50,0,118.748396732397,23
1030,7,3,10,142.916666666667,1.01271908122794,138.345807543701,0.968017312259129,7.22826385385131,11,47.8260869565217,7.36852053650745,8.42116632743709,337.573027075982,50,0,118.748396732397,23
1031,7,3,10,142.916666666667,1.01271908122794,138.345807543701,0.968017312259129,7.22826385385131,11,47.8260869565217,7.36852053650745,8.42116632743709,337.573027075982,50,0,118.748396732397,23
1032,7,3,10,142.916666666667,1.01271908122794,138.345807543701,0.968017312259129,7.22826385385131,11,47.8260869565217,7.36852053650745,8.42116632743709,337.573027075982,50,0,118.748396732397,23
1033,7,3,10,142.916666666667,1.01271908122794,138.345807543701,0.968017312259129,7.22826385385131,11,47.8260869565217,7.36852053650745,8.42116632743709,337.573027075982,50,0,118.748396732397,23
1034,7,3,10,142.916666666667,1.01271908122794,138.345807543701,0.968017312259129,7.22826385385131,11,47.8260869565217,7.36852053650745,8.42116632743709,337.573027075982,50,0,118.748396732397,23
1035,7,3,10,142.916666666667,1.01271908122794,138.345807543701,0.968017312259129,7.22826385385131,11,47.8260869565217,7.36852053650745,8.42116632743709,337.573027075982,50,0,118.748396732397,23
1036,7,3,10,142.916666666667,1.01271908122794,138.345807543701,0.968017312259129,7.22826385385131,11,47.8260869565217,7.36852053650745,8.42116632743709,337.573027075982,50,0,118.748396732397,23
1037,7,3,10,142.916666666667,1.01271908122794,138.345807543701,0.968017312259129,7.22826385385131,11,47.8260869565217,7.36852053650745,8.42116632743709,337.573027075982,50,0,118.748396732397,23
1038,7,3,10,142.916666666667,1.01271908122794,138.345807543701,0.968017312259129,7.22826385385131,11,47.8260869565217,7.36852053650745,8.42116632743709,337.573027075982,50,0,118.748396732397,23
1039,7,3,10,142.916666666667,1.01271908122794,138.345807543701,0.968017312259129,7.22826385385131,11,47.8260869565217,7.36852053650745,8.42116632743709,337.573027075982,50,0,118.748396732397,23
1040,7,3,10,142.916666666667,1.01271908122794,138.345807543701,0.968017312259129,7.22826385385131,11,47.8260869565217,7.36852053650745,8.42116632743709,337.573027075982,50,0,118.748396732397,23
1041,7,4,3,142.916666666667,0.699643343015909,146.980754304147,1.02843676481035,6.80361183839556,10,58.8235294117647,7.54065037772621,8.61788614597281,174.910835753977,37.5,0,116.037736291899,17
1042,7,4,3,142.916666666667,0.699643343015909,146.980754304147,1.02843676481035,6.80361183839556,10,58.8235294117647,7.54065037772621,8.61788614597281,174.910835753977,37.5,0,116.037736291899,17
1043,7,4,3,142.916666666667,0.699643343015909,146.980754304147,1.02843676481035,6.80361183839556,10,58.8235294117647,7.54065037772621,8.61788614597281,174.910835753977,37.5,0,116.037736291899,17
1044,7,4,3,142.916666666667,0.699643343015909,146.980754304147,1.02843676481035,6.80361183839556,10,58.8235294117647,7.54065037772621,8.61788614597281,174.910835753977,37.5,0,116.037736291899,17
1045,7,4,3,142.916666666667,0.699643343015909,146.980754304147,1.02843676481035,6.80361183839556,10,58.8235294117647,7.54065037772621,8.61788614597281,174.910835753977,37.5,0,116.037736291899,17
1046,7,4,3,142.916666666667,0.699643343015909,146.980754304147,1.02843676481035,6.80361183839556,10,58.8235294117647,7.54065037772621,8.61788614597281,174.910835753977,37.5,0,116.037736291899,17
1047,7,4,3,142.916666666667,0.699643343015909,146.980754304147,1.02843676481035,6.80361183839556,10,58.8235294117647,7.54065037772621,8.61788614597281,174.910835753977,37.5,0,116.037736291899,17
1048,7,4,3,142.916666666667,0.699643343015909,146.980754304147,1.02843676481035,6.80361183839556,10,58.8235294117647,7.54065037772621,8.61788614597281,174.910835753977,37.5,0,116.037736291899,17
1049,7,4,3,142.916666666667,0.699643343015909,146.980754304147,1.02843676481035,6.80361183839556,10,58.8235294117647,7.54065037772621,8.61788614597281,174.910835753977,37.5,0,116.037736291899,17
1050,7,4,3,142.916666666667,0.699643343015909,146.980754304147,1.02843676481035,6.80361183839556,10,58.8235294117647,7.54065037772621,8.61788614597281,174.910835753977,37.5,0,116.037736291899,17
1051,7,4,3,142.916666666667,0.699643343015909,146.980754304147,1.02843676481035,6.80361183839556,10,58.8235294117647,7.54065037772621,8.61788614597281,174.910835753977,37.5,0,116.037736291899,17
1052,7,4,3,142.916666666667,0.699643343015909,146.980754304147,1.02843676481035,6.80361183839556,10,58.8235294117647,7.54065037772621,8.61788614597281,174.910835753977,37.5,0,116.037736291899,17
1053,7,4,3,142.916666666667,0.699643343015909,146.980754304147,1.02843676481035,6.80361183839556,10,58.8235294117647,7.54065037772621,8.61788614597281,174.910835753977,37.5,0,116.037736291899,17
1054,7,4,3,142.916666666667,0.699643343015909,146.980754304147,1.02843676481035,6.80361183839556,10,58.8235294117647,7.54065037772621,8.61788614597281,174.910835753977,37.5,0,116.037736291899,17
1055,7,4,3,142.916666666667,0.699643343015909,146.980754304147,1.02843676481035,6.80361183839556,10,58.8235294117647,7.54065037772621,8.61788614597281,174.910835753977,37.5,0,116.037736291899,17
1056,7,4,3,142.916666666667,0.699643343015909,146.980754304147,1.02843676481035,6.80361183839556,10,58.8235294117647,7.54065037772621,8.61788614597281,174.910835753977,37.5,0,116.037736291899,17
1057,7,4,3,142.916666666667,0.699643343015909,146.980754304147,1.02843676481035,6.80361183839556,10,58.8235294117647,7.54065037772621,8.61788614597281,174.910835753977,37.5,0,116.037736291899,17
1058,7,4,3,142.916666666667,0.699643343015909,146.980754304147,1.02843676481035,6.80361183839556,10,58.8235294117647,7.54065037772621,8.61788614597281,174.910835753977,37.5,0,116.037736291899,17
1059,7,4,3,142.916666666667,0.699643343015909,146.980754304147,1.02843676481035,6.80361183839556,10,58.8235294117647,7.54065037772621,8.61788614597281,174.910835753977,37.5,0,116.037736291899,17
1060,7,4,3,142.916666666667,0.699643343015909,146.980754304147,1.02843676481035,6.80361183839556,10,58.8235294117647,7.54065037772621,8.61788614597281,174.910835753977,37.5,0,116.037736291899,17
1061,7,4,5,142.916666666667,0.697384217837621,147.456887709917,1.0317683105067,6.78164320114529,10,58.8235294117647,7.51680185532729,8.59063069180262,174.346054459405,37.5,0,116.405888679887,17
1062,7,4,5,142.916666666667,0.697384217837621,147.456887709917,1.0317683105067,6.78164320114529,10,58.8235294117647,7.51680185532729,8.59063069180262,174.346054459405,37.5,0,116.405888679887,17
1063,7,4,5,142.916666666667,0.697384217837621,147.456887709917,1.0317683105067,6.78164320114529,10,58.8235294117647,7.51680185532729,8.59063069180262,174.346054459405,37.5,0,116.405888679887,17
1064,7,4,5,142.916666666667,0.697384217837621,147.456887709917,1.0317683105067,6.78164320114529,10,58.8235294117647,7.51680185532729,8.59063069180262,174.346054459405,37.5,0,116.405888679887,17
1065,7,4,5,142.916666666667,0.697384217837621,147.456887709917,1.0317683105067,6.78164320114529,10,58.8235294117647,7.51680185532729,8.59063069180262,174.346054459405,37.5,0,116.405888679887,17
1066,7,4,5,142.916666666667,0.697384217837621,147.456887709917,1.0317683105067,6.78164320114529,10,58.8235294117647,7.51680185532729,8.59063069180262,174.346054459405,37.5,0,116.405888679887,17
1067,7,4,5,142.916666666667,0.697384217837621,147.456887709917,1.0317683105067,6.78164320114529,10,58.8235294117647,7.51680185532729,8.59063069180262,174.346054459405,37.5,0,116.405888679887,17
1068,7,4,5,142.916666666667,0.697384217837621,147.456887709917,1.0317683105067,6.78164320114529,10,58.8235294117647,7.51680185532729,8.59063069180262,174.346054459405,37.5,0,116.405888679887,17
1069,7,4,5,142.916666666667,0.697384217837621,147.456887709917,1.0317683105067,6.78164320114529,10,58.8235294117647,7.51680185532729,8.59063069180262,174.346054459405,37.5,0,116.405888679887,17
1070,7,4,5,142.916666666667,0.697384217837621,147.456887709917,1.0317683105067,6.78164320114529,10,58.8235294117647,7.51680185532729,8.59063069180262,174.346054459405,37.5,0,116.405888679887,17
1071,7,4,5,142.916666666667,0.697384217837621,147.456887709917,1.0317683105067,6.78164320114529,10,58.8235294117647,7.51680185532729,8.59063069180262,174.346054459405,37.5,0,116.405888679887,17
1072,7,4,5,142.916666666667,0.697384217837621,147.456887709917,1.0317683105067,6.78164320114529,10,58.8235294117647,7.51680185532729,8.59063069180262,174.346054459405,37.5,0,116.405888679887,17
1073,7,4,5,142.916666666667,0.697384217837621,147.456887709917,1.0317683105067,6.78164320114529,10,58.8235294117647,7.51680185532729,8.59063069180262,174.346054459405,37.5,0,116.405888679887,17
1074,7,4,5,142.916666666667,0.697384217837621,147.456887709917,1.0317683105067,6.78164320114529,10,58.8235294117647,7.51680185532729,8.59063069180262,174.346054459405,37.5,0,116.405888679887,17
1075,7,4,5,142.916666666667,0.697384217837621,147.456887709917,1.0317683105067,6.78164320114529,10,58.8235294117647,7.51680185532729,8.59063069180262,174.346054459405,37.5,0,116.405888679887,17
1076,7,4,5,142.916666666667,0.697384217837621,147.456887709917,1.0317683105067,6.78164320114529,10,58.8235294117647,7.51680185532729,8.59063069180262,174.346054459405,37.5,0,116.405888679887,17
1077,7,4,5,142.916666666667,0.697384217837621,147.456887709917,1.0317683105067,6.78164320114529,10,58.8235294117647,7.51680185532729,8.59063069180262,174.346054459405,37.5,0,116.405888679887,17
1078,7,4,5,142.916666666667,0.697384217837621,147.456887709917,1.0317683105067,6.78164320114529,10,58.8235294117647,7.51680185532729,8.59063069180262,174.346054459405,37.5,0,116.405888679887,17
1079,7,4,5,142.916666666667,0.697384217837621,147.456887709917,1.0317683105067,6.78164320114529,10,58.8235294117647,7.51680185532729,8.59063069180262,174.346054459405,37.5,0,116.405888679887,17
1080,7,4,5,142.916666666667,0.697384217837621,147.456887709917,1.0317683105067,6.78164320114529,10,58.8235294117647,7.51680185532729,8.59063069180262,174.346054459405,37.5,0,116.405888679887,17
1081,7,4,7,142.916666666667,0.696261066592589,147.694753066701,1.03343267451919,6.77072122899577,10,58.8235294117647,7.50494527567337,8.57708031505528,174.065266648147,37.5,0,116.589790845809,17
1082,7,4,7,142.916666666667,0.696261066592589,147.694753066701,1.03343267451919,6.77072122899577,10,58.8235294117647,7.50494527567337,8.57708031505528,174.065266648147,37.5,0,116.589790845809,17
1083,7,4,7,142.916666666667,0.696261066592589,147.694753066701,1.03343267451919,6.77072122899577,10,58.8235294117647,7.50494527567337,8.57708031505528,174.065266648147,37.5,0,116.589790845809,17
1084,7,4,7,142.916666666667,0.696261066592589,147.694753066701,1.03343267451919,6.77072122899577,10,58.8235294117647,7.50494527567337,8.57708031505528,174.065266648147,37.5,0,116.589790845809,17
1085,7,4,7,142.916666666667,0.696261066592589,147.694753066701,1.03343267451919,6.77072122899577,10,58.8235294117647,7.50494527567337,8.57708031505528,174.065266648147,37.5,0,116.589790845809,17
1086,7,4,7,142.916666666667,0.696261066592589,147.694753066701,1.03343267451919,6.77072122899577,10,58.8235294117647,7.50494527567337,8.57708031505528,174.065266648147,37.5,0,116.589790845809,17
1087,7,4,7,142.916666666667,0.696261066592589,147.694753066701,1.03343267451919,6.77072122899577,10,58.8235294117647,7.50494527567337,8.57708031505528,174.065266648147,37.5,0,116.589790845809,17
1088,7,4,7,142.916666666667,0.696261066592589,147.694753066701,1.03343267451919,6.77072122899577,10,58.8235294117647,7.50494527567337,8.57708031505528,174.065266648147,37.5,0,116.589790845809,17
1089,7,4,7,142.916666666667,0.696261066592589,147.694753066701,1.03343267451919,6.77072122899577,10,58.8235294117647,7.50494527567337,8.57708031505528,174.065266648147,37.5,0,116.589790845809,17
1090,7,4,7,142.916666666667,0.696261066592589,147.694753066701,1.03343267451919,6.77072122899577,10,58.8235294117647,7.50494527567337,8.57708031505528,174.065266648147,37.5,0,116.589790845809,17
1091,7,4,7,142.916666666667,0.696261066592589,147.694753066701,1.03343267451919,6.77072122899577,10,58.8235294117647,7.50494527567337,8.57708031505528,174.065266648147,37.5,0,116.589790845809,17
1092,7,4,7,142.916666666667,0.696261066592589,147.694753066701,1.03343267451919,6.77072122899577,10,58.8235294117647,7.50494527567337,8.57708031505528,174.065266648147,37.5,0,116.589790845809,17
1093,7,4,7,142.916666666667,0.696261066592589,147.694753066701,1.03343267451919,6.77072122899577,10,58.8235294117647,7.50494527567337,8.57708031505528,174.065266648147,37.5,0,116.589790845809,17
1094,7,4,7,142.916666666667,0.696261066592589,147.694753066701,1.03343267451919,6.77072122899577,10,58.8235294117647,7.50494527567337,8.57708031505528,174.065266648147,37.5,0,116.589790845809,17
1095,7,4,7,142.916666666667,0.696261066592589,147.694753066701,1.03343267451919,6.77072122899577,10,58.8235294117647,7.50494527567337,8.57708031505528,174.065266648147,37.5,0,116.589790845809,17
1096,7,4,7,142.916666666667,0.696261066592589,147.694753066701,1.03343267451919,6.77072122899577,10,58.8235294117647,7.50494527567337,8.57708031505528,174.065266648147,37.5,0,116.589790845809,17
1097,7,4,7,142.916666666667,0.696261066592589,147.694753066701,1.03343267451919,6.77072122899577,10,58.8235294117647,7.50494527567337,8.57708031505528,174.065266648147,37.5,0,116.589790845809,17
1098,7,4,7,142.916666666667,0.696261066592589,147.694753066701,1.03343267451919,6.77072122899577,10,58.8235294117647,7.50494527567337,8.57708031505528,174.065266648147,37.5,0,116.589790845809,17
1099,7,4,7,142.916666666667,0.696261066592589,147.694753066701,1.03343267451919,6.77072122899577,10,58.8235294117647,7.50494527567337,8.57708031505528,174.065266648147,37.5,0,116.589790845809,17
1100,7,4,7,142.916666666667,0.696261066592589,147.694753066701,1.03343267451919,6.77072122899577,10,58.8235294117647,7.50494527567337,8.57708031505528,174.065266648147,37.5,0,116.589790845809,17
1101,7,4,10,142.916666666667,0.694576339725041,148.052993485292,1.03593931301662,6.75433827077154,10,58.8235294117647,7.48716040619251,8.55675474993429,173.64408493126,37.5,0,116.866736189638,17
1102,7,4,10,142.916666666667,0.694576339725041,148.052993485292,1.03593931301662,6.75433827077154,10,58.8235294117647,7.48716040619251,8.55675474993429,173.64408493126,37.5,0,116.866736189638,17
1103,7,4,10,142.916666666667,0.694576339725041,148.052993485292,1.03593931301662,6.75433827077154,10,58.8235294117647,7.48716040619251,8.55675474993429,173.64408493126,37.5,0,116.866736189638,17
1104,7,4,10,142.916666666667,0.694576339725041,148.052993485292,1.03593931301662,6.75433827077154,10,58.8235294117647,7.48716040619251,8.55675474993429,173.64408493126,37.5,0,116.866736189638,17
1105,7,4,10,142.916666666667,0.694576339725041,148.052993485292,1.03593931301662,6.75433827077154,10,58.8235294117647,7.48716040619251,8.55675474993429,173.64408493126,37.5,0,116.866736189638,17
1106,7,4,10,142.916666666667,0.694576339725041,148.052993485292,1.03593931301662,6.75433827077154,10,58.8235294117647,7.48716040619251,8.55675474993429,173.64408493126,37.5,0,116.866736189638,17
1107,7,4,10,142.916666666667,0.694576339725041,148.052993485292,1.03593931301662,6.75433827077154,10,58.8235294117647,7.48716040619251,8.55675474993429,173.64408493126,37.5,0,116.866736189638,17
1108,7,4,10,142.916666666667,0.694576339725041,148.052993485292,1.03593931301662,6.75433827077154,10,58.8235294117647,7.48716040619251,8.55675474993429,173.64408493126,37.5,0,116.866736189638,17
1109,7,4,10,142.916666666667,0.694576339725041,148.052993485292,1.03593931301662,6.75433827077154,10,58.8235294117647,7.48716040619251,8.55675474993429,173.64408493126,37.5,0,116.866736189638,17
1110,7,4,10,142.916666666667,0.694576339725041,148.052993485292,1.03593931301662,6.75433827077154,10,58.8235294117647,7.48716040619251,8.55675474993429,173.64408493126,37.5,0,116.866736189638,17
1111,7,4,10,142.916666666667,0.694576339725041,148.052993485292,1.03593931301662,6.75433827077154,10,58.8235294117647,7.48716040619251,8.55675474993429,173.64408493126,37.5,0,116.866736189638,17
1112,7,4,10,142.916666666667,0.694576339725041,148.052993485292,1.03593931301662,6.75433827077154,10,58.8235294117647,7.48716040619251,8.55675474993429,173.64408493126,37.5,0,116.866736189638,17
1113,7,4,10,142.916666666667,0.694576339725041,148.052993485292,1.03593931301662,6.75433827077154,10,58.8235294117647,7.48716040619251,8.55675474993429,173.64408493126,37.5,0,116.866736189638,17
1114,7,4,10,142.916666666667,0.694576339725041,148.052993485292,1.03593931301662,6.75433827077154,10,58.8235294117647,7.48716040619251,8.55675474993429,173.64408493126,37.5,0,116.866736189638,17
1115,7,4,10,142.916666666667,0.694576339725041,148.052993485292,1.03593931301662,6.75433827077154,10,58.8235294117647,7.48716040619251,8.55675474993429,173.64408493126,37.5,0,116.866736189638,17
1116,7,4,10,142.916666666667,0.694576339725041,148.052993485292,1.03593931301662,6.75433827077154,10,58.8235294117647,7.48716040619251,8.55675474993429,173.64408493126,37.5,0,116.866736189638,17
1117,7,4,10,142.916666666667,0.694576339725041,148.052993485292,1.03593931301662,6.75433827077154,10,58.8235294117647,7.48716040619251,8.55675474993429,173.64408493126,37.5,0,116.866736189638,17
1118,7,4,10,142.916666666667,0.694576339725041,148.052993485292,1.03593931301662,6.75433827077154,10,58.8235294117647,7.48716040619251,8.55675474993429,173.64408493126,37.5,0,116.866736189638,17
1119,7,4,10,142.916666666667,0.694576339725041,148.052993485292,1.03593931301662,6.75433827077154,10,58.8235294117647,7.48716040619251,8.55675474993429,173.64408493126,37.5,0,116.866736189638,17
1120,7,4,10,142.916666666667,0.694576339725041,148.052993485292,1.03593931301662,6.75433827077154,10,58.8235294117647,7.48716040619251,8.55675474993429,173.64408493126,37.5,0,116.866736189638,17
1121,7,5,3,142.916666666667,0.524242159675842,153.507170866333,1.07410265329212,6.514353657594,9,64.2857142857143,6.55722701268011,7.49397372877727,104.848431935168,30,0,133.440553195422,14
1122,7,5,3,142.916666666667,0.524242159675842,153.507170866333,1.07410265329212,6.514353657594,9,64.2857142857143,6.55722701268011,7.49397372877727,104.848431935168,30,0,133.440553195422,14
1123,7,5,3,142.916666666667,0.524242159675842,153.507170866333,1.07410265329212,6.514353657594,9,64.2857142857143,6.55722701268011,7.49397372877727,104.848431935168,30,0,133.440553195422,14
1124,7,5,3,142.916666666667,0.524242159675842,153.507170866333,1.07410265329212,6.514353657594,9,64.2857142857143,6.55722701268011,7.49397372877727,104.848431935168,30,0,133.440553195422,14
1125,7,5,3,142.916666666667,0.524242159675842,153.507170866333,1.07410265329212,6.514353657594,9,64.2857142857143,6.55722701268011,7.49397372877727,104.848431935168,30,0,133.440553195422,14
1126,7,5,3,142.916666666667,0.524242159675842,153.507170866333,1.07410265329212,6.514353657594,9,64.2857142857143,6.55722701268011,7.49397372877727,104.848431935168,30,0,133.440553195422,14
1127,7,5,3,142.916666666667,0.524242159675842,153.507170866333,1.07410265329212,6.514353657594,9,64.2857142857143,6.55722701268011,7.49397372877727,104.848431935168,30,0,133.440553195422,14
1128,7,5,3,142.916666666667,0.524242159675842,153.507170866333,1.07410265329212,6.514353657594,9,64.2857142857143,6.55722701268011,7.49397372877727,104.848431935168,30,0,133.440553195422,14
1129,7,5,3,142.916666666667,0.524242159675842,153.507170866333,1.07410265329212,6.514353657594,9,64.2857142857143,6.55722701268011,7.49397372877727,104.848431935168,30,0,133.440553195422,14
1130,7,5,3,142.916666666667,0.524242159675842,153.507170866333,1.07410265329212,6.514353657594,9,64.2857142857143,6.55722701268011,7.49397372877727,104.848431935168,30,0,133.440553195422,14
1131,7,5,3,142.916666666667,0.524242159675842,153.507170866333,1.07410265329212,6.514353657594,9,64.2857142857143,6.55722701268011,7.49397372877727,104.848431935168,30,0,133.440553195422,14
1132,7,5,3,142.916666666667,0.524242159675842,153.507170866333,1.07410265329212,6.514353657594,9,64.2857142857143,6.55722701268011,7.49397372877727,104.848431935168,30,0,133.440553195422,14
1133,7,5,3,142.916666666667,0.524242159675842,153.507170866333,1.07410265329212,6.514353657594,9,64.2857142857143,6.55722701268011,7.49397372877727,104.848431935168,30,0,133.440553195422,14
1134,7,5,3,142.916666666667,0.524242159675842,153.507170866333,1.07410265329212,6.514353657594,9,64.2857142857143,6.55722701268011,7.49397372877727,104.848431935168,30,0,133.440553195422,14
1135,7,5,3,142.916666666667,0.524242159675842,153.507170866333,1.07410265329212,6.514353657594,9,64.2857142857143,6.55722701268011,7.49397372877727,104.848431935168,30,0,133.440553195422,14
1136,7,5,3,142.916666666667,0.524242159675842,153.507170866333,1.07410265329212,6.514353657594,9,64.2857142857143,6.55722701268011,7.49397372877727,104.848431935168,30,0,133.440553195422,14
1137,7,5,3,142.916666666667,0.524242159675842,153.507170866333,1.07410265329212,6.514353657594,9,64.2857142857143,6.55722701268011,7.49397372877727,104.848431935168,30,0,133.440553195422,14
1138,7,5,3,142.916666666667,0.524242159675842,153.507170866333,1.07410265329212,6.514353657594,9,64.2857142857143,6.55722701268011,7.49397372877727,104.848431935168,30,0,133.440553195422,14
1139,7,5,3,142.916666666667,0.524242159675842,153.507170866333,1.07410265329212,6.514353657594,9,64.2857142857143,6.55722701268011,7.49397372877727,104.848431935168,30,0,133.440553195422,14
1140,7,5,3,142.916666666667,0.524242159675842,153.507170866333,1.07410265329212,6.514353657594,9,64.2857142857143,6.55722701268011,7.49397372877727,104.848431935168,30,0,133.440553195422,14
1141,7,5,5,142.916666666667,0.522101584378435,154.175351322621,1.07877796843817,6.48612110445228,9,64.2857142857143,6.53095534879952,7.4639489700566,104.420316875687,30,0,133.977336127529,14
1142,7,5,5,142.916666666667,0.522101584378435,154.175351322621,1.07877796843817,6.48612110445228,9,64.2857142857143,6.53095534879952,7.4639489700566,104.420316875687,30,0,133.977336127529,14
1143,7,5,5,142.916666666667,0.522101584378435,154.175351322621,1.07877796843817,6.48612110445228,9,64.2857142857143,6.53095534879952,7.4639489700566,104.420316875687,30,0,133.977336127529,14
1144,7,5,5,142.916666666667,0.522101584378435,154.175351322621,1.07877796843817,6.48612110445228,9,64.2857142857143,6.53095534879952,7.4639489700566,104.420316875687,30,0,133.977336127529,14
1145,7,5,5,142.916666666667,0.522101584378435,154.175351322621,1.07877796843817,6.48612110445228,9,64.2857142857143,6.53095534879952,7.4639489700566,104.420316875687,30,0,133.977336127529,14
1146,7,5,5,142.916666666667,0.522101584378435,154.175351322621,1.07877796843817,6.48612110445228,9,64.2857142857143,6.53095534879952,7.4639489700566,104.420316875687,30,0,133.977336127529,14
1147,7,5,5,142.916666666667,0.522101584378435,154.175351322621,1.07877796843817,6.48612110445228,9,64.2857142857143,6.53095534879952,7.4639489700566,104.420316875687,30,0,133.977336127529,14
1148,7,5,5,142.916666666667,0.522101584378435,154.175351322621,1.07877796843817,6.48612110445228,9,64.2857142857143,6.53095534879952,7.4639489700566,104.420316875687,30,0,133.977336127529,14
1149,7,5,5,142.916666666667,0.522101584378435,154.175351322621,1.07877796843817,6.48612110445228,9,64.2857142857143,6.53095534879952,7.4639489700566,104.420316875687,30,0,133.977336127529,14
1150,7,5,5,142.916666666667,0.522101584378435,154.175351322621,1.07877796843817,6.48612110445228,9,64.2857142857143,6.53095534879952,7.4639489700566,104.420316875687,30,0,133.977336127529,14
1151,7,5,5,142.916666666667,0.522101584378435,154.175351322621,1.07877796843817,6.48612110445228,9,64.2857142857143,6.53095534879952,7.4639489700566,104.420316875687,30,0,133.977336127529,14
1152,7,5,5,142.916666666667,0.522101584378435,154.175351322621,1.07877796843817,6.48612110445228,9,64.2857142857143,6.53095534879952,7.4639489700566,104.420316875687,30,0,133.977336127529,14
1153,7,5,5,142.916666666667,0.522101584378435,154.175351322621,1.07877796843817,6.48612110445228,9,64.2857142857143,6.53095534879952,7.4639489700566,104.420316875687,30,0,133.977336127529,14
1154,7,5,5,142.916666666667,0.522101584378435,154.175351322621,1.07877796843817,6.48612110445228,9,64.2857142857143,6.53095534879952,7.4639489700566,104.420316875687,30,0,133.977336127529,14
1155,7,5,5,142.916666666667,0.522101584378435,154.175351322621,1.07877796843817,6.48612110445228,9,64.2857142857143,6.53095534879952,7.4639489700566,104.420316875687,30,0,133.977336127529,14
1156,7,5,5,142.916666666667,0.522101584378435,154.175351322621,1.07877796843817,6.48612110445228,9,64.2857142857143,6.53095534879952,7.4639489700566,104.420316875687,30,0,133.977336127529,14
1157,7,5,5,142.916666666667,0.522101584378435,154.175351322621,1.07877796843817,6.48612110445228,9,64.2857142857143,6.53095534879952,7.4639489700566,104.420316875687,30,0,133.977336127529,14
1158,7,5,5,142.916666666667,0.522101584378435,154.175351322621,1.07877796843817,6.48612110445228,9,64.2857142857143,6.53095534879952,7.4639489700566,104.420316875687,30,0,133.977336127529,14
1159,7,5,5,142.916666666667,0.522101584378435,154.175351322621,1.07877796843817,6.48612110445228,9,64.2857142857143,6.53095534879952,7.4639489700566,104.420316875687,30,0,133.977336127529,14
1160,7,5,5,142.916666666667,0.522101584378435,154.175351322621,1.07877796843817,6.48612110445228,9,64.2857142857143,6.53095534879952,7.4639489700566,104.420316875687,30,0,133.977336127529,14
1161,7,5,7,142.916666666667,0.520983981175769,154.526527684517,1.08123517913364,6.47138077186082,9,64.2857142857143,6.51723880459405,7.44827291953606,104.196796235154,30,0,134.25931230005,14
1162,7,5,7,142.916666666667,0.520983981175769,154.526527684517,1.08123517913364,6.47138077186082,9,64.2857142857143,6.51723880459405,7.44827291953606,104.196796235154,30,0,134.25931230005,14
1163,7,5,7,142.916666666667,0.520983981175769,154.526527684517,1.08123517913364,6.47138077186082,9,64.2857142857143,6.51723880459405,7.44827291953606,104.196796235154,30,0,134.25931230005,14
1164,7,5,7,142.916666666667,0.520983981175769,154.526527684517,1.08123517913364,6.47138077186082,9,64.2857142857143,6.51723880459405,7.44827291953606,104.196796235154,30,0,134.25931230005,14
1165,7,5,7,142.916666666667,0.520983981175769,154.526527684517,1.08123517913364,6.47138077186082,9,64.2857142857143,6.51723880459405,7.44827291953606,104.196796235154,30,0,134.25931230005,14
1166,7,5,7,142.916666666667,0.520983981175769,154.526527684517,1.08123517913364,6.47138077186082,9,64.2857142857143,6.51723880459405,7.44827291953606,104.196796235154,30,0,134.25931230005,14
1167,7,5,7,142.916666666667,0.520983981175769,154.526527684517,1.08123517913364,6.47138077186082,9,64.2857142857143,6.51723880459405,7.44827291953606,104.196796235154,30,0,134.25931230005,14
1168,7,5,7,142.916666666667,0.520983981175769,154.526527684517,1.08123517913364,6.47138077186082,9,64.2857142857143,6.51723880459405,7.44827291953606,104.196796235154,30,0,134.25931230005,14
1169,7,5,7,142.916666666667,0.520983981175769,154.526527684517,1.08123517913364,6.47138077186082,9,64.2857142857143,6.51723880459405,7.44827291953606,104.196796235154,30,0,134.25931230005,14
1170,7,5,7,142.916666666667,0.520983981175769,154.526527684517,1.08123517913364,6.47138077186082,9,64.2857142857143,6.51723880459405,7.44827291953606,104.196796235154,30,0,134.25931230005,14
1171,7,5,7,142.916666666667,0.520983981175769,154.526527684517,1.08123517913364,6.47138077186082,9,64.2857142857143,6.51723880459405,7.44827291953606,104.196796235154,30,0,134.25931230005,14
1172,7,5,7,142.916666666667,0.520983981175769,154.526527684517,1.08123517913364,6.47138077186082,9,64.2857142857143,6.51723880459405,7.44827291953606,104.196796235154,30,0,134.25931230005,14
1173,7,5,7,142.916666666667,0.520983981175769,154.526527684517,1.08123517913364,6.47138077186082,9,64.2857142857143,6.51723880459405,7.44827291953606,104.196796235154,30,0,134.25931230005,14
1174,7,5,7,142.916666666667,0.520983981175769,154.526527684517,1.08123517913364,6.47138077186082,9,64.2857142857143,6.51723880459405,7.44827291953606,104.196796235154,30,0,134.25931230005,14
1175,7,5,7,142.916666666667,0.520983981175769,154.526527684517,1.08123517913364,6.47138077186082,9,64.2857142857143,6.51723880459405,7.44827291953606,104.196796235154,30,0,134.25931230005,14
1176,7,5,7,142.916666666667,0.520983981175769,154.526527684517,1.08123517913364,6.47138077186082,9,64.2857142857143,6.51723880459405,7.44827291953606,104.196796235154,30,0,134.25931230005,14
1177,7,5,7,142.916666666667,0.520983981175769,154.526527684517,1.08123517913364,6.47138077186082,9,64.2857142857143,6.51723880459405,7.44827291953606,104.196796235154,30,0,134.25931230005,14
1178,7,5,7,142.916666666667,0.520983981175769,154.526527684517,1.08123517913364,6.47138077186082,9,64.2857142857143,6.51723880459405,7.44827291953606,104.196796235154,30,0,134.25931230005,14
1179,7,5,7,142.916666666667,0.520983981175769,154.526527684517,1.08123517913364,6.47138077186082,9,64.2857142857143,6.51723880459405,7.44827291953606,104.196796235154,30,0,134.25931230005,14
1180,7,5,7,142.916666666667,0.520983981175769,154.526527684517,1.08123517913364,6.47138077186082,9,64.2857142857143,6.51723880459405,7.44827291953606,104.196796235154,30,0,134.25931230005,14
1181,7,5,10,142.916666666667,0.519307576371771,155.056302135547,1.08494205575893,6.44927027297364,9,64.2857142857143,6.49666398828582,7.42475884375523,103.861515274354,30,0,134.684509092315,14
1182,7,5,10,142.916666666667,0.519307576371771,155.056302135547,1.08494205575893,6.44927027297364,9,64.2857142857143,6.49666398828582,7.42475884375523,103.861515274354,30,0,134.684509092315,14
1183,7,5,10,142.916666666667,0.519307576371771,155.056302135547,1.08494205575893,6.44927027297364,9,64.2857142857143,6.49666398828582,7.42475884375523,103.861515274354,30,0,134.684509092315,14
1184,7,5,10,142.916666666667,0.519307576371771,155.056302135547,1.08494205575893,6.44927027297364,9,64.2857142857143,6.49666398828582,7.42475884375523,103.861515274354,30,0,134.684509092315,14
1185,7,5,10,142.916666666667,0.519307576371771,155.056302135547,1.08494205575893,6.44927027297364,9,64.2857142857143,6.49666398828582,7.42475884375523,103.861515274354,30,0,134.684509092315,14
1186,7,5,10,142.916666666667,0.519307576371771,155.056302135547,1.08494205575893,6.44927027297364,9,64.2857142857143,6.49666398828582,7.42475884375523,103.861515274354,30,0,134.684509092315,14
1187,7,5,10,142.916666666667,0.519307576371771,155.056302135547,1.08494205575893,6.44927027297364,9,64.2857142857143,6.49666398828582,7.42475884375523,103.861515274354,30,0,134.684509092315,14
1188,7,5,10,142.916666666667,0.519307576371771,155.056302135547,1.08494205575893,6.44927027297364,9,64.2857142857143,6.49666398828582,7.42475884375523,103.861515274354,30,0,134.684509092315,14
1189,7,5,10,142.916666666667,0.519307576371771,155.056302135547,1.08494205575893,6.44927027297364,9,64.2857142857143,6.49666398828582,7.42475884375523,103.861515274354,30,0,134.684509092315,14
1190,7,5,10,142.916666666667,0.519307576371771,155.056302135547,1.08494205575893,6.44927027297364,9,64.2857142857143,6.49666398828582,7.42475884375523,103.861515274354,30,0,134.684509092315,14
1191,7,5,10,142.916666666667,0.519307576371771,155.056302135547,1.08494205575893,6.44927027297364,9,64.2857142857143,6.49666398828582,7.42475884375523,103.861515274354,30,0,134.684509092315,14
1192,7,5,10,142.916666666667,0.519307576371771,155.056302135547,1.08494205575893,6.44927027297364,9,64.2857142857143,6.49666398828582,7.42475884375523,103.861515274354,30,0,134.684509092315,14
1193,7,5,10,142.916666666667,0.519307576371771,155.056302135547,1.08494205575893,6.44927027297364,9,64.2857142857143,6.49666398828582,7.42475884375523,103.861515274354,30,0,134.684509092315,14
1194,7,5,10,142.916666666667,0.519307576371771,155.056302135547,1.08494205575893,6.44927027297364,9,64.2857142857143,6.49666398828582,7.42475884375523,103.861515274354,30,0,134.684509092315,14
1195,7,5,10,142.916666666667,0.519307576371771,155.056302135547,1.08494205575893,6.44927027297364,9,64.2857142857143,6.49666398828582,7.42475884375523,103.861515274354,30,0,134.684509092315,14
1196,7,5,10,142.916666666667,0.519307576371771,155.056302135547,1.08494205575893,6.44927027297364,9,64.2857142857143,6.49666398828582,7.42475884375523,103.861515274354,30,0,134.684509092315,14
1197,7,5,10,142.916666666667,0.519307576371771,155.056302135547,1.08494205575893,6.44927027297364,9,64.2857142857143,6.49666398828582,7.42475884375523,103.861515274354,30,0,134.684509092315,14
1198,7,5,10,142.916666666667,0.519307576371771,155.056302135547,1.08494205575893,6.44927027297364,9,64.2857142857143,6.49666398828582,7.42475884375523,103.861515274354,30,0,134.684509092315,14
1199,7,5,10,142.916666666667,0.519307576371771,155.056302135547,1.08494205575893,6.44927027297364,9,64.2857142857143,6.49666398828582,7.42475884375523,103.861515274354,30,0,134.684509092315,14
1200,7,5,10,142.916666666667,0.519307576371771,155.056302135547,1.08494205575893,6.44927027297364,9,64.2857142857143,6.49666398828582,7.42475884375523,103.861515274354,30,0,134.684509092315,14
1201,9,1,3,114.333333333333,2.4912007034205,112.555191304796,0.984447737359732,8.88453023274627,12,20.6896551724138,8.50965881023678,9.45517645581864,2491.2007034205,150,0,105.762172146942,58
1202,9,1,3,114.333333333333,2.4912007034205,112.555191304796,0.984447737359732,8.88453023274627,12,20.6896551724138,8.50965881023678,9.45517645581864,2491.2007034205,150,0,105.762172146942,58
1203,9,1,3,114.333333333333,2.4912007034205,112.555191304796,0.984447737359732,8.88453023274627,12,20.6896551724138,8.50965881023678,9.45517645581864,2491.2007034205,150,0,105.762172146942,58
1204,9,1,3,114.333333333333,2.4912007034205,112.555191304796,0.984447737359732,8.88453023274627,12,20.6896551724138,8.50965881023678,9.45517645581864,2491.2007034205,150,0,105.762172146942,58
1205,9,1,3,114.333333333333,2.4912007034205,112.555191304796,0.984447737359732,8.88453023274627,12,20.6896551724138,8.50965881023678,9.45517645581864,2491.2007034205,150,0,105.762172146942,58
1206,9,1,3,114.333333333333,2.4912007034205,112.555191304796,0.984447737359732,8.88453023274627,12,20.6896551724138,8.50965881023678,9.45517645581864,2491.2007034205,150,0,105.762172146942,58
1207,9,1,3,114.333333333333,2.4912007034205,112.555191304796,0.984447737359732,8.88453023274627,12,20.6896551724138,8.50965881023678,9.45517645581864,2491.2007034205,150,0,105.762172146942,58
1208,9,1,3,114.333333333333,2.4912007034205,112.555191304796,0.984447737359732,8.88453023274627,12,20.6896551724138,8.50965881023678,9.45517645581864,2491.2007034205,150,0,105.762172146942,58
1209,9,1,3,114.333333333333,2.4912007034205,112.555191304796,0.984447737359732,8.88453023274627,12,20.6896551724138,8.50965881023678,9.45517645581864,2491.2007034205,150,0,105.762172146942,58
1210,9,1,3,114.333333333333,2.4912007034205,112.555191304796,0.984447737359732,8.88453023274627,12,20.6896551724138,8.50965881023678,9.45517645581864,2491.2007034205,150,0,105.762172146942,58
1211,9,1,3,114.333333333333,2.4912007034205,112.555191304796,0.984447737359732,8.88453023274627,12,20.6896551724138,8.50965881023678,9.45517645581864,2491.2007034205,150,0,105.762172146942,58
1212,9,1,3,114.333333333333,2.4912007034205,112.555191304796,0.984447737359732,8.88453023274627,12,20.6896551724138,8.50965881023678,9.45517645581864,2491.2007034205,150,0,105.762172146942,58
1213,9,1,3,114.333333333333,2.4912007034205,112.555191304796,0.984447737359732,8.88453023274627,12,20.6896551724138,8.50965881023678,9.45517645581864,2491.2007034205,150,0,105.762172146942,58
1214,9,1,3,114.333333333333,2.4912007034205,112.555191304796,0.984447737359732,8.88453023274627,12,20.6896551724138,8.50965881023678,9.45517645581864,2491.2007034205,150,0,105.762172146942,58
1215,9,1,3,114.333333333333,2.4912007034205,112.555191304796,0.984447737359732,8.88453023274627,12,20.6896551724138,8.50965881023678,9.45517645581864,2491.2007034205,150,0,105.762172146942,58
1216,9,1,3,114.333333333333,2.4912007034205,112.555191304796,0.984447737359732,8.88453023274627,12,20.6896551724138,8.50965881023678,9.45517645581864,2491.2007034205,150,0,105.762172146942,58
1217,9,1,3,114.333333333333,2.4912007034205,112.555191304796,0.984447737359732,8.88453023274627,12,20.6896551724138,8.50965881023678,9.45517645581864,2491.2007034205,150,0,105.762172146942,58
1218,9,1,3,114.333333333333,2.4912007034205,112.555191304796,0.984447737359732,8.88453023274627,12,20.6896551724138,8.50965881023678,9.45517645581864,2491.2007034205,150,0,105.762172146942,58
1219,9,1,3,114.333333333333,2.4912007034205,112.555191304796,0.984447737359732,8.88453023274627,12,20.6896551724138,8.50965881023678,9.45517645581864,2491.2007034205,150,0,105.762172146942,58
1220,9,1,3,114.333333333333,2.4912007034205,112.555191304796,0.984447737359732,8.88453023274627,12,20.6896551724138,8.50965881023678,9.45517645581864,2491.2007034205,150,0,105.762172146942,58
1221,9,1,5,114.333333333333,2.48993418985051,112.612442889092,0.984948480079519,8.88001338346658,12,20.6896551724138,8.50538372100662,9.45042635667402,2489.93418985051,150,0,105.815331738317,58
1222,9,1,5,114.333333333333,2.48993418985051,112.612442889092,0.984948480079519,8.88001338346658,12,20.6896551724138,8.50538372100662,9.45042635667402,2489.93418985051,150,0,105.815331738317,58
1223,9,1,5,114.333333333333,2.48993418985051,112.612442889092,0.984948480079519,8.88001338346658,12,20.6896551724138,8.50538372100662,9.45042635667402,2489.93418985051,150,0,105.815331738317,58
1224,9,1,5,114.333333333333,2.48993418985051,112.612442889092,0.984948480079519,8.88001338346658,12,20.6896551724138,8.50538372100662,9.45042635667402,2489.93418985051,150,0,105.815331738317,58
1225,9,1,5,114.333333333333,2.48993418985051,112.612442889092,0.984948480079519,8.88001338346658,12,20.6896551724138,8.50538372100662,9.45042635667402,2489.93418985051,150,0,105.815331738317,58
1226,9,1,5,114.333333333333,2.48993418985051,112.612442889092,0.984948480079519,8.88001338346658,12,20.6896551724138,8.50538372100662,9.45042635667402,2489.93418985051,150,0,105.815331738317,58
1227,9,1,5,114.333333333333,2.48993418985051,112.612442889092,0.984948480079519,8.88001338346658,12,20.6896551724138,8.50538372100662,9.45042635667402,2489.93418985051,150,0,105.815331738317,58
1228,9,1,5,114.333333333333,2.48993418985051,112.612442889092,0.984948480079519,8.88001338346658,12,20.6896551724138,8.50538372100662,9.45042635667402,2489.93418985051,150,0,105.815331738317,58
1229,9,1,5,114.333333333333,2.48993418985051,112.612442889092,0.984948480079519,8.88001338346658,12,20.6896551724138,8.50538372100662,9.45042635667402,2489.93418985051,150,0,105.815331738317,58
1230,9,1,5,114.333333333333,2.48993418985051,112.612442889092,0.984948480079519,8.88001338346658,12,20.6896551724138,8.50538372100662,9.45042635667402,2489.93418985051,150,0,105.815331738317,58
1231,9,1,5,114.333333333333,2.48993418985051,112.612442889092,0.984948480079519,8.88001338346658,12,20.6896551724138,8.50538372100662,9.45042635667402,2489.93418985051,150,0,105.815331738317,58
1232,9,1,5,114.333333333333,2.48993418985051,112.612442889092,0.984948480079519,8.88001338346658,12,20.6896551724138,8.50538372100662,9.45042635667402,2489.93418985051,150,0,105.815331738317,58
1233,9,1,5,114.333333333333,2.48993418985051,112.612442889092,0.984948480079519,8.88001338346658,12,20.6896551724138,8.50538372100662,9.45042635667402,2489.93418985051,150,0,105.815331738317,58
1234,9,1,5,114.333333333333,2.48993418985051,112.612442889092,0.984948480079519,8.88001338346658,12,20.6896551724138,8.50538372100662,9.45042635667402,2489.93418985051,150,0,105.815331738317,58
1235,9,1,5,114.333333333333,2.48993418985051,112.612442889092,0.984948480079519,8.88001338346658,12,20.6896551724138,8.50538372100662,9.45042635667402,2489.93418985051,150,0,105.815331738317,58
1236,9,1,5,114.333333333333,2.48993418985051,112.612442889092,0.984948480079519,8.88001338346658,12,20.6896551724138,8.50538372100662,9.45042635667402,2489.93418985051,150,0,105.815331738317,58
1237,9,1,5,114.333333333333,2.48993418985051,112.612442889092,0.984948480079519,8.88001338346658,12,20.6896551724138,8.50538372100662,9.45042635667402,2489.93418985051,150,0,105.815331738317,58
1238,9,1,5,114.333333333333,2.48993418985051,112.612442889092,0.984948480079519,8.88001338346658,12,20.6896551724138,8.50538372100662,9.45042635667402,2489.93418985051,150,0,105.815331738317,58
1239,9,1,5,114.333333333333,2.48993418985051,112.612442889092,0.984948480079519,8.88001338346658,12,20.6896551724138,8.50538372100662,9.45042635667402,2489.93418985051,150,0,105.815331738317,58
1240,9,1,5,114.333333333333,2.48993418985051,112.612442889092,0.984948480079519,8.88001338346658,12,20.6896551724138,8.50538372100662,9.45042635667402,2489.93418985051,150,0,105.815331738317,58
1241,9,1,7,114.333333333333,2.48886216083694,112.660948510642,0.985372727498326,8.87619013704238,12,20.6896551724138,8.50176511020073,9.44640567800082,2488.86216083694,150,0,105.860369974248,58
1242,9,1,7,114.333333333333,2.48886216083694,112.660948510642,0.985372727498326,8.87619013704238,12,20.6896551724138,8.50176511020073,9.44640567800082,2488.86216083694,150,0,105.860369974248,58
1243,9,1,7,114.333333333333,2.48886216083694,112.660948510642,0.985372727498326,8.87619013704238,12,20.6896551724138,8.50176511020073,9.44640567800082,2488.86216083694,150,0,105.860369974248,58
1244,9,1,7,114.333333333333,2.48886216083694,112.660948510642,0.985372727498326,8.87619013704238,12,20.6896551724138,8.50176511020073,9.44640567800082,2488.86216083694,150,0,105.860369974248,58
1245,9,1,7,114.333333333333,2.48886216083694,112.660948510642,0.985372727498326,8.87619013704238,12,20.6896551724138,8.50176511020073,9.44640567800082,2488.86216083694,150,0,105.860369974248,58
1246,9,1,7,114.333333333333,2.48886216083694,112.660948510642,0.985372727498326,8.87619013704238,12,20.6896551724138,8.50176511020073,9.44640567800082,2488.86216083694,150,0,105.860369974248,58
1247,9,1,7,114.333333333333,2.48886216083694,112.660948510642,0.985372727498326,8.87619013704238,12,20.6896551724138,8.50176511020073,9.44640567800082,2488.86216083694,150,0,105.860369974248,58
1248,9,1,7,114.333333333333,2.48886216083694,112.660948510642,0.985372727498326,8.87619013704238,12,20.6896551724138,8.50176511020073,9.44640567800082,2488.86216083694,150,0,105.860369974248,58
1249,9,1,7,114.333333333333,2.48886216083694,112.660948510642,0.985372727498326,8.87619013704238,12,20.6896551724138,8.50176511020073,9.44640567800082,2488.86216083694,150,0,105.860369974248,58
1250,9,1,7,114.333333333333,2.48886216083694,112.660948510642,0.985372727498326,8.87619013704238,12,20.6896551724138,8.50176511020073,9.44640567800082,2488.86216083694,150,0,105.860369974248,58
1251,9,1,7,114.333333333333,2.48886216083694,112.660948510642,0.985372727498326,8.87619013704238,12,20.6896551724138,8.50176511020073,9.44640567800082,2488.86216083694,150,0,105.860369974248,58
1252,9,1,7,114.333333333333,2.48886216083694,112.660948510642,0.985372727498326,8.87619013704238,12,20.6896551724138,8.50176511020073,9.44640567800082,2488.86216083694,150,0,105.860369974248,58
1253,9,1,7,114.333333333333,2.48886216083694,112.660948510642,0.985372727498326,8.87619013704238,12,20.6896551724138,8.50176511020073,9.44640567800082,2488.86216083694,150,0,105.860369974248,58
1254,9,1,7,114.333333333333,2.48886216083694,112.660948510642,0.985372727498326,8.87619013704238,12,20.6896551724138,8.50176511020073,9.44640567800082,2488.86216083694,150,0,105.860369974248,58
1255,9,1,7,114.333333333333,2.48886216083694,112.660948510642,0.985372727498326,8.87619013704238,12,20.6896551724138,8.50176511020073,9.44640567800082,2488.86216083694,150,0,105.860369974248,58
1256,9,1,7,114.333333333333,2.48886216083694,112.660948510642,0.985372727498326,8.87619013704238,12,20.6896551724138,8.50176511020073,9.44640567800082,2488.86216083694,150,0,105.860369974248,58
1257,9,1,7,114.333333333333,2.48886216083694,112.660948510642,0.985372727498326,8.87619013704238,12,20.6896551724138,8.50176511020073,9.44640567800082,2488.86216083694,150,0,105.860369974248,58
1258,9,1,7,114.333333333333,2.48886216083694,112.660948510642,0.985372727498326,8.87619013704238,12,20.6896551724138,8.50176511020073,9.44640567800082,2488.86216083694,150,0,105.860369974248,58
1259,9,1,7,114.333333333333,2.48886216083694,112.660948510642,0.985372727498326,8.87619013704238,12,20.6896551724138,8.50176511020073,9.44640567800082,2488.86216083694,150,0,105.860369974248,58
1260,9,1,7,114.333333333333,2.48886216083694,112.660948510642,0.985372727498326,8.87619013704238,12,20.6896551724138,8.50176511020073,9.44640567800082,2488.86216083694,150,0,105.860369974248,58
1261,9,1,10,114.333333333333,2.48725411731659,112.733785341824,0.986009784330824,8.87045526740599,12,20.6896551724138,8.49633719399191,9.44037465999101,2487.25411731659,150,0,105.927999260249,58
1262,9,1,10,114.333333333333,2.48725411731659,112.733785341824,0.986009784330824,8.87045526740599,12,20.6896551724138,8.49633719399191,9.44037465999101,2487.25411731659,150,0,105.927999260249,58
1263,9,1,10,114.333333333333,2.48725411731659,112.733785341824,0.986009784330824,8.87045526740599,12,20.6896551724138,8.49633719399191,9.44037465999101,2487.25411731659,150,0,105.927999260249,58
1264,9,1,10,114.333333333333,2.48725411731659,112.733785341824,0.986009784330824,8.87045526740599,12,20.6896551724138,8.49633719399191,9.44037465999101,2487.25411731659,150,0,105.927999260249,58
1265,9,1,10,114.333333333333,2.48725411731659,112.733785341824,0.986009784330824,8.87045526740599,12,20.6896551724138,8.49633719399191,9.44037465999101,2487.25411731659,150,0,105.927999260249,58
1266,9,1,10,114.333333333333,2.48725411731659,112.733785341824,0.986009784330824,8.87045526740599,12,20.6896551724138,8.49633719399191,9.44037465999101,2487.25411731659,150,0,105.927999260249,58
1267,9,1,10,114.333333333333,2.48725411731659,112.733785341824,0.986009784330824,8.87045526740599,12,20.6896551724138,8.49633719399191,9.44037465999101,2487.25411731659,150,0,105.927999260249,58
1268,9,1,10,114.333333333333,2.48725411731659,112.733785341824,0.986009784330824,8.87045526740599,12,20.6896551724138,8.49633719399191,9.44037465999101,2487.25411731659,150,0,105.927999260249,58
1269,9,1,10,114.333333333333,2.48725411731659,112.733785341824,0.986009784330824,8.87045526740599,12,20.6896551724138,8.49633719399191,9.44037465999101,2487.25411731659,150,0,105.927999260249,58
1270,9,1,10,114.333333333333,2.48725411731659,112.733785341824,0.986009784330824,8.87045526740599,12,20.6896551724138,8.49633719399191,9.44037465999101,2487.25411731659,150,0,105.927999260249,58
1271,9,1,10,114.333333333333,2.48725411731659,112.733785341824,0.986009784330824,8.87045526740599,12,20.6896551724138,8.49633719399191,9.44037465999101,2487.25411731659,150,0,105.927999260249,58
1272,9,1,10,114.333333333333,2.48725411731659,112.733785341824,0.986009784330824,8.87045526740599,12,20.6896551724138,8.49633719399191,9.44037465999101,2487.25411731659,150,0,105.927999260249,58
1273,9,1,10,114.333333333333,2.48725411731659,112.733785341824,0.986009784330824,8.87045526740599,12,20.6896551724138,8.49633719399191,9.44037465999101,2487.25411731659,150,0,105.927999260249,58
1274,9,1,10,114.333333333333,2.48725411731659,112.733785341824,0.986009784330824,8.87045526740599,12,20.6896551724138,8.49633719399191,9.44037465999101,2487.25411731659,150,0,105.927999260249,58
1275,9,1,10,114.333333333333,2.48725411731659,112.733785341824,0.986009784330824,8.87045526740599,12,20.6896551724138,8.49633719399191,9.44037465999101,2487.25411731659,150,0,105.927999260249,58
1276,9,1,10,114.333333333333,2.48725411731659,112.733785341824,0.986009784330824,8.87045526740599,12,20.6896551724138,8.49633719399191,9.44037465999101,2487.25411731659,150,0,105.927999260249,58
1277,9,1,10,114.333333333333,2.48725411731659,112.733785341824,0.986009784330824,8.87045526740599,12,20.6896551724138,8.49633719399191,9.44037465999101,2487.25411731659,150,0,105.927999260249,58
1278,9,1,10,114.333333333333,2.48725411731659,112.733785341824,0.986009784330824,8.87045526740599,12,20.6896551724138,8.49633719399191,9.44037465999101,2487.25411731659,150,0,105.927999260249,58
1279,9,1,10,114.333333333333,2.48725411731659,112.733785341824,0.986009784330824,8.87045526740599,12,20.6896551724138,8.49633719399191,9.44037465999101,2487.25411731659,150,0,105.927999260249,58
1280,9,1,10,114.333333333333,2.48725411731659,112.733785341824,0.986009784330824,8.87045526740599,12,20.6896551724138,8.49633719399191,9.44037465999101,2487.25411731659,150,0,105.927999260249,58
1281,9,2,3,114.333333333333,1.19174436158357,114.57347542828,1.00210036817737,8.72802362206404,12,42.8571428571429,9.23547773180557,10.2616419242284,595.872180791785,75,0,97.4502918133339,28
1282,9,2,3,114.333333333333,1.19174436158357,114.57347542828,1.00210036817737,8.72802362206404,12,42.8571428571429,9.23547773180557,10.2616419242284,595.872180791785,75,0,97.4502918133339,28
1283,9,2,3,114.333333333333,1.19174436158357,114.57347542828,1.00210036817737,8.72802362206404,12,42.8571428571429,9.23547773180557,10.2616419242284,595.872180791785,75,0,97.4502918133339,28
1284,9,2,3,114.333333333333,1.19174436158357,114.57347542828,1.00210036817737,8.72802362206404,12,42.8571428571429,9.23547773180557,10.2616419242284,595.872180791785,75,0,97.4502918133339,28
1285,9,2,3,114.333333333333,1.19174436158357,114.57347542828,1.00210036817737,8.72802362206404,12,42.8571428571429,9.23547773180557,10.2616419242284,595.872180791785,75,0,97.4502918133339,28
1286,9,2,3,114.333333333333,1.19174436158357,114.57347542828,1.00210036817737,8.72802362206404,12,42.8571428571429,9.23547773180557,10.2616419242284,595.872180791785,75,0,97.4502918133339,28
1287,9,2,3,114.333333333333,1.19174436158357,114.57347542828,1.00210036817737,8.72802362206404,12,42.8571428571429,9.23547773180557,10.2616419242284,595.872180791785,75,0,97.4502918133339,28
1288,9,2,3,114.333333333333,1.19174436158357,114.57347542828,1.00210036817737,8.72802362206404,12,42.8571428571429,9.23547773180557,10.2616419242284,595.872180791785,75,0,97.4502918133339,28
1289,9,2,3,114.333333333333,1.19174436158357,114.57347542828,1.00210036817737,8.72802362206404,12,42.8571428571429,9.23547773180557,10.2616419242284,595.872180791785,75,0,97.4502918133339,28
1290,9,2,3,114.333333333333,1.19174436158357,114.57347542828,1.00210036817737,8.72802362206404,12,42.8571428571429,9.23547773180557,10.2616419242284,595.872180791785,75,0,97.4502918133339,28
1291,9,2,3,114.333333333333,1.19174436158357,114.57347542828,1.00210036817737,8.72802362206404,12,42.8571428571429,9.23547773180557,10.2616419242284,595.872180791785,75,0,97.4502918133339,28
1292,9,2,3,114.333333333333,1.19174436158357,114.57347542828,1.00210036817737,8.72802362206404,12,42.8571428571429,9.23547773180557,10.2616419242284,595.872180791785,75,0,97.4502918133339,28
1293,9,2,3,114.333333333333,1.19174436158357,114.57347542828,1.00210036817737,8.72802362206404,12,42.8571428571429,9.23547773180557,10.2616419242284,595.872180791785,75,0,97.4502918133339,28
1294,9,2,3,114.333333333333,1.19174436158357,114.57347542828,1.00210036817737,8.72802362206404,12,42.8571428571429,9.23547773180557,10.2616419242284,595.872180791785,75,0,97.4502918133339,28
1295,9,2,3,114.333333333333,1.19174436158357,114.57347542828,1.00210036817737,8.72802362206404,12,42.8571428571429,9.23547773180557,10.2616419242284,595.872180791785,75,0,97.4502918133339,28
1296,9,2,3,114.333333333333,1.19174436158357,114.57347542828,1.00210036817737,8.72802362206404,12,42.8571428571429,9.23547773180557,10.2616419242284,595.872180791785,75,0,97.4502918133339,28
1297,9,2,3,114.333333333333,1.19174436158357,114.57347542828,1.00210036817737,8.72802362206404,12,42.8571428571429,9.23547773180557,10.2616419242284,595.872180791785,75,0,97.4502918133339,28
1298,9,2,3,114.333333333333,1.19174436158357,114.57347542828,1.00210036817737,8.72802362206404,12,42.8571428571429,9.23547773180557,10.2616419242284,595.872180791785,75,0,97.4502918133339,28
1299,9,2,3,114.333333333333,1.19174436158357,114.57347542828,1.00210036817737,8.72802362206404,12,42.8571428571429,9.23547773180557,10.2616419242284,595.872180791785,75,0,97.4502918133339,28
1300,9,2,3,114.333333333333,1.19174436158357,114.57347542828,1.00210036817737,8.72802362206404,12,42.8571428571429,9.23547773180557,10.2616419242284,595.872180791785,75,0,97.4502918133339,28
1301,9,2,5,114.333333333333,1.19049140149323,114.694060920911,1.00315505178639,8.7188472704752,12,42.8571428571429,9.22590582660914,10.2510064740102,595.245700746617,75,0,97.551396785803,28
1302,9,2,5,114.333333333333,1.19049140149323,114.694060920911,1.00315505178639,8.7188472704752,12,42.8571428571429,9.22590582660914,10.2510064740102,595.245700746617,75,0,97.551396785803,28
1303,9,2,5,114.333333333333,1.19049140149323,114.694060920911,1.00315505178639,8.7188472704752,12,42.8571428571429,9.22590582660914,10.2510064740102,595.245700746617,75,0,97.551396785803,28
1304,9,2,5,114.333333333333,1.19049140149323,114.694060920911,1.00315505178639,8.7188472704752,12,42.8571428571429,9.22590582660914,10.2510064740102,595.245700746617,75,0,97.551396785803,28
1305,9,2,5,114.333333333333,1.19049140149323,114.694060920911,1.00315505178639,8.7188472704752,12,42.8571428571429,9.22590582660914,10.2510064740102,595.245700746617,75,0,97.551396785803,28
1306,9,2,5,114.333333333333,1.19049140149323,114.694060920911,1.00315505178639,8.7188472704752,12,42.8571428571429,9.22590582660914,10.2510064740102,595.245700746617,75,0,97.551396785803,28
1307,9,2,5,114.333333333333,1.19049140149323,114.694060920911,1.00315505178639,8.7188472704752,12,42.8571428571429,9.22590582660914,10.2510064740102,595.245700746617,75,0,97.551396785803,28
1308,9,2,5,114.333333333333,1.19049140149323,114.694060920911,1.00315505178639,8.7188472704752,12,42.8571428571429,9.22590582660914,10.2510064740102,595.245700746617,75,0,97.551396785803,28
1309,9,2,5,114.333333333333,1.19049140149323,114.694060920911,1.00315505178639,8.7188472704752,12,42.8571428571429,9.22590582660914,10.2510064740102,595.245700746617,75,0,97.551396785803,28
1310,9,2,5,114.333333333333,1.19049140149323,114.694060920911,1.00315505178639,8.7188472704752,12,42.8571428571429,9.22590582660914,10.2510064740102,595.245700746617,75,0,97.551396785803,28
1311,9,2,5,114.333333333333,1.19049140149323,114.694060920911,1.00315505178639,8.7188472704752,12,42.8571428571429,9.22590582660914,10.2510064740102,595.245700746617,75,0,97.551396785803,28
1312,9,2,5,114.333333333333,1.19049140149323,114.694060920911,1.00315505178639,8.7188472704752,12,42.8571428571429,9.22590582660914,10.2510064740102,595.245700746617,75,0,97.551396785803,28
1313,9,2,5,114.333333333333,1.19049140149323,114.694060920911,1.00315505178639,8.7188472704752,12,42.8571428571429,9.22590582660914,10.2510064740102,595.245700746617,75,0,97.551396785803,28
1314,9,2,5,114.333333333333,1.19049140149323,114.694060920911,1.00315505178639,8.7188472704752,12,42.8571428571429,9.22590582660914,10.2510064740102,595.245700746617,75,0,97.551396785803,28
1315,9,2,5,114.333333333333,1.19049140149323,114.694060920911,1.00315505178639,8.7188472704752,12,42.8571428571429,9.22590582660914,10.2510064740102,595.245700746617,75,0,97.551396785803,28
1316,9,2,5,114.333333333333,1.19049140149323,114.694060920911,1.00315505178639,8.7188472704752,12,42.8571428571429,9.22590582660914,10.2510064740102,595.245700746617,75,0,97.551396785803,28
1317,9,2,5,114.333333333333,1.19049140149323,114.694060920911,1.00315505178639,8.7188472704752,12,42.8571428571429,9.22590582660914,10.2510064740102,595.245700746617,75,0,97.551396785803,28
1318,9,2,5,114.333333333333,1.19049140149323,114.694060920911,1.00315505178639,8.7188472704752,12,42.8571428571429,9.22590582660914,10.2510064740102,595.245700746617,75,0,97.551396785803,28
1319,9,2,5,114.333333333333,1.19049140149323,114.694060920911,1.00315505178639,8.7188472704752,12,42.8571428571429,9.22590582660914,10.2510064740102,595.245700746617,75,0,97.551396785803,28
1320,9,2,5,114.333333333333,1.19049140149323,114.694060920911,1.00315505178639,8.7188472704752,12,42.8571428571429,9.22590582660914,10.2510064740102,595.245700746617,75,0,97.551396785803,28
1321,9,2,7,114.333333333333,1.18939602771472,114.799688368756,1.00407890701536,8.71082503976696,12,42.8571428571429,9.21753779155079,10.2417086572787,594.698013857361,75,0,97.6399576929297,28
1322,9,2,7,114.333333333333,1.18939602771472,114.799688368756,1.00407890701536,8.71082503976696,12,42.8571428571429,9.21753779155079,10.2417086572787,594.698013857361,75,0,97.6399576929297,28
1323,9,2,7,114.333333333333,1.18939602771472,114.799688368756,1.00407890701536,8.71082503976696,12,42.8571428571429,9.21753779155079,10.2417086572787,594.698013857361,75,0,97.6399576929297,28
1324,9,2,7,114.333333333333,1.18939602771472,114.799688368756,1.00407890701536,8.71082503976696,12,42.8571428571429,9.21753779155079,10.2417086572787,594.698013857361,75,0,97.6399576929297,28
1325,9,2,7,114.333333333333,1.18939602771472,114.799688368756,1.00407890701536,8.71082503976696,12,42.8571428571429,9.21753779155079,10.2417086572787,594.698013857361,75,0,97.6399576929297,28
1326,9,2,7,114.333333333333,1.18939602771472,114.799688368756,1.00407890701536,8.71082503976696,12,42.8571428571429,9.21753779155079,10.2417086572787,594.698013857361,75,0,97.6399576929297,28
1327,9,2,7,114.333333333333,1.18939602771472,114.799688368756,1.00407890701536,8.71082503976696,12,42.8571428571429,9.21753779155079,10.2417086572787,594.698013857361,75,0,97.6399576929297,28
1328,9,2,7,114.333333333333,1.18939602771472,114.799688368756,1.00407890701536,8.71082503976696,12,42.8571428571429,9.21753779155079,10.2417086572787,594.698013857361,75,0,97.6399576929297,28
1329,9,2,7,114.333333333333,1.18939602771472,114.799688368756,1.00407890701536,8.71082503976696,12,42.8571428571429,9.21753779155079,10.2417086572787,594.698013857361,75,0,97.6399576929297,28
1330,9,2,7,114.333333333333,1.18939602771472,114.799688368756,1.00407890701536,8.71082503976696,12,42.8571428571429,9.21753779155079,10.2417086572787,594.698013857361,75,0,97.6399576929297,28
1331,9,2,7,114.333333333333,1.18939602771472,114.799688368756,1.00407890701536,8.71082503976696,12,42.8571428571429,9.21753779155079,10.2417086572787,594.698013857361,75,0,97.6399576929297,28
1332,9,2,7,114.333333333333,1.18939602771472,114.799688368756,1.00407890701536,8.71082503976696,12,42.8571428571429,9.21753779155079,10.2417086572787,594.698013857361,75,0,97.6399576929297,28
1333,9,2,7,114.333333333333,1.18939602771472,114.799688368756,1.00407890701536,8.71082503976696,12,42.8571428571429,9.21753779155079,10.2417086572787,594.698013857361,75,0,97.6399576929297,28
1334,9,2,7,114.333333333333,1.18939602771472,114.799688368756,1.00407890701536,8.71082503976696,12,42.8571428571429,9.21753779155079,10.2417086572787,594.698013857361,75,0,97.6399576929297,28
1335,9,2,7,114.333333333333,1.18939602771472,114.799688368756,1.00407890701536,8.71082503976696,12,42.8571428571429,9.21753779155079,10.2417086572787,594.698013857361,75,0,97.6399576929297,28
1336,9,2,7,114.333333333333,1.18939602771472,114.799688368756,1.00407890701536,8.71082503976696,12,42.8571428571429,9.21753779155079,10.2417086572787,594.698013857361,75,0,97.6399576929297,28
1337,9,2,7,114.333333333333,1.18939602771472,114.799688368756,1.00407890701536,8.71082503976696,12,42.8571428571429,9.21753779155079,10.2417086572787,594.698013857361,75,0,97.6399576929297,28
1338,9,2,7,114.333333333333,1.18939602771472,114.799688368756,1.00407890701536,8.71082503976696,12,42.8571428571429,9.21753779155079,10.2417086572787,594.698013857361,75,0,97.6399576929297,28
1339,9,2,7,114.333333333333,1.18939602771472,114.799688368756,1.00407890701536,8.71082503976696,12,42.8571428571429,9.21753779155079,10.2417086572787,594.698013857361,75,0,97.6399576929297,28
1340,9,2,7,114.333333333333,1.18939602771472,114.799688368756,1.00407890701536,8.71082503976696,12,42.8571428571429,9.21753779155079,10.2417086572787,594.698013857361,75,0,97.6399576929297,28
1341,9,2,10,114.333333333333,1.18775296704695,114.958494835979,1.00546788486279,8.69879169370462,12,42.8571428571429,9.20496890134799,10.22774322372,593.876483523476,75,0,97.7732798063231,28
1342,9,2,10,114.333333333333,1.18775296704695,114.958494835979,1.00546788486279,8.69879169370462,12,42.8571428571429,9.20496890134799,10.22774322372,593.876483523476,75,0,97.7732798063231,28
1343,9,2,10,114.333333333333,1.18775296704695,114.958494835979,1.00546788486279,8.69879169370462,12,42.8571428571429,9.20496890134799,10.22774322372,593.876483523476,75,0,97.7732798063231,28
1344,9,2,10,114.333333333333,1.18775296704695,114.958494835979,1.00546788486279,8.69879169370462,12,42.8571428571429,9.20496890134799,10.22774322372,593.876483523476,75,0,97.7732798063231,28
1345,9,2,10,114.333333333333,1.18775296704695,114.958494835979,1.00546788486279,8.69879169370462,12,42.8571428571429,9.20496890134799,10.22774322372,593.876483523476,75,0,97.7732798063231,28
1346,9,2,10,114.333333333333,1.18775296704695,114.958494835979,1.00546788486279,8.69879169370462,12,42.8571428571429,9.20496890134799,10.22774322372,593.876483523476,75,0,97.7732798063231,28
1347,9,2,10,114.333333333333,1.18775296704695,114.958494835979,1.00546788486279,8.69879169370462,12,42.8571428571429,9.20496890134799,10.22774322372,593.876483523476,75,0,97.7732798063231,28
1348,9,2,10,114.333333333333,1.18775296704695,114.958494835979,1.00546788486279,8.69879169370462,12,42.8571428571429,9.20496890134799,10.22774322372,593.876483523476,75,0,97.7732798063231,28
1349,9,2,10,114.333333333333,1.18775296704695,114.958494835979,1.00546788486279,8.69879169370462,12,42.8571428571429,9.20496890134799,10.22774322372,593.876483523476,75,0,97.7732798063231,28
1350,9,2,10,114.333333333333,1.18775296704695,114.958494835979,1.00546788486279,8.69879169370462,12,42.8571428571429,9.20496890134799,10.22774322372,593.876483523476,75,0,97.7732798063231,28
1351,9,2,10,114.333333333333,1.18775296704695,114.958494835979,1.00546788486279,8.69879169370462,12,42.8571428571429,9.20496890134799,10.22774322372,593.876483523476,75,0,97.7732798063231,28
1352,9,2,10,114.333333333333,1.18775296704695,114.958494835979,1.00546788486279,8.69879169370462,12,42.8571428571429,9.20496890134799,10.22774322372,593.876483523476,75,0,97.7732798063231,28
1353,9,2,10,114.333333333333,1.18775296704695,114.958494835979,1.00546788486279,8.69879169370462,12,42.8571428571429,9.20496890134799,10.22774322372,593.876483523476,75,0,97.7732798063231,28
1354,9,2,10,114.333333333333,1.18775296704695,114.958494835979,1.00546788486279,8.69879169370462,12,42.8571428571429,9.20496890134799,10.22774322372,593.876483523476,75,0,97.7732798063231,28
1355,9,2,10,114.333333333333,1.18775296704695,114.958494835979,1.00546788486279,8.69879169370462,12,42.8571428571429,9.20496890134799,10.22774322372,593.876483523476,75,0,97.7732798063231,28
1356,9,2,10,114.333333333333,1.18775296704695,114.958494835979,1.00546788486279,8.69879169370462,12,42.8571428571429,9.20496890134799,10.22774322372,593.876483523476,75,0,97.7732798063231,28
1357,9,2,10,114.333333333333,1.18775296704695,114.958494835979,1.00546788486279,8.69879169370462,12,42.8571428571429,9.20496890134799,10.22774322372,593.876483523476,75,0,97.7732798063231,28
1358,9,2,10,114.333333333333,1.18775296704695,114.958494835979,1.00546788486279,8.69879169370462,12,42.8571428571429,9.20496890134799,10.22774322372,593.876483523476,75,0,97.7732798063231,28
1359,9,2,10,114.333333333333,1.18775296704695,114.958494835979,1.00546788486279,8.69879169370462,12,42.8571428571429,9.20496890134799,10.22774322372,593.876483523476,75,0,97.7732798063231,28
1360,9,2,10,114.333333333333,1.18775296704695,114.958494835979,1.00546788486279,8.69879169370462,12,42.8571428571429,9.20496890134799,10.22774322372,593.876483523476,75,0,97.7732798063231,28
1361,9,3,3,114.333333333333,0.801319393632947,110.515609161567,0.966608826486007,9.04849557077556,10,52.6315789473684,8.30462218562844,9.2273579840316,267.106464544316,50,0,108.373382904462,19
1362,9,3,3,114.333333333333,0.801319393632947,110.515609161567,0.966608826486007,9.04849557077556,10,52.6315789473684,8.30462218562844,9.2273579840316,267.106464544316,50,0,108.373382904462,19
1363,9,3,3,114.333333333333,0.801319393632947,110.515609161567,0.966608826486007,9.04849557077556,10,52.6315789473684,8.30462218562844,9.2273579840316,267.106464544316,50,0,108.373382904462,19
1364,9,3,3,114.333333333333,0.801319393632947,110.515609161567,0.966608826486007,9.04849557077556,10,52.6315789473684,8.30462218562844,9.2273579840316,267.106464544316,50,0,108.373382904462,19
1365,9,3,3,114.333333333333,0.801319393632947,110.515609161567,0.966608826486007,9.04849557077556,10,52.6315789473684,8.30462218562844,9.2273579840316,267.106464544316,50,0,108.373382904462,19
1366,9,3,3,114.333333333333,0.801319393632947,110.515609161567,0.966608826486007,9.04849557077556,10,52.6315789473684,8.30462218562844,9.2273579840316,267.106464544316,50,0,108.373382904462,19
1367,9,3,3,114.333333333333,0.801319393632947,110.515609161567,0.966608826486007,9.04849557077556,10,52.6315789473684,8.30462218562844,9.2273579840316,267.106464544316,50,0,108.373382904462,19
1368,9,3,3,114.333333333333,0.801319393632947,110.515609161567,0.966608826486007,9.04849557077556,10,52.6315789473684,8.30462218562844,9.2273579840316,267.106464544316,50,0,108.373382904462,19
1369,9,3,3,114.333333333333,0.801319393632947,110.515609161567,0.966608826486007,9.04849557077556,10,52.6315789473684,8.30462218562844,9.2273579840316,267.106464544316,50,0,108.373382904462,19
1370,9,3,3,114.333333333333,0.801319393632947,110.515609161567,0.966608826486007,9.04849557077556,10,52.6315789473684,8.30462218562844,9.2273579840316,267.106464544316,50,0,108.373382904462,19
1371,9,3,3,114.333333333333,0.801319393632947,110.515609161567,0.966608826486007,9.04849557077556,10,52.6315789473684,8.30462218562844,9.2273579840316,267.106464544316,50,0,108.373382904462,19
1372,9,3,3,114.333333333333,0.801319393632947,110.515609161567,0.966608826486007,9.04849557077556,10,52.6315789473684,8.30462218562844,9.2273579840316,267.106464544316,50,0,108.373382904462,19
1373,9,3,3,114.333333333333,0.801319393632947,110.515609161567,0.966608826486007,9.04849557077556,10,52.6315789473684,8.30462218562844,9.2273579840316,267.106464544316,50,0,108.373382904462,19
1374,9,3,3,114.333333333333,0.801319393632947,110.515609161567,0.966608826486007,9.04849557077556,10,52.6315789473684,8.30462218562844,9.2273579840316,267.106464544316,50,0,108.373382904462,19
1375,9,3,3,114.333333333333,0.801319393632947,110.515609161567,0.966608826486007,9.04849557077556,10,52.6315789473684,8.30462218562844,9.2273579840316,267.106464544316,50,0,108.373382904462,19
1376,9,3,3,114.333333333333,0.801319393632947,110.515609161567,0.966608826486007,9.04849557077556,10,52.6315789473684,8.30462218562844,9.2273579840316,267.106464544316,50,0,108.373382904462,19
1377,9,3,3,114.333333333333,0.801319393632947,110.515609161567,0.966608826486007,9.04849557077556,10,52.6315789473684,8.30462218562844,9.2273579840316,267.106464544316,50,0,108.373382904462,19
1378,9,3,3,114.333333333333,0.801319393632947,110.515609161567,0.966608826486007,9.04849557077556,10,52.6315789473684,8.30462218562844,9.2273579840316,267.106464544316,50,0,108.373382904462,19
1379,9,3,3,114.333333333333,0.801319393632947,110.515609161567,0.966608826486007,9.04849557077556,10,52.6315789473684,8.30462218562844,9.2273579840316,267.106464544316,50,0,108.373382904462,19
1380,9,3,3,114.333333333333,0.801319393632947,110.515609161567,0.966608826486007,9.04849557077556,10,52.6315789473684,8.30462218562844,9.2273579840316,267.106464544316,50,0,108.373382904462,19
1381,9,3,5,114.333333333333,0.7999585740786,110.703608649142,0.968253136872959,9.0331292015001,10,52.6315789473684,8.29072056205592,9.21191173561769,266.6528580262,50,0,108.555100037869,19
1382,9,3,5,114.333333333333,0.7999585740786,110.703608649142,0.968253136872959,9.0331292015001,10,52.6315789473684,8.29072056205592,9.21191173561769,266.6528580262,50,0,108.555100037869,19
1383,9,3,5,114.333333333333,0.7999585740786,110.703608649142,0.968253136872959,9.0331292015001,10,52.6315789473684,8.29072056205592,9.21191173561769,266.6528580262,50,0,108.555100037869,19
1384,9,3,5,114.333333333333,0.7999585740786,110.703608649142,0.968253136872959,9.0331292015001,10,52.6315789473684,8.29072056205592,9.21191173561769,266.6528580262,50,0,108.555100037869,19
1385,9,3,5,114.333333333333,0.7999585740786,110.703608649142,0.968253136872959,9.0331292015001,10,52.6315789473684,8.29072056205592,9.21191173561769,266.6528580262,50,0,108.555100037869,19
1386,9,3,5,114.333333333333,0.7999585740786,110.703608649142,0.968253136872959,9.0331292015001,10,52.6315789473684,8.29072056205592,9.21191173561769,266.6528580262,50,0,108.555100037869,19
1387,9,3,5,114.333333333333,0.7999585740786,110.703608649142,0.968253136872959,9.0331292015001,10,52.6315789473684,8.29072056205592,9.21191173561769,266.6528580262,50,0,108.555100037869,19
1388,9,3,5,114.333333333333,0.7999585740786,110.703608649142,0.968253136872959,9.0331292015001,10,52.6315789473684,8.29072056205592,9.21191173561769,266.6528580262,50,0,108.555100037869,19
1389,9,3,5,114.333333333333,0.7999585740786,110.703608649142,0.968253136872959,9.0331292015001,10,52.6315789473684,8.29072056205592,9.21191173561769,266.6528580262,50,0,108.555100037869,19
1390,9,3,5,114.333333333333,0.7999585740786,110.703608649142,0.968253136872959,9.0331292015001,10,52.6315789473684,8.29072056205592,9.21191173561769,266.6528580262,50,0,108.555100037869,19
1391,9,3,5,114.333333333333,0.7999585740786,110.703608649142,0.968253136872959,9.0331292015001,10,52.6315789473684,8.29072056205592,9.21191173561769,266.6528580262,50,0,108.555100037869,19
1392,9,3,5,114.333333333333,0.7999585740786,110.703608649142,0.968253136872959,9.0331292015001,10,52.6315789473684,8.29072056205592,9.21191173561769,266.6528580262,50,0,108.555100037869,19
1393,9,3,5,114.333333333333,0.7999585740786,110.703608649142,0.968253136872959,9.0331292015001,10,52.6315789473684,8.29072056205592,9.21191173561769,266.6528580262,50,0,108.555100037869,19
1394,9,3,5,114.333333333333,0.7999585740786,110.703608649142,0.968253136872959,9.0331292015001,10,52.6315789473684,8.29072056205592,9.21191173561769,266.6528580262,50,0,108.555100037869,19
1395,9,3,5,114.333333333333,0.7999585740786,110.703608649142,0.968253136872959,9.0331292015001,10,52.6315789473684,8.29072056205592,9.21191173561769,266.6528580262,50,0,108.555100037869,19
1396,9,3,5,114.333333333333,0.7999585740786,110.703608649142,0.968253136872959,9.0331292015001,10,52.6315789473684,8.29072056205592,9.21191173561769,266.6528580262,50,0,108.555100037869,19
1397,9,3,5,114.333333333333,0.7999585740786,110.703608649142,0.968253136872959,9.0331292015001,10,52.6315789473684,8.29072056205592,9.21191173561769,266.6528580262,50,0,108.555100037869,19
1398,9,3,5,114.333333333333,0.7999585740786,110.703608649142,0.968253136872959,9.0331292015001,10,52.6315789473684,8.29072056205592,9.21191173561769,266.6528580262,50,0,108.555100037869,19
1399,9,3,5,114.333333333333,0.7999585740786,110.703608649142,0.968253136872959,9.0331292015001,10,52.6315789473684,8.29072056205592,9.21191173561769,266.6528580262,50,0,108.555100037869,19
1400,9,3,5,114.333333333333,0.7999585740786,110.703608649142,0.968253136872959,9.0331292015001,10,52.6315789473684,8.29072056205592,9.21191173561769,266.6528580262,50,0,108.555100037869,19
1401,9,3,7,114.333333333333,0.798773609482832,110.867835227631,0.969689520941378,9.01974858575372,10,52.6315789473684,8.27861540696425,9.19846156329361,266.257869827611,50,0,108.713831450956,19
1402,9,3,7,114.333333333333,0.798773609482832,110.867835227631,0.969689520941378,9.01974858575372,10,52.6315789473684,8.27861540696425,9.19846156329361,266.257869827611,50,0,108.713831450956,19
1403,9,3,7,114.333333333333,0.798773609482832,110.867835227631,0.969689520941378,9.01974858575372,10,52.6315789473684,8.27861540696425,9.19846156329361,266.257869827611,50,0,108.713831450956,19
1404,9,3,7,114.333333333333,0.798773609482832,110.867835227631,0.969689520941378,9.01974858575372,10,52.6315789473684,8.27861540696425,9.19846156329361,266.257869827611,50,0,108.713831450956,19
1405,9,3,7,114.333333333333,0.798773609482832,110.867835227631,0.969689520941378,9.01974858575372,10,52.6315789473684,8.27861540696425,9.19846156329361,266.257869827611,50,0,108.713831450956,19
1406,9,3,7,114.333333333333,0.798773609482832,110.867835227631,0.969689520941378,9.01974858575372,10,52.6315789473684,8.27861540696425,9.19846156329361,266.257869827611,50,0,108.713831450956,19
1407,9,3,7,114.333333333333,0.798773609482832,110.867835227631,0.969689520941378,9.01974858575372,10,52.6315789473684,8.27861540696425,9.19846156329361,266.257869827611,50,0,108.713831450956,19
1408,9,3,7,114.333333333333,0.798773609482832,110.867835227631,0.969689520941378,9.01974858575372,10,52.6315789473684,8.27861540696425,9.19846156329361,266.257869827611,50,0,108.713831450956,19
1409,9,3,7,114.333333333333,0.798773609482832,110.867835227631,0.969689520941378,9.01974858575372,10,52.6315789473684,8.27861540696425,9.19846156329361,266.257869827611,50,0,108.713831450956,19
1410,9,3,7,114.333333333333,0.798773609482832,110.867835227631,0.969689520941378,9.01974858575372,10,52.6315789473684,8.27861540696425,9.19846156329361,266.257869827611,50,0,108.713831450956,19
1411,9,3,7,114.333333333333,0.798773609482832,110.867835227631,0.969689520941378,9.01974858575372,10,52.6315789473684,8.27861540696425,9.19846156329361,266.257869827611,50,0,108.713831450956,19
1412,9,3,7,114.333333333333,0.798773609482832,110.867835227631,0.969689520941378,9.01974858575372,10,52.6315789473684,8.27861540696425,9.19846156329361,266.257869827611,50,0,108.713831450956,19
1413,9,3,7,114.333333333333,0.798773609482832,110.867835227631,0.969689520941378,9.01974858575372,10,52.6315789473684,8.27861540696425,9.19846156329361,266.257869827611,50,0,108.713831450956,19
1414,9,3,7,114.333333333333,0.798773609482832,110.867835227631,0.969689520941378,9.01974858575372,10,52.6315789473684,8.27861540696425,9.19846156329361,266.257869827611,50,0,108.713831450956,19
1415,9,3,7,114.333333333333,0.798773609482832,110.867835227631,0.969689520941378,9.01974858575372,10,52.6315789473684,8.27861540696425,9.19846156329361,266.257869827611,50,0,108.713831450956,19
1416,9,3,7,114.333333333333,0.798773609482832,110.867835227631,0.969689520941378,9.01974858575372,10,52.6315789473684,8.27861540696425,9.19846156329361,266.257869827611,50,0,108.713831450956,19
1417,9,3,7,114.333333333333,0.798773609482832,110.867835227631,0.969689520941378,9.01974858575372,10,52.6315789473684,8.27861540696425,9.19846156329361,266.257869827611,50,0,108.713831450956,19
1418,9,3,7,114.333333333333,0.798773609482832,110.867835227631,0.969689520941378,9.01974858575372,10,52.6315789473684,8.27861540696425,9.19846156329361,266.257869827611,50,0,108.713831450956,19
1419,9,3,7,114.333333333333,0.798773609482832,110.867835227631,0.969689520941378,9.01974858575372,10,52.6315789473684,8.27861540696425,9.19846156329361,266.257869827611,50,0,108.713831450956,19
1420,9,3,7,114.333333333333,0.798773609482832,110.867835227631,0.969689520941378,9.01974858575372,10,52.6315789473684,8.27861540696425,9.19846156329361,266.257869827611,50,0,108.713831450956,19
1421,9,3,10,114.333333333333,0.796996162589179,111.115090733468,0.971852105540539,8.99967766213412,10,52.6315789473684,8.26045767432678,9.17828630480753,265.665387529727,50,0,108.95280085959,19
1422,9,3,10,114.333333333333,0.796996162589179,111.115090733468,0.971852105540539,8.99967766213412,10,52.6315789473684,8.26045767432678,9.17828630480753,265.665387529727,50,0,108.95280085959,19
1423,9,3,10,114.333333333333,0.796996162589179,111.115090733468,0.971852105540539,8.99967766213412,10,52.6315789473684,8.26045767432678,9.17828630480753,265.665387529727,50,0,108.95280085959,19
1424,9,3,10,114.333333333333,0.796996162589179,111.115090733468,0.971852105540539,8.99967766213412,10,52.6315789473684,8.26045767432678,9.17828630480753,265.665387529727,50,0,108.95280085959,19
1425,9,3,10,114.333333333333,0.796996162589179,111.115090733468,0.971852105540539,8.99967766213412,10,52.6315789473684,8.26045767432678,9.17828630480753,265.665387529727,50,0,108.95280085959,19
1426,9,3,10,114.333333333333,0.796996162589179,111.115090733468,0.971852105540539,8.99967766213412,10,52.6315789473684,8.26045767432678,9.17828630480753,265.665387529727,50,0,108.95280085959,19
1427,9,3,10,114.333333333333,0.796996162589179,111.115090733468,0.971852105540539,8.99967766213412,10,52.6315789473684,8.26045767432678,9.17828630480753,265.665387529727,50,0,108.95280085959,19
1428,9,3,10,114.333333333333,0.796996162589179,111.115090733468,0.971852105540539,8.99967766213412,10,52.6315789473684,8.26045767432678,9.17828630480753,265.665387529727,50,0,108.95280085959,19
1429,9,3,10,114.333333333333,0.796996162589179,111.115090733468,0.971852105540539,8.99967766213412,10,52.6315789473684,8.26045767432678,9.17828630480753,265.665387529727,50,0,108.95280085959,19
1430,9,3,10,114.333333333333,0.796996162589179,111.115090733468,0.971852105540539,8.99967766213412,10,52.6315789473684,8.26045767432678,9.17828630480753,265.665387529727,50,0,108.95280085959,19
1431,9,3,10,114.333333333333,0.796996162589179,111.115090733468,0.971852105540539,8.99967766213412,10,52.6315789473684,8.26045767432678,9.17828630480753,265.665387529727,50,0,108.95280085959,19
1432,9,3,10,114.333333333333,0.796996162589179,111.115090733468,0.971852105540539,8.99967766213412,10,52.6315789473684,8.26045767432678,9.17828630480753,265.665387529727,50,0,108.95280085959,19
1433,9,3,10,114.333333333333,0.796996162589179,111.115090733468,0.971852105540539,8.99967766213412,10,52.6315789473684,8.26045767432678,9.17828630480753,265.665387529727,50,0,108.95280085959,19
1434,9,3,10,114.333333333333,0.796996162589179,111.115090733468,0.971852105540539,8.99967766213412,10,52.6315789473684,8.26045767432678,9.17828630480753,265.665387529727,50,0,108.95280085959,19
1435,9,3,10,114.333333333333,0.796996162589179,111.115090733468,0.971852105540539,8.99967766213412,10,52.6315789473684,8.26045767432678,9.17828630480753,265.665387529727,50,0,108.95280085959,19
1436,9,3,10,114.333333333333,0.796996162589179,111.115090733468,0.971852105540539,8.99967766213412,10,52.6315789473684,8.26045767432678,9.17828630480753,265.665387529727,50,0,108.95280085959,19
1437,9,3,10,114.333333333333,0.796996162589179,111.115090733468,0.971852105540539,8.99967766213412,10,52.6315789473684,8.26045767432678,9.17828630480753,265.665387529727,50,0,108.95280085959,19
1438,9,3,10,114.333333333333,0.796996162589179,111.115090733468,0.971852105540539,8.99967766213412,10,52.6315789473684,8.26045767432678,9.17828630480753,265.665387529727,50,0,108.95280085959,19
1439,9,3,10,114.333333333333,0.796996162589179,111.115090733468,0.971852105540539,8.99967766213412,10,52.6315789473684,8.26045767432678,9.17828630480753,265.665387529727,50,0,108.95280085959,19
1440,9,3,10,114.333333333333,0.796996162589179,111.115090733468,0.971852105540539,8.99967766213412,10,52.6315789473684,8.26045767432678,9.17828630480753,265.665387529727,50,0,108.95280085959,19
1441,9,4,3,114.333333333333,0.524517320499012,124.795507402996,1.09150589565303,8.01310897170958,9,64.2857142857143,8.43176973642492,9.36863304047213,131.129330124753,37.5,0,106.739157749059,14
1442,9,4,3,114.333333333333,0.524517320499012,124.795507402996,1.09150589565303,8.01310897170958,9,64.2857142857143,8.43176973642492,9.36863304047213,131.129330124753,37.5,0,106.739157749059,14
1443,9,4,3,114.333333333333,0.524517320499012,124.795507402996,1.09150589565303,8.01310897170958,9,64.2857142857143,8.43176973642492,9.36863304047213,131.129330124753,37.5,0,106.739157749059,14
1444,9,4,3,114.333333333333,0.524517320499012,124.795507402996,1.09150589565303,8.01310897170958,9,64.2857142857143,8.43176973642492,9.36863304047213,131.129330124753,37.5,0,106.739157749059,14
1445,9,4,3,114.333333333333,0.524517320499012,124.795507402996,1.09150589565303,8.01310897170958,9,64.2857142857143,8.43176973642492,9.36863304047213,131.129330124753,37.5,0,106.739157749059,14
1446,9,4,3,114.333333333333,0.524517320499012,124.795507402996,1.09150589565303,8.01310897170958,9,64.2857142857143,8.43176973642492,9.36863304047213,131.129330124753,37.5,0,106.739157749059,14
1447,9,4,3,114.333333333333,0.524517320499012,124.795507402996,1.09150589565303,8.01310897170958,9,64.2857142857143,8.43176973642492,9.36863304047213,131.129330124753,37.5,0,106.739157749059,14
1448,9,4,3,114.333333333333,0.524517320499012,124.795507402996,1.09150589565303,8.01310897170958,9,64.2857142857143,8.43176973642492,9.36863304047213,131.129330124753,37.5,0,106.739157749059,14
1449,9,4,3,114.333333333333,0.524517320499012,124.795507402996,1.09150589565303,8.01310897170958,9,64.2857142857143,8.43176973642492,9.36863304047213,131.129330124753,37.5,0,106.739157749059,14
1450,9,4,3,114.333333333333,0.524517320499012,124.795507402996,1.09150589565303,8.01310897170958,9,64.2857142857143,8.43176973642492,9.36863304047213,131.129330124753,37.5,0,106.739157749059,14
1451,9,4,3,114.333333333333,0.524517320499012,124.795507402996,1.09150589565303,8.01310897170958,9,64.2857142857143,8.43176973642492,9.36863304047213,131.129330124753,37.5,0,106.739157749059,14
1452,9,4,3,114.333333333333,0.524517320499012,124.795507402996,1.09150589565303,8.01310897170958,9,64.2857142857143,8.43176973642492,9.36863304047213,131.129330124753,37.5,0,106.739157749059,14
1453,9,4,3,114.333333333333,0.524517320499012,124.795507402996,1.09150589565303,8.01310897170958,9,64.2857142857143,8.43176973642492,9.36863304047213,131.129330124753,37.5,0,106.739157749059,14
1454,9,4,3,114.333333333333,0.524517320499012,124.795507402996,1.09150589565303,8.01310897170958,9,64.2857142857143,8.43176973642492,9.36863304047213,131.129330124753,37.5,0,106.739157749059,14
1455,9,4,3,114.333333333333,0.524517320499012,124.795507402996,1.09150589565303,8.01310897170958,9,64.2857142857143,8.43176973642492,9.36863304047213,131.129330124753,37.5,0,106.739157749059,14
1456,9,4,3,114.333333333333,0.524517320499012,124.795507402996,1.09150589565303,8.01310897170958,9,64.2857142857143,8.43176973642492,9.36863304047213,131.129330124753,37.5,0,106.739157749059,14
1457,9,4,3,114.333333333333,0.524517320499012,124.795507402996,1.09150589565303,8.01310897170958,9,64.2857142857143,8.43176973642492,9.36863304047213,131.129330124753,37.5,0,106.739157749059,14
1458,9,4,3,114.333333333333,0.524517320499012,124.795507402996,1.09150589565303,8.01310897170958,9,64.2857142857143,8.43176973642492,9.36863304047213,131.129330124753,37.5,0,106.739157749059,14
1459,9,4,3,114.333333333333,0.524517320499012,124.795507402996,1.09150589565303,8.01310897170958,9,64.2857142857143,8.43176973642492,9.36863304047213,131.129330124753,37.5,0,106.739157749059,14
1460,9,4,3,114.333333333333,0.524517320499012,124.795507402996,1.09150589565303,8.01310897170958,9,64.2857142857143,8.43176973642492,9.36863304047213,131.129330124753,37.5,0,106.739157749059,14
1461,9,4,5,114.333333333333,0.523231231569637,125.12144169042,1.09435663286082,7.99223527550325,9,64.2857142857143,8.41148224801202,9.34609138668003,130.807807892409,37.5,0,106.996599821953,14
1462,9,4,5,114.333333333333,0.523231231569637,125.12144169042,1.09435663286082,7.99223527550325,9,64.2857142857143,8.41148224801202,9.34609138668003,130.807807892409,37.5,0,106.996599821953,14
1463,9,4,5,114.333333333333,0.523231231569637,125.12144169042,1.09435663286082,7.99223527550325,9,64.2857142857143,8.41148224801202,9.34609138668003,130.807807892409,37.5,0,106.996599821953,14
1464,9,4,5,114.333333333333,0.523231231569637,125.12144169042,1.09435663286082,7.99223527550325,9,64.2857142857143,8.41148224801202,9.34609138668003,130.807807892409,37.5,0,106.996599821953,14
1465,9,4,5,114.333333333333,0.523231231569637,125.12144169042,1.09435663286082,7.99223527550325,9,64.2857142857143,8.41148224801202,9.34609138668003,130.807807892409,37.5,0,106.996599821953,14
1466,9,4,5,114.333333333333,0.523231231569637,125.12144169042,1.09435663286082,7.99223527550325,9,64.2857142857143,8.41148224801202,9.34609138668003,130.807807892409,37.5,0,106.996599821953,14
1467,9,4,5,114.333333333333,0.523231231569637,125.12144169042,1.09435663286082,7.99223527550325,9,64.2857142857143,8.41148224801202,9.34609138668003,130.807807892409,37.5,0,106.996599821953,14
1468,9,4,5,114.333333333333,0.523231231569637,125.12144169042,1.09435663286082,7.99223527550325,9,64.2857142857143,8.41148224801202,9.34609138668003,130.807807892409,37.5,0,106.996599821953,14
1469,9,4,5,114.333333333333,0.523231231569637,125.12144169042,1.09435663286082,7.99223527550325,9,64.2857142857143,8.41148224801202,9.34609138668003,130.807807892409,37.5,0,106.996599821953,14
1470,9,4,5,114.333333333333,0.523231231569637,125.12144169042,1.09435663286082,7.99223527550325,9,64.2857142857143,8.41148224801202,9.34609138668003,130.807807892409,37.5,0,106.996599821953,14
1471,9,4,5,114.333333333333,0.523231231569637,125.12144169042,1.09435663286082,7.99223527550325,9,64.2857142857143,8.41148224801202,9.34609138668003,130.807807892409,37.5,0,106.996599821953,14
1472,9,4,5,114.333333333333,0.523231231569637,125.12144169042,1.09435663286082,7.99223527550325,9,64.2857142857143,8.41148224801202,9.34609138668003,130.807807892409,37.5,0,106.996599821953,14
1473,9,4,5,114.333333333333,0.523231231569637,125.12144169042,1.09435663286082,7.99223527550325,9,64.2857142857143,8.41148224801202,9.34609138668003,130.807807892409,37.5,0,106.996599821953,14
1474,9,4,5,114.333333333333,0.523231231569637,125.12144169042,1.09435663286082,7.99223527550325,9,64.2857142857143,8.41148224801202,9.34609138668003,130.807807892409,37.5,0,106.996599821953,14
1475,9,4,5,114.333333333333,0.523231231569637,125.12144169042,1.09435663286082,7.99223527550325,9,64.2857142857143,8.41148224801202,9.34609138668003,130.807807892409,37.5,0,106.996599821953,14
1476,9,4,5,114.333333333333,0.523231231569637,125.12144169042,1.09435663286082,7.99223527550325,9,64.2857142857143,8.41148224801202,9.34609138668003,130.807807892409,37.5,0,106.996599821953,14
1477,9,4,5,114.333333333333,0.523231231569637,125.12144169042,1.09435663286082,7.99223527550325,9,64.2857142857143,8.41148224801202,9.34609138668003,130.807807892409,37.5,0,106.996599821953,14
1478,9,4,5,114.333333333333,0.523231231569637,125.12144169042,1.09435663286082,7.99223527550325,9,64.2857142857143,8.41148224801202,9.34609138668003,130.807807892409,37.5,0,106.996599821953,14
1479,9,4,5,114.333333333333,0.523231231569637,125.12144169042,1.09435663286082,7.99223527550325,9,64.2857142857143,8.41148224801202,9.34609138668003,130.807807892409,37.5,0,106.996599821953,14
1480,9,4,5,114.333333333333,0.523231231569637,125.12144169042,1.09435663286082,7.99223527550325,9,64.2857142857143,8.41148224801202,9.34609138668003,130.807807892409,37.5,0,106.996599821953,14
1481,9,4,7,114.333333333333,0.52211641437705,125.405351124959,1.09683980575766,7.97414138255995,9,64.2857142857143,8.39389649607798,9.32655166230886,130.529103594263,37.5,0,107.220764566316,14
1482,9,4,7,114.333333333333,0.52211641437705,125.405351124959,1.09683980575766,7.97414138255995,9,64.2857142857143,8.39389649607798,9.32655166230886,130.529103594263,37.5,0,107.220764566316,14
1483,9,4,7,114.333333333333,0.52211641437705,125.405351124959,1.09683980575766,7.97414138255995,9,64.2857142857143,8.39389649607798,9.32655166230886,130.529103594263,37.5,0,107.220764566316,14
1484,9,4,7,114.333333333333,0.52211641437705,125.405351124959,1.09683980575766,7.97414138255995,9,64.2857142857143,8.39389649607798,9.32655166230886,130.529103594263,37.5,0,107.220764566316,14
1485,9,4,7,114.333333333333,0.52211641437705,125.405351124959,1.09683980575766,7.97414138255995,9,64.2857142857143,8.39389649607798,9.32655166230886,130.529103594263,37.5,0,107.220764566316,14
1486,9,4,7,114.333333333333,0.52211641437705,125.405351124959,1.09683980575766,7.97414138255995,9,64.2857142857143,8.39389649607798,9.32655166230886,130.529103594263,37.5,0,107.220764566316,14
1487,9,4,7,114.333333333333,0.52211641437705,125.405351124959,1.09683980575766,7.97414138255995,9,64.2857142857143,8.39389649607798,9.32655166230886,130.529103594263,37.5,0,107.220764566316,14
1488,9,4,7,114.333333333333,0.52211641437705,125.405351124959,1.09683980575766,7.97414138255995,9,64.2857142857143,8.39389649607798,9.32655166230886,130.529103594263,37.5,0,107.220764566316,14
1489,9,4,7,114.333333333333,0.52211641437705,125.405351124959,1.09683980575766,7.97414138255995,9,64.2857142857143,8.39389649607798,9.32655166230886,130.529103594263,37.5,0,107.220764566316,14
1490,9,4,7,114.333333333333,0.52211641437705,125.405351124959,1.09683980575766,7.97414138255995,9,64.2857142857143,8.39389649607798,9.32655166230886,130.529103594263,37.5,0,107.220764566316,14
1491,9,4,7,114.333333333333,0.52211641437705,125.405351124959,1.09683980575766,7.97414138255995,9,64.2857142857143,8.39389649607798,9.32655166230886,130.529103594263,37.5,0,107.220764566316,14
1492,9,4,7,114.333333333333,0.52211641437705,125.405351124959,1.09683980575766,7.97414138255995,9,64.2857142857143,8.39389649607798,9.32655166230886,130.529103594263,37.5,0,107.220764566316,14
1493,9,4,7,114.333333333333,0.52211641437705,125.405351124959,1.09683980575766,7.97414138255995,9,64.2857142857143,8.39389649607798,9.32655166230886,130.529103594263,37.5,0,107.220764566316,14
1494,9,4,7,114.333333333333,0.52211641437705,125.405351124959,1.09683980575766,7.97414138255995,9,64.2857142857143,8.39389649607798,9.32655166230886,130.529103594263,37.5,0,107.220764566316,14
1495,9,4,7,114.333333333333,0.52211641437705,125.405351124959,1.09683980575766,7.97414138255995,9,64.2857142857143,8.39389649607798,9.32655166230886,130.529103594263,37.5,0,107.220764566316,14
1496,9,4,7,114.333333333333,0.52211641437705,125.405351124959,1.09683980575766,7.97414138255995,9,64.2857142857143,8.39389649607798,9.32655166230886,130.529103594263,37.5,0,107.220764566316,14
1497,9,4,7,114.333333333333,0.52211641437705,125.405351124959,1.09683980575766,7.97414138255995,9,64.2857142857143,8.39389649607798,9.32655166230886,130.529103594263,37.5,0,107.220764566316,14
1498,9,4,7,114.333333333333,0.52211641437705,125.405351124959,1.09683980575766,7.97414138255995,9,64.2857142857143,8.39389649607798,9.32655166230886,130.529103594263,37.5,0,107.220764566316,14
1499,9,4,7,114.333333333333,0.52211641437705,125.405351124959,1.09683980575766,7.97414138255995,9,64.2857142857143,8.39389649607798,9.32655166230886,130.529103594263,37.5,0,107.220764566316,14
1500,9,4,7,114.333333333333,0.52211641437705,125.405351124959,1.09683980575766,7.97414138255995,9,64.2857142857143,8.39389649607798,9.32655166230886,130.529103594263,37.5,0,107.220764566316,14
1501,9,4,10,114.333333333333,0.520444118874637,125.832960150084,1.10057982638558,7.94704343605421,9,64.2857142857143,8.36751533294752,9.29723925883058,130.111029718659,37.5,0,107.558810971783,14
1502,9,4,10,114.333333333333,0.520444118874637,125.832960150084,1.10057982638558,7.94704343605421,9,64.2857142857143,8.36751533294752,9.29723925883058,130.111029718659,37.5,0,107.558810971783,14
1503,9,4,10,114.333333333333,0.520444118874637,125.832960150084,1.10057982638558,7.94704343605421,9,64.2857142857143,8.36751533294752,9.29723925883058,130.111029718659,37.5,0,107.558810971783,14
1504,9,4,10,114.333333333333,0.520444118874637,125.832960150084,1.10057982638558,7.94704343605421,9,64.2857142857143,8.36751533294752,9.29723925883058,130.111029718659,37.5,0,107.558810971783,14
1505,9,4,10,114.333333333333,0.520444118874637,125.832960150084,1.10057982638558,7.94704343605421,9,64.2857142857143,8.36751533294752,9.29723925883058,130.111029718659,37.5,0,107.558810971783,14
1506,9,4,10,114.333333333333,0.520444118874637,125.832960150084,1.10057982638558,7.94704343605421,9,64.2857142857143,8.36751533294752,9.29723925883058,130.111029718659,37.5,0,107.558810971783,14
1507,9,4,10,114.333333333333,0.520444118874637,125.832960150084,1.10057982638558,7.94704343605421,9,64.2857142857143,8.36751533294752,9.29723925883058,130.111029718659,37.5,0,107.558810971783,14
1508,9,4,10,114.333333333333,0.520444118874637,125.832960150084,1.10057982638558,7.94704343605421,9,64.2857142857143,8.36751533294752,9.29723925883058,130.111029718659,37.5,0,107.558810971783,14
1509,9,4,10,114.333333333333,0.520444118874637,125.832960150084,1.10057982638558,7.94704343605421,9,64.2857142857143,8.36751533294752,9.29723925883058,130.111029718659,37.5,0,107.558810971783,14
1510,9,4,10,114.333333333333,0.520444118874637,125.832960150084,1.10057982638558,7.94704343605421,9,64.2857142857143,8.36751533294752,9.29723925883058,130.111029718659,37.5,0,107.558810971783,14
1511,9,4,10,114.333333333333,0.520444118874637,125.832960150084,1.10057982638558,7.94704343605421,9,64.2857142857143,8.36751533294752,9.29723925883058,130.111029718659,37.5,0,107.558810971783,14
1512,9,4,10,114.333333333333,0.520444118874637,125.832960150084,1.10057982638558,7.94704343605421,9,64.2857142857143,8.36751533294752,9.29723925883058,130.111029718659,37.5,0,107.558810971783,14
1513,9,4,10,114.333333333333,0.520444118874637,125.832960150084,1.10057982638558,7.94704343605421,9,64.2857142857143,8.36751533294752,9.29723925883058,130.111029718659,37.5,0,107.558810971783,14
1514,9,4,10,114.333333333333,0.520444118874637,125.832960150084,1.10057982638558,7.94704343605421,9,64.2857142857143,8.36751533294752,9.29723925883058,130.111029718659,37.5,0,107.558810971783,14
1515,9,4,10,114.333333333333,0.520444118874637,125.832960150084,1.10057982638558,7.94704343605421,9,64.2857142857143,8.36751533294752,9.29723925883058,130.111029718659,37.5,0,107.558810971783,14
1516,9,4,10,114.333333333333,0.520444118874637,125.832960150084,1.10057982638558,7.94704343605421,9,64.2857142857143,8.36751533294752,9.29723925883058,130.111029718659,37.5,0,107.558810971783,14
1517,9,4,10,114.333333333333,0.520444118874637,125.832960150084,1.10057982638558,7.94704343605421,9,64.2857142857143,8.36751533294752,9.29723925883058,130.111029718659,37.5,0,107.558810971783,14
1518,9,4,10,114.333333333333,0.520444118874637,125.832960150084,1.10057982638558,7.94704343605421,9,64.2857142857143,8.36751533294752,9.29723925883058,130.111029718659,37.5,0,107.558810971783,14
1519,9,4,10,114.333333333333,0.520444118874637,125.832960150084,1.10057982638558,7.94704343605421,9,64.2857142857143,8.36751533294752,9.29723925883058,130.111029718659,37.5,0,107.558810971783,14
1520,9,4,10,114.333333333333,0.520444118874637,125.832960150084,1.10057982638558,7.94704343605421,9,64.2857142857143,8.36751533294752,9.29723925883058,130.111029718659,37.5,0,107.558810971783,14
1521,9,5,3,114.333333333333,0.381838205192864,132.770620929118,1.16125907518179,7.53178672361462,8,72.7272727272727,8.53762504763671,9.48625005292967,76.3676410385727,30,0,105.415732710015,11
1522,9,5,3,114.333333333333,0.381838205192864,132.770620929118,1.16125907518179,7.53178672361462,8,72.7272727272727,8.53762504763671,9.48625005292967,76.3676410385727,30,0,105.415732710015,11
1523,9,5,3,114.333333333333,0.381838205192864,132.770620929118,1.16125907518179,7.53178672361462,8,72.7272727272727,8.53762504763671,9.48625005292967,76.3676410385727,30,0,105.415732710015,11
1524,9,5,3,114.333333333333,0.381838205192864,132.770620929118,1.16125907518179,7.53178672361462,8,72.7272727272727,8.53762504763671,9.48625005292967,76.3676410385727,30,0,105.415732710015,11
1525,9,5,3,114.333333333333,0.381838205192864,132.770620929118,1.16125907518179,7.53178672361462,8,72.7272727272727,8.53762504763671,9.48625005292967,76.3676410385727,30,0,105.415732710015,11
1526,9,5,3,114.333333333333,0.381838205192864,132.770620929118,1.16125907518179,7.53178672361462,8,72.7272727272727,8.53762504763671,9.48625005292967,76.3676410385727,30,0,105.415732710015,11
1527,9,5,3,114.333333333333,0.381838205192864,132.770620929118,1.16125907518179,7.53178672361462,8,72.7272727272727,8.53762504763671,9.48625005292967,76.3676410385727,30,0,105.415732710015,11
1528,9,5,3,114.333333333333,0.381838205192864,132.770620929118,1.16125907518179,7.53178672361462,8,72.7272727272727,8.53762504763671,9.48625005292967,76.3676410385727,30,0,105.415732710015,11
1529,9,5,3,114.333333333333,0.381838205192864,132.770620929118,1.16125907518179,7.53178672361462,8,72.7272727272727,8.53762504763671,9.48625005292967,76.3676410385727,30,0,105.415732710015,11
1530,9,5,3,114.333333333333,0.381838205192864,132.770620929118,1.16125907518179,7.53178672361462,8,72.7272727272727,8.53762504763671,9.48625005292967,76.3676410385727,30,0,105.415732710015,11
1531,9,5,3,114.333333333333,0.381838205192864,132.770620929118,1.16125907518179,7.53178672361462,8,72.7272727272727,8.53762504763671,9.48625005292967,76.3676410385727,30,0,105.415732710015,11
1532,9,5,3,114.333333333333,0.381838205192864,132.770620929118,1.16125907518179,7.53178672361462,8,72.7272727272727,8.53762504763671,9.48625005292967,76.3676410385727,30,0,105.415732710015,11
1533,9,5,3,114.333333333333,0.381838205192864,132.770620929118,1.16125907518179,7.53178672361462,8,72.7272727272727,8.53762504763671,9.48625005292967,76.3676410385727,30,0,105.415732710015,11
1534,9,5,3,114.333333333333,0.381838205192864,132.770620929118,1.16125907518179,7.53178672361462,8,72.7272727272727,8.53762504763671,9.48625005292967,76.3676410385727,30,0,105.415732710015,11
1535,9,5,3,114.333333333333,0.381838205192864,132.770620929118,1.16125907518179,7.53178672361462,8,72.7272727272727,8.53762504763671,9.48625005292967,76.3676410385727,30,0,105.415732710015,11
1536,9,5,3,114.333333333333,0.381838205192864,132.770620929118,1.16125907518179,7.53178672361462,8,72.7272727272727,8.53762504763671,9.48625005292967,76.3676410385727,30,0,105.415732710015,11
1537,9,5,3,114.333333333333,0.381838205192864,132.770620929118,1.16125907518179,7.53178672361462,8,72.7272727272727,8.53762504763671,9.48625005292967,76.3676410385727,30,0,105.415732710015,11
1538,9,5,3,114.333333333333,0.381838205192864,132.770620929118,1.16125907518179,7.53178672361462,8,72.7272727272727,8.53762504763671,9.48625005292967,76.3676410385727,30,0,105.415732710015,11
1539,9,5,3,114.333333333333,0.381838205192864,132.770620929118,1.16125907518179,7.53178672361462,8,72.7272727272727,8.53762504763671,9.48625005292967,76.3676410385727,30,0,105.415732710015,11
1540,9,5,3,114.333333333333,0.381838205192864,132.770620929118,1.16125907518179,7.53178672361462,8,72.7272727272727,8.53762504763671,9.48625005292967,76.3676410385727,30,0,105.415732710015,11
1541,9,5,5,114.333333333333,0.380558374759986,133.207153300097,1.16507714256645,7.50710435007301,8,72.7272727272727,8.50964644729704,9.45516271921894,76.1116749519973,30,0,105.762325799784,11
1542,9,5,5,114.333333333333,0.380558374759986,133.207153300097,1.16507714256645,7.50710435007301,8,72.7272727272727,8.50964644729704,9.45516271921894,76.1116749519973,30,0,105.762325799784,11
1543,9,5,5,114.333333333333,0.380558374759986,133.207153300097,1.16507714256645,7.50710435007301,8,72.7272727272727,8.50964644729704,9.45516271921894,76.1116749519973,30,0,105.762325799784,11
1544,9,5,5,114.333333333333,0.380558374759986,133.207153300097,1.16507714256645,7.50710435007301,8,72.7272727272727,8.50964644729704,9.45516271921894,76.1116749519973,30,0,105.762325799784,11
1545,9,5,5,114.333333333333,0.380558374759986,133.207153300097,1.16507714256645,7.50710435007301,8,72.7272727272727,8.50964644729704,9.45516271921894,76.1116749519973,30,0,105.762325799784,11
1546,9,5,5,114.333333333333,0.380558374759986,133.207153300097,1.16507714256645,7.50710435007301,8,72.7272727272727,8.50964644729704,9.45516271921894,76.1116749519973,30,0,105.762325799784,11
1547,9,5,5,114.333333333333,0.380558374759986,133.207153300097,1.16507714256645,7.50710435007301,8,72.7272727272727,8.50964644729704,9.45516271921894,76.1116749519973,30,0,105.762325799784,11
1548,9,5,5,114.333333333333,0.380558374759986,133.207153300097,1.16507714256645,7.50710435007301,8,72.7272727272727,8.50964644729704,9.45516271921894,76.1116749519973,30,0,105.762325799784,11
1549,9,5,5,114.333333333333,0.380558374759986,133.207153300097,1.16507714256645,7.50710435007301,8,72.7272727272727,8.50964644729704,9.45516271921894,76.1116749519973,30,0,105.762325799784,11
1550,9,5,5,114.333333333333,0.380558374759986,133.207153300097,1.16507714256645,7.50710435007301,8,72.7272727272727,8.50964644729704,9.45516271921894,76.1116749519973,30,0,105.762325799784,11
1551,9,5,5,114.333333333333,0.380558374759986,133.207153300097,1.16507714256645,7.50710435007301,8,72.7272727272727,8.50964644729704,9.45516271921894,76.1116749519973,30,0,105.762325799784,11
1552,9,5,5,114.333333333333,0.380558374759986,133.207153300097,1.16507714256645,7.50710435007301,8,72.7272727272727,8.50964644729704,9.45516271921894,76.1116749519973,30,0,105.762325799784,11
1553,9,5,5,114.333333333333,0.380558374759986,133.207153300097,1.16507714256645,7.50710435007301,8,72.7272727272727,8.50964644729704,9.45516271921894,76.1116749519973,30,0,105.762325799784,11
1554,9,5,5,114.333333333333,0.380558374759986,133.207153300097,1.16507714256645,7.50710435007301,8,72.7272727272727,8.50964644729704,9.45516271921894,76.1116749519973,30,0,105.762325799784,11
1555,9,5,5,114.333333333333,0.380558374759986,133.207153300097,1.16507714256645,7.50710435007301,8,72.7272727272727,8.50964644729704,9.45516271921894,76.1116749519973,30,0,105.762325799784,11
1556,9,5,5,114.333333333333,0.380558374759986,133.207153300097,1.16507714256645,7.50710435007301,8,72.7272727272727,8.50964644729704,9.45516271921894,76.1116749519973,30,0,105.762325799784,11
1557,9,5,5,114.333333333333,0.380558374759986,133.207153300097,1.16507714256645,7.50710435007301,8,72.7272727272727,8.50964644729704,9.45516271921894,76.1116749519973,30,0,105.762325799784,11
1558,9,5,5,114.333333333333,0.380558374759986,133.207153300097,1.16507714256645,7.50710435007301,8,72.7272727272727,8.50964644729704,9.45516271921894,76.1116749519973,30,0,105.762325799784,11
1559,9,5,5,114.333333333333,0.380558374759986,133.207153300097,1.16507714256645,7.50710435007301,8,72.7272727272727,8.50964644729704,9.45516271921894,76.1116749519973,30,0,105.762325799784,11
1560,9,5,5,114.333333333333,0.380558374759986,133.207153300097,1.16507714256645,7.50710435007301,8,72.7272727272727,8.50964644729704,9.45516271921894,76.1116749519973,30,0,105.762325799784,11
1561,9,5,7,114.333333333333,0.37945480484871,133.58587695497,1.16838959435833,7.48582127687861,8,72.7272727272727,8.48552110951693,9.42835678835215,75.8909609697421,30,0,106.063020571666,11
1562,9,5,7,114.333333333333,0.37945480484871,133.58587695497,1.16838959435833,7.48582127687861,8,72.7272727272727,8.48552110951693,9.42835678835215,75.8909609697421,30,0,106.063020571666,11
1563,9,5,7,114.333333333333,0.37945480484871,133.58587695497,1.16838959435833,7.48582127687861,8,72.7272727272727,8.48552110951693,9.42835678835215,75.8909609697421,30,0,106.063020571666,11
1564,9,5,7,114.333333333333,0.37945480484871,133.58587695497,1.16838959435833,7.48582127687861,8,72.7272727272727,8.48552110951693,9.42835678835215,75.8909609697421,30,0,106.063020571666,11
1565,9,5,7,114.333333333333,0.37945480484871,133.58587695497,1.16838959435833,7.48582127687861,8,72.7272727272727,8.48552110951693,9.42835678835215,75.8909609697421,30,0,106.063020571666,11
1566,9,5,7,114.333333333333,0.37945480484871,133.58587695497,1.16838959435833,7.48582127687861,8,72.7272727272727,8.48552110951693,9.42835678835215,75.8909609697421,30,0,106.063020571666,11
1567,9,5,7,114.333333333333,0.37945480484871,133.58587695497,1.16838959435833,7.48582127687861,8,72.7272727272727,8.48552110951693,9.42835678835215,75.8909609697421,30,0,106.063020571666,11
1568,9,5,7,114.333333333333,0.37945480484871,133.58587695497,1.16838959435833,7.48582127687861,8,72.7272727272727,8.48552110951693,9.42835678835215,75.8909609697421,30,0,106.063020571666,11
1569,9,5,7,114.333333333333,0.37945480484871,133.58587695497,1.16838959435833,7.48582127687861,8,72.7272727272727,8.48552110951693,9.42835678835215,75.8909609697421,30,0,106.063020571666,11
1570,9,5,7,114.333333333333,0.37945480484871,133.58587695497,1.16838959435833,7.48582127687861,8,72.7272727272727,8.48552110951693,9.42835678835215,75.8909609697421,30,0,106.063020571666,11
1571,9,5,7,114.333333333333,0.37945480484871,133.58587695497,1.16838959435833,7.48582127687861,8,72.7272727272727,8.48552110951693,9.42835678835215,75.8909609697421,30,0,106.063020571666,11
1572,9,5,7,114.333333333333,0.37945480484871,133.58587695497,1.16838959435833,7.48582127687861,8,72.7272727272727,8.48552110951693,9.42835678835215,75.8909609697421,30,0,106.063020571666,11
1573,9,5,7,114.333333333333,0.37945480484871,133.58587695497,1.16838959435833,7.48582127687861,8,72.7272727272727,8.48552110951693,9.42835678835215,75.8909609697421,30,0,106.063020571666,11
1574,9,5,7,114.333333333333,0.37945480484871,133.58587695497,1.16838959435833,7.48582127687861,8,72.7272727272727,8.48552110951693,9.42835678835215,75.8909609697421,30,0,106.063020571666,11
1575,9,5,7,114.333333333333,0.37945480484871,133.58587695497,1.16838959435833,7.48582127687861,8,72.7272727272727,8.48552110951693,9.42835678835215,75.8909609697421,30,0,106.063020571666,11
1576,9,5,7,114.333333333333,0.37945480484871,133.58587695497,1.16838959435833,7.48582127687861,8,72.7272727272727,8.48552110951693,9.42835678835215,75.8909609697421,30,0,106.063020571666,11
1577,9,5,7,114.333333333333,0.37945480484871,133.58587695497,1.16838959435833,7.48582127687861,8,72.7272727272727,8.48552110951693,9.42835678835215,75.8909609697421,30,0,106.063020571666,11
1578,9,5,7,114.333333333333,0.37945480484871,133.58587695497,1.16838959435833,7.48582127687861,8,72.7272727272727,8.48552110951693,9.42835678835215,75.8909609697421,30,0,106.063020571666,11
1579,9,5,7,114.333333333333,0.37945480484871,133.58587695497,1.16838959435833,7.48582127687861,8,72.7272727272727,8.48552110951693,9.42835678835215,75.8909609697421,30,0,106.063020571666,11
1580,9,5,7,114.333333333333,0.37945480484871,133.58587695497,1.16838959435833,7.48582127687861,8,72.7272727272727,8.48552110951693,9.42835678835215,75.8909609697421,30,0,106.063020571666,11
1581,9,5,10,114.333333333333,0.533901343143824,94.6822969725184,0.828125046406867,10.5616364618853,7,63.6363636363636,8.44933310284668,9.38814789205186,106.780268628765,30,0,106.517282375431,11
1582,9,5,10,114.333333333333,0.533901343143824,94.6822969725184,0.828125046406867,10.5616364618853,7,63.6363636363636,8.44933310284668,9.38814789205186,106.780268628765,30,0,106.517282375431,11
1583,9,5,10,114.333333333333,0.533901343143824,94.6822969725184,0.828125046406867,10.5616364618853,7,63.6363636363636,8.44933310284668,9.38814789205186,106.780268628765,30,0,106.517282375431,11
1584,9,5,10,114.333333333333,0.533901343143824,94.6822969725184,0.828125046406867,10.5616364618853,7,63.6363636363636,8.44933310284668,9.38814789205186,106.780268628765,30,0,106.517282375431,11
1585,9,5,10,114.333333333333,0.533901343143824,94.6822969725184,0.828125046406867,10.5616364618853,7,63.6363636363636,8.44933310284668,9.38814789205186,106.780268628765,30,0,106.517282375431,11
1586,9,5,10,114.333333333333,0.533901343143824,94.6822969725184,0.828125046406867,10.5616364618853,7,63.6363636363636,8.44933310284668,9.38814789205186,106.780268628765,30,0,106.517282375431,11
1587,9,5,10,114.333333333333,0.533901343143824,94.6822969725184,0.828125046406867,10.5616364618853,7,63.6363636363636,8.44933310284668,9.38814789205186,106.780268628765,30,0,106.517282375431,11
1588,9,5,10,114.333333333333,0.533901343143824,94.6822969725184,0.828125046406867,10.5616364618853,7,63.6363636363636,8.44933310284668,9.38814789205186,106.780268628765,30,0,106.517282375431,11
1589,9,5,10,114.333333333333,0.533901343143824,94.6822969725184,0.828125046406867,10.5616364618853,7,63.6363636363636,8.44933310284668,9.38814789205186,106.780268628765,30,0,106.517282375431,11
1590,9,5,10,114.333333333333,0.533901343143824,94.6822969725184,0.828125046406867,10.5616364618853,7,63.6363636363636,8.44933310284668,9.38814789205186,106.780268628765,30,0,106.517282375431,11
1591,9,5,10,114.333333333333,0.533901343143824,94.6822969725184,0.828125046406867,10.5616364618853,7,63.6363636363636,8.44933310284668,9.38814789205186,106.780268628765,30,0,106.517282375431,11
1592,9,5,10,114.333333333333,0.533901343143824,94.6822969725184,0.828125046406867,10.5616364618853,7,63.6363636363636,8.44933310284668,9.38814789205186,106.780268628765,30,0,106.517282375431,11
1593,9,5,10,114.333333333333,0.533901343143824,94.6822969725184,0.828125046406867,10.5616364618853,7,63.6363636363636,8.44933310284668,9.38814789205186,106.780268628765,30,0,106.517282375431,11
1594,9,5,10,114.333333333333,0.533901343143824,94.6822969725184,0.828125046406867,10.5616364618853,7,63.6363636363636,8.44933310284668,9.38814789205186,106.780268628765,30,0,106.517282375431,11
1595,9,5,10,114.333333333333,0.533901343143824,94.6822969725184,0.828125046406867,10.5616364618853,7,63.6363636363636,8.44933310284668,9.38814789205186,106.780268628765,30,0,106.517282375431,11
1596,9,5,10,114.333333333333,0.533901343143824,94.6822969725184,0.828125046406867,10.5616364618853,7,63.6363636363636,8.44933310284668,9.38814789205186,106.780268628765,30,0,106.517282375431,11
1597,9,5,10,114.333333333333,0.533901343143824,94.6822969725184,0.828125046406867,10.5616364618853,7,63.6363636363636,8.44933310284668,9.38814789205186,106.780268628765,30,0,106.517282375431,11
1598,9,5,10,114.333333333333,0.533901343143824,94.6822969725184,0.828125046406867,10.5616364618853,7,63.6363636363636,8.44933310284668,9.38814789205186,106.780268628765,30,0,106.517282375431,11
1599,9,5,10,114.333333333333,0.533901343143824,94.6822969725184,0.828125046406867,10.5616364618853,7,63.6363636363636,8.44933310284668,9.38814789205186,106.780268628765,30,0,106.517282375431,11
1600,9,5,10,114.333333333333,0.533901343143824,94.6822969725184,0.828125046406867,10.5616364618853,7,63.6363636363636,8.44933310284668,9.38814789205186,106.780268628765,30,0,106.517282375431,11
