ConditionName,SeqID,ConditionCode,SSG_ID,GroupSize,FirstCall,LastCall,SequenceLength_calls,NormalisedPosition_percent,StableIPI_ms,WithinCV,LeftFlankIPI_ms,RightFlankIPI_ms,LeftFlankRatio,RightFlankRatio,AnchorDistance_m,NearestDistance_m,AnchorSameWithinSSG,AnchorSwitchWithinSSG
two_targets_stationary_anchor_random,1002,C2,1,2,8,9,26,32.6923076923077,18.4129014932529,0.0462115725555201,29.6512011226775,25.3570278115544,1.61034919637965,1.3771337353239,0.529204593050683,0.529204593050683,1,0
two_targets_stationary_anchor_random,1002,C2,2,2,13,14,26,51.9230769230769,11.9840451741415,0.0465387068299695,21.8908036781102,19.2194771832499,1.82666231310149,1.60375540178374,0.344543611101206,0.344543611101206,1,0
two_targets_stationary_anchor_random,1003,C2,3,2,17,18,23,76.0869565217391,7.7312860368615,0.0474253801666584,14.1491366470363,12.6393801068512,1.83011423708494,1.63483540081025,0.22215249473723,0.22215249473723,1,0
two_targets_stationary_anchor_random,1005,C2,4,2,6,7,20,32.5,17.3695233447171,0.0415724144971181,25.948148567584,22.1750245313535,1.49388950131876,1.27666281286286,0.498975609186387,0.498975609186387,1,0
two_targets_stationary_anchor_random,1012,C2,5,2,16,17,18,91.6666666666667,5.89872026870497,0.0468255292723982,17.6195393990747,15.8397122417374,2.98701050337195,2.6852794369269,0.169607373048094,0.169607373048094,1,0
two_targets_stationary_anchor_random,1024,C2,6,2,11,12,49,23.469387755102,12.2027930776333,0.0385814760926775,21.2491990864394,18.2045878540892,1.74133896651804,1.49183778978083,0.350705054642346,0.350705054642346,1,0
two_targets_stationary_anchor_random,1024,C2,7,2,21,22,49,43.8775510204082,7.29987264621231,0.0360307964422032,13.5861006087877,12.5371198719965,1.86114214140944,1.71744364314378,0.209747705756187,0.209747705756187,1,0
two_targets_stationary_anchor_random,1024,C2,8,2,41,42,49,84.6938775510204,6.96529652301534,0.0388165815544853,8.36446823165897,8.64086925829595,1.20087755115958,1.24056014410069,0.200127937026836,0.200127937026836,1,0
two_targets_stationary_anchor_random,1025,C2,9,2,3,4,21,16.6666666666667,29.7984229614973,0.0483315885353835,43.8809164674293,38.3492806247384,1.47259190609275,1.28695671828975,0.85585621045975,0.85585621045975,1,0
two_targets_stationary_anchor_random,1029,C2,10,2,21,22,26,82.6923076923077,7.29270206058153,0.0401010639720731,13.8577408290099,12.8637883350798,1.90022034547574,1.76392621393531,0.209580448518613,0.209580448518613,1,0
two_targets_stationary_anchor_random,1030,C2,11,2,21,22,24,89.5833333333333,6.52372663092022,0.0363408879392362,9.3151531527903,8.0379785214363,1.42788833435167,1.23211455295184,0.187326869029309,0.187326869029309,1,0
two_targets_stationary_anchor_random,1037,C2,12,2,6,7,25,26,23.4224029017183,0.0490187036842877,32.0987747075067,28.3562708934956,1.37043047385851,1.21064738799346,0.673014782814654,0.673014782814654,1,0
two_targets_stationary_anchor_random,1039,C2,13,2,11,12,15,76.6666666666667,8.76326286684414,0.0438745276523881,21.5653053013473,19.3633687948325,2.46087623172183,2.20960720784652,0.252068879417966,0.252068879417966,1,0
two_targets_stationary_anchor_random,1210,C2,14,2,31,32,35,90,7.21887567908954,0.04744817459546,10.5679229592055,9.0828527194682,1.46392920850776,1.25820877422476,0.207478188081015,0.207478188081015,1,0
two_targets_stationary_anchor_random,1211,C2,15,2,22,23,44,51.1363636363636,11.9389215623192,0.0488546287325099,17.9167224940728,15.5479643681483,1.50069856817054,1.30229219506891,0.343100799800338,0.343100799800338,1,0
two_targets_stationary_anchor_random,1215,C2,16,2,60,61,134,45.1492537313433,7.61304457696834,0.0421970755016917,9.18764574190353,9.28294467698265,1.20682936360294,1.21934721163544,0.218544428679607,0.218544428679607,1,0
two_targets_stationary_anchor_random,1215,C2,17,2,74,75,134,55.5970149253731,6.84209644553211,0.0491922803883039,9.89372122872085,10.101908919776,1.44600727386435,1.47643474484674,0.196667743485452,0.196667743485452,1,0
two_targets_stationary_anchor_random,1215,C2,18,2,93,94,134,69.7761194029851,7.27354328214941,0.0411327436331704,9.46782344377363,9.74526114974887,1.30167967337314,1.3398230782053,0.209049461608402,0.209049461608402,1,0
two_targets_stationary_anchor_random,1215,C2,19,2,110,111,134,82.4626865671642,7.34392072380044,0.0488847375822922,9.25535119282842,9.67978330904311,1.26027384293969,1.31806751095127,0.211131753163376,0.211131753163376,1,0
two_targets_stationary_anchor_random,1215,C2,20,2,116,117,134,86.9402985074627,7.49004041442039,0.0479327841115502,8.99759673531505,9.55838942663725,1.20127479125376,1.27614657568933,0.215332199881531,0.215332199881531,1,0
two_targets_stationary_anchor_random,1215,C2,21,2,119,120,134,89.1791044776119,7.13706910056228,0.0450109559737992,9.55838942663725,9.77239854430662,1.33925975662534,1.36924533118738,0.20503449388064,0.20503449388064,1,0
two_targets_stationary_anchor_random,1218,C2,22,2,46,47,81,57.4074074074074,7.08959316879565,0.0492303245312831,9.19732370745851,9.36816364273249,1.29729922274523,1.32139650607398,0.203887164239996,0.203887164239996,1,0
two_targets_stationary_anchor_random,1219,C2,23,2,20,21,32,64.0625,15.5082501319818,0.0411297048024611,22.8815262166429,19.4236106801879,1.47544216929127,1.25246952524525,0.445606372955886,0.445606372955886,1,0
two_targets_stationary_anchor_random,1225,C2,24,2,32,33,41,79.2682926829268,7.78228261987825,0.0497734612189537,12.4970820152843,11.5141940595099,1.60583759620385,1.47953943873733,0.223692157340818,0.223692157340818,1,0
two_targets_stationary_anchor_random,1236,C2,25,2,22,23,37,60.8108108108108,12.6537388344507,0.0438814955678723,19.2868084421136,16.6914502968889,1.52419839657224,1.31909236592155,0.363524535030558,0.363524535030558,1,0
two_targets_stationary_anchor_random,1236,C2,26,2,28,29,37,77.027027027027,8.49865758119438,0.0493667910868233,14.5476324999637,13.2120645896155,1.71175651695326,1.55460606141501,0.24439925858638,0.24439925858638,1,0
two_targets_stationary_anchor_random,1239,C2,27,2,22,23,29,77.5862068965517,12.2361552817723,0.0447028716631571,23.2136892926587,20.5314499938103,1.89713915507751,1.67793310243415,0.351511532590319,0.351511532590319,1,0
two_targets_stationary_anchor_random,1401,C2,28,2,29,30,38,77.6315789473684,9.56850346291006,0.0427279882186499,19.0560927206899,16.7302073550902,1.99154369275782,1.74846645767969,0.274954355842822,0.274954355842822,1,0
two_targets_stationary_anchor_random,1407,C2,29,2,38,39,77,50,7.73949997141236,0.046569706822786,11.663292185962,11.1435781829636,1.50698265121043,1.43983180103688,0.222446652859734,0.222446652859734,1,0
two_targets_stationary_anchor_random,1409,C2,30,2,42,43,78,54.4871794871795,8.20374536870453,0.0493075711349054,12.1510706450192,11.6632100151488,1.48116135970929,1.42169332310598,0.235786444678357,0.235786444678357,1,0
two_targets_stationary_anchor_random,1412,C2,31,2,21,22,35,61.4285714285714,17.4179958273544,0.0372421843189708,29.1390912717918,25.1994260438703,1.67293020164983,1.44674658862275,0.500334180326963,0.500334180326963,1,0
two_targets_stationary_anchor_random,1412,C2,32,2,32,33,35,92.8571428571429,6.64950847012365,0.0499367540812828,16.9476628914613,15.3100658192675,2.54870912152491,2.30243571958076,0.191051647770981,0.191051647770981,1,0
two_targets_stationary_anchor_random,1414,C2,33,2,29,30,40,73.75,11.8031223364939,0.0366920459353681,16.8292992025995,14.4901865813069,1.42583451419166,1.22765706973187,0.338715610690048,0.338715610690048,1,0
two_targets_stationary_anchor_random,1414,C2,34,2,33,34,40,83.75,8.79696387178079,0.0487829221373522,13.6607415201373,11.3719891153357,1.55289276155364,1.2927174967508,0.252893067417852,0.252893067417852,1,0
two_targets_stationary_anchor_random,1418,C2,35,2,27,28,38,72.3684210526316,13.4900155232649,0.0473701249440247,25.9555519717286,22.7474117187018,1.92405649400222,1.68624058878743,0.38753648614479,0.38753648614479,1,0
two_targets_stationary_anchor_random,1419,C2,36,2,29,30,37,79.7297297297297,10.6919308181244,0.0453209471156629,17.9760305336119,15.3162854613971,1.68127074888474,1.43250884446743,0.307222357235592,0.307222357235592,1,0
two_targets_stationary_anchor_random,1425,C2,37,2,47,48,50,95,6.09038275691255,0.0385482713155433,7.70189870478404,7.45578911073099,1.26460011007394,1.22419056540719,0.175035316554478,0.175035316554478,1,0
two_targets_stationary_anchor_random,1428,C2,38,2,34,35,37,93.2432432432432,7.69720569756187,0.0337064760809601,13.5429124125794,11.5696613012041,1.75945829495881,1.50309888494585,0.221053352622353,0.221053352622353,1,0
two_targets_stationary_anchor_random,1431,C2,39,2,12,13,32,39.0625,36.7809550166655,0.0406825742582499,51.6308757905657,45.9398940951494,1.40373940174124,1.24901308501462,1.05592710470601,1.05592710470601,1,0
two_targets_stationary_anchor_random,1434,C2,40,2,36,37,76,48.0263157894737,6.36932397534506,0.0419021143658428,15.9361274550274,14.7885631531533,2.50201238258792,2.32184187998573,0.183118141889209,0.183118141889209,1,0
two_targets_stationary_anchor_random,1440,C2,41,2,74,75,250,29.8,7.2664660017086,0.0491199537867346,10.3989699234438,10.6237406799207,1.43109042566202,1.46202303532731,0.208891884203002,0.208891884203002,1,0
two_targets_stationary_anchor_random,1440,C2,42,2,93,94,250,37.4,7.79241361815336,0.03069829209441,9.98278617090324,10.2719219766821,1.28109038612211,1.3181951677658,0.223999255122161,0.223999255122161,1,0
two_targets_stationary_anchor_random,1440,C2,43,2,139,140,250,55.8,7.87875629984962,0.0431716787589529,9.71429750338622,10.0325343772587,1.23297347115199,1.27336523626834,0.226394990593969,0.226394990593969,1,0
two_targets_stationary_anchor_random,1440,C2,44,2,208,209,250,83.4,7.66573557839671,0.0344471712717275,9.71972810284135,10.0428179008039,1.26794460928618,1.31009187547587,0.220005885192838,0.220005885192838,1,0
two_targets_stationary_anchor_random,1605,C2,45,2,25,26,56,45.5357142857143,17.7002067826474,0.0457840664318571,28.8386849059212,24.7626670983236,1.62928519762794,1.39900439595994,0.508618267777363,0.508618267777363,1,0
two_targets_stationary_anchor_random,1605,C2,46,2,41,42,56,74.1071428571429,6.42804463246687,0.0492704436773081,12.4454971429415,11.7646408307166,1.93612488004231,1.83020521844163,0.184902651843933,0.184902651843933,1,0
two_targets_stationary_anchor_random,1605,C2,47,2,47,48,56,84.8214285714286,5.9841500020898,0.0437481778436749,10.4697005716914,10.2211576462193,1.74957188038989,1.7080383417277,0.17194653369589,0.17194653369589,1,0
two_targets_stationary_anchor_random,1612,C2,48,2,35,36,43,82.5581395348837,10.6041173852673,0.0460624248246423,16.9674021549259,14.5456006009491,1.60007679455711,1.37169366129026,0.304713403458947,0.304713403458947,1,0
two_targets_stationary_anchor_random,1613,C2,49,2,31,32,62,50.8064516129032,16.2861325059507,0.0465593489910082,22.4732387862277,19.8820006788145,1.37990027884253,1.22079325288247,0.467771919454995,0.467771919454995,1,0
two_targets_stationary_anchor_random,1618,C2,50,2,25,26,71,35.9154929577465,17.24230980943,0.0451889375329258,31.4471819725889,27.0954633999977,1.82383812378722,1.57145206758661,0.495446686388894,0.495446686388894,1,0
two_targets_stationary_anchor_random,1618,C2,51,2,57,58,71,80.9859154929577,7.97284476284653,0.0406351474568206,10.022478613067,10.0789683884239,1.25707685414518,1.26416212634566,0.22899108101285,0.22899108101285,1,0
two_targets_stationary_anchor_random,1618,C2,52,2,64,65,71,90.8450704225352,6.88892989047593,0.0429275090976421,10.807409131436,10.9662251255745,1.56880811726324,1.59186191468365,0.197944360337742,0.197944360337742,1,0
two_targets_stationary_anchor_random,1625,C2,53,2,31,32,40,78.75,10.2630490792622,0.0315251739641218,19.5515562353063,17.1214988975286,1.90504362634421,1.66826629837762,0.29470281414761,0.29470281414761,1,0
two_targets_stationary_anchor_random,1626,C2,54,2,42,43,153,27.7777777777778,8.79954564788993,0.0490512248835523,13.7799635792327,12.9270519326845,1.56598580547589,1.46905902303994,0.252867262675667,0.252867262675667,1,0
two_targets_stationary_anchor_random,1626,C2,55,2,45,46,153,29.7385620915033,7.72118204629849,0.0496382006998746,12.9270519326845,12.0160127479006,1.67423224257245,1.55624005182743,0.221822293475537,0.221822293475537,1,0
two_targets_stationary_anchor_random,1630,C2,56,2,38,39,45,85.5555555555556,8.04502196761307,0.0409297226482799,11.2449995408936,9.68873653897041,1.39775871168068,1.20431449136801,0.23100265411457,0.23100265411457,1,0
two_targets_stationary_anchor_random,1632,C2,57,2,32,33,67,48.5074626865672,13.705253737846,0.0491247544223974,20.3219502957921,17.1440515544332,1.48278541094607,1.2509109194448,0.394032173252193,0.394032173252193,1,0
two_targets_stationary_anchor_random,1632,C2,58,2,41,42,67,61.9402985074627,8.67029089831034,0.0412811600208728,12.6563749967238,11.6456288696393,1.45974052602898,1.34316472264025,0.249250266483063,0.249250266483063,1,0
two_targets_stationary_anchor_random,1632,C2,59,2,47,48,67,70.8955223880597,7.12859042365248,0.0435337372678695,10.1126266645673,9.76890090187417,1.41860116286297,1.37038324848363,0.204928489010787,0.204928489010787,1,0
two_targets_stationary_anchor_random,1636,C2,60,3,34,36,43,81.3953488372093,10.6901759208,0.0469644613763469,15.6586642474233,12.9224701631561,1.46477142784488,1.20881735332463,0.304820898100242,0.304820898100242,1,0
two_targets_stationary_anchor_random,1637,C2,61,2,54,55,82,66.4634146341463,6.94043130625902,0.0380904827715074,8.64994561623578,8.62846467455332,1.24631240257865,1.24321735837541,0.199388296291533,0.199388296291533,1,0
two_targets_stationary_anchor_random,1639,C2,62,2,34,35,54,63.8888888888889,10.5010234307057,0.0388740810918155,15.3118971155094,13.2671191722089,1.45813379205843,1.2634120150056,0.301829356279367,0.301829356279367,1,0
two_targets_stationary_anchor_random,1640,C2,63,2,39,40,48,82.2916666666667,8.8210347635545,0.0449222839447457,13.8291731197772,12.5044189229272,1.56774953171193,1.41756826246634,0.253504063450298,0.253504063450298,1,0
two_targets_stationary_anchor_random,1805,C2,64,2,36,37,43,84.8837209302326,11.6082401647061,0.0474698673143286,22.3334535653324,19.2324351640995,1.92393103936938,1.65679163173881,0.333590762691062,0.333590762691062,1,0
two_targets_stationary_anchor_random,1809,C2,65,2,34,35,53,65.0943396226415,14.5323128518645,0.0472649177505765,21.2163575189793,18.1151674493519,1.4599436259905,1.24654400397304,0.417841075352249,0.417841075352249,1,0
two_targets_stationary_anchor_random,1809,C2,66,2,37,38,53,70.7547169811321,11.5397563988956,0.0494389031267298,18.1151674493519,15.7188803772788,1.56980501348239,1.36215010386035,0.33160544876007,0.33160544876007,1,0
two_targets_stationary_anchor_random,1811,C2,67,2,41,42,108,38.4259259259259,10.1205053384552,0.0430188802208146,13.8026172248837,12.3924590086867,1.36382688050541,1.22449014098127,0.290802828559458,0.290802828559458,1,0
two_targets_stationary_anchor_random,1811,C2,68,2,76,77,108,70.8333333333333,6.36444142600319,0.0412943789294262,8.42363603659327,8.66078191069918,1.3235467926811,1.36080785900768,0.182884820890475,0.182884820890475,1,0
two_targets_stationary_anchor_random,1811,C2,69,2,92,93,108,85.6481481481482,5.89369644243817,0.0416613419689923,8.89133373490955,8.95253694376141,1.50861752412062,1.51900204416667,0.169258825899748,0.169258825899748,1,0
two_targets_stationary_anchor_random,1811,C2,70,2,98,99,108,91.2037037037037,6.63068255899773,0.0428991419728297,8.26833874830441,8.22800743572486,1.24698153994484,1.24089901190634,0.190378587394443,0.190378587394443,1,0
two_targets_stationary_anchor_random,1813,C2,71,2,28,29,47,60.6382978723404,18.9001609304256,0.041880728256176,32.4974196191676,27.9540563179739,1.71942555086148,1.47903800506658,0.543111739910159,0.543111739910159,1,0
two_targets_stationary_anchor_random,1815,C2,72,2,39,40,46,85.8695652173913,9.69105012747552,0.0466273450562957,15.4684903405903,13.2780288708481,1.59616245268765,1.37013313275545,0.27843595110076,0.27843595110076,1,0
two_targets_stationary_anchor_random,1818,C2,73,2,39,40,45,87.7777777777778,8.43085783420037,0.040985096260094,12.7637506486998,11.0451077778579,1.51393261512758,1.31008113231997,0.242227117236409,0.242227117236409,1,0
two_targets_stationary_anchor_random,1827,C2,74,2,42,43,50,85,7.98523109495837,0.0326561176683891,11.0668211105341,9.84531684573291,1.3859111876576,1.23294075383103,0.229306501274596,0.229306501274596,1,0
two_targets_stationary_anchor_random,1828,C2,75,2,47,48,49,96.9387755102041,5.87652401643127,0.0463832294861572,8.65357587227743,7.36345765614837,1.47256709035499,1.2530294499877,0.168899986907857,0.168899986907857,1,0
two_targets_stationary_anchor_random,1835,C2,76,2,50,51,64,78.90625,7.97868215574196,0.031460739030028,9.88217384335291,9.67478286921504,1.23857219155435,1.21257905508273,0.229125722749359,0.229125722749359,1,0
two_targets_stationary_anchor_random,1835,C2,77,2,55,56,64,86.71875,7.39480786672581,0.0458657574002546,9.48390508725416,9.47547856696914,1.2825086544748,1.28136913598603,0.212556713145819,0.212556713145819,1,0
two_targets_stationary_anchor_random,1840,C2,78,2,41,42,67,61.9402985074627,8.11349548757515,0.0453704652023706,13.6385536287364,12.1958581700649,1.68097137043118,1.50315707807336,0.233339434319148,0.233339434319148,1,0
two_targets_moving_anchor_random,4005,C5,79,2,19,20,23,84.7826086956522,7.71435334254863,0.033710040803843,12.5067604660507,9.87787463317742,1.62123251434045,1.28045400496447,0.221716773885089,0.221716773885089,1,0
two_targets_moving_anchor_random,4016,C5,80,2,157,158,250,63,10.5588552001917,0.0481901049632806,13.154677998242,13.3279510402465,1.2458432044795,1.26225341550327,0.303120735784298,0.303120735784298,1,0
two_targets_moving_anchor_random,4016,C5,81,2,170,171,250,68.2,8.58280979686422,0.0344324109818368,15.7919556933013,15.7016026976447,1.83995172525797,1.82942452055518,0.246509473216009,0.246509473216009,1,0
two_targets_moving_anchor_random,4016,C5,82,2,178,179,250,71.4,6.93584157526409,0.0408821184347063,17.4634664669504,16.7393594347202,2.51785832727666,2.41345758161768,0.199263652059029,0.199263652059029,1,0
two_targets_moving_anchor_random,4016,C5,83,2,184,185,250,73.8,9.72280785546,0.0385109398363358,13.4763210409883,14.291376554678,1.38605238747164,1.46988161929503,0.279568807615076,0.279568807615076,1,0
two_targets_moving_anchor_random,4018,C5,84,2,26,27,115,23.0434782608696,7.77567042657217,0.0491742255604999,10.0823015542425,10.0133649786409,1.2966472344028,1.2877815582849,0.223571171086685,0.223571171086685,1,0
two_targets_moving_anchor_random,4020,C5,85,3,15,17,25,64,11.5324016440172,0.0443992614740073,17.6683959721436,14.8037792130266,1.53206561109581,1.28366836934668,0.331882935810824,0.331882935810824,1,0
two_targets_moving_anchor_random,4021,C5,86,2,42,43,250,17,7.94672149091043,0.0318377964724383,11.4585071016645,12.113405595108,1.44191628142132,1.52432743603303,0.228425964991608,0.228425964991608,1,0
two_targets_moving_anchor_random,4021,C5,87,2,85,86,250,34.2,8.61074459686431,0.0270353216943869,12.1774795553152,12.1584528695771,1.41421910943099,1.41200946478017,0.246897274643456,0.246897274643456,1,0
two_targets_moving_anchor_random,4021,C5,88,2,105,106,250,42.2,9.34768800406339,0.0399075605412831,11.7584443053193,12.9489680800455,1.25789866972539,1.38525890834361,0.268712302470238,0.268712302470238,1,0
two_targets_moving_anchor_random,4021,C5,89,2,164,165,250,65.8,10.3951602088296,0.0322801199709578,13.7641269315922,14.6728519709644,1.32408992791674,1.41150801682704,0.298621676628912,0.298621676628912,1,0
two_targets_moving_anchor_random,4021,C5,90,2,204,205,250,81.8,12.5696287784881,0.0414689919497103,15.1419793472941,16.1324739216631,1.20464809376139,1.28344871642292,0.361757257004469,0.361757257004469,1,0
two_targets_moving_anchor_random,4021,C5,91,2,234,235,250,93.8,12.8685869955557,0.0360803563920709,17.6345425191262,18.18088892753,1.37035577606279,1.41281159569493,0.370229536434647,0.370229536434647,1,0
two_targets_moving_anchor_random,4023,C5,92,2,15,16,25,62,10.5203414502022,0.0430650233401947,17.3850157017038,15.43090457526,1.65251439641911,1.46676841700451,0.30178454372408,0.30178454372408,1,0
two_targets_moving_anchor_random,4027,C5,93,2,7,8,27,27.7777777777778,20.779721769719,0.0480857228916812,31.8432422600168,26.0530416935628,1.5324190868821,1.25377240283979,0.597607429149653,0.597607429149653,1,0
two_targets_moving_anchor_random,4032,C5,94,2,22,23,27,83.3333333333333,7.65890791657067,0.0291348217372372,11.4489334587074,9.75476182517476,1.4948519532317,1.27364918490135,0.220420072948253,0.220420072948253,1,0
two_targets_moving_anchor_random,4033,C5,95,2,48,49,201,24.1293532338308,7.59143181359231,0.0238300544846515,12.9643915035248,13.3002472087465,1.7077663110024,1.7520077286254,0.218061067072317,0.218061067072317,1,0
two_targets_moving_anchor_random,4033,C5,96,2,57,58,201,28.6069651741294,8.95066722825868,0.021697844420564,12.7048537856388,13.3948020674513,1.41943091633745,1.49651436321549,0.256522747120173,0.256522747120173,1,0
two_targets_moving_anchor_random,4033,C5,97,2,67,68,201,33.5820895522388,9.91391256298015,0.0251580871991284,12.7281873866821,12.8194576477548,1.28387125726838,1.29307753788593,0.284366302040657,0.284366302040657,1,0
two_targets_moving_anchor_random,4033,C5,98,2,106,107,201,52.9850746268657,8.87918246216047,0.0433858797067389,13.3158352776507,13.5632824738941,1.49966906687609,1.52753730782033,0.255083791858198,0.255083791858198,1,0
two_targets_moving_anchor_random,4034,C5,99,2,51,52,125,41.2,9.15023147331392,0.0228416606693193,11.0245330144058,11.51165248089,1.20483651660159,1.25807227002542,0.262784746485597,0.262784746485597,1,0
two_targets_moving_anchor_random,4034,C5,100,2,114,115,125,91.6,6.18173870393085,0.017608764109125,11.8202630881684,11.3715253740327,1.91212596557214,1.83953510794653,0.17730002518854,0.17730002518854,1,0
two_targets_moving_anchor_random,4035,C5,101,2,22,23,30,75,7.70768331785785,0.0111996708609994,10.5097150802842,9.33309526371001,1.36353747901582,1.21088203534339,0.220891686508551,0.220891686508551,1,0
two_targets_moving_anchor_random,4036,C5,102,2,7,8,18,41.6666666666667,19.9651487056135,0.0397684953619912,34.5648734398574,30.3532468316706,1.73126050546966,1.52031158291029,0.573556429176681,0.573556429176681,1,0
two_targets_moving_anchor_random,4038,C5,103,2,135,136,197,68.7817258883249,8.17481526656186,0.0380857975992209,10.8445486045238,10.9676876777505,1.32658026523023,1.34164348919449,0.23491364704922,0.23491364704922,1,0
two_targets_moving_anchor_random,4039,C5,104,2,11,12,20,57.5,10.3510946749599,0.0360908513555291,19.5038315303629,17.319453129555,1.88422888040471,1.67320014678757,0.29694713704013,0.29694713704013,1,0
two_targets_moving_anchor_random,4073,C5,105,2,51,52,164,31.4024390243902,22.0991881832798,0.0248448933507271,29.0295832133056,30.1208365874666,1.31360405516024,1.36298384979842,0.633388033566369,0.633388033566369,1,0
two_targets_moving_anchor_random,4073,C5,106,4,129,132,164,79.5731707317073,37.5755812978247,0.0417507904845438,48.2746574684568,46.0345955646468,1.28473481450176,1.22511998416673,1.0790529025703,0.991756063538813,0,1
two_targets_moving_anchor_random,4081,C5,107,2,88,89,146,60.6164383561644,19.1680802214181,0.0432172742246979,24.9897669417295,42.7564007362317,1.30371777731848,2.23060422547984,0.552518548162642,0.552518548162642,1,0
two_targets_moving_anchor_random,4101,C5,108,2,2,3,34,7.35294117647059,23.544134066015,0.0222067251750048,34.0560620171923,28.2539954824439,1.44647757788428,1.20004394314197,0.678862383155348,0.678862383155348,1,0
two_targets_moving_anchor_random,4201,C5,109,2,67,68,167,40.4191616766467,7.14415792552324,0.0430190405330706,9.48512642381117,10.072723983829,1.32767591683893,1.40992459696939,0.205107141409436,0.205107141409436,1,0
two_targets_moving_anchor_random,4201,C5,110,2,135,136,167,81.1377245508982,7.42484903985463,0.0354688149656875,9.61025397145495,9.41207414208313,1.29433661477421,1.2676451859912,0.213518666330808,0.213518666330808,1,0
two_targets_moving_anchor_random,4201,C5,111,3,112,114,167,67.6646706586826,7.69304904630035,0.0440813681964063,9.36167306754658,9.83983910037622,1.21690021878239,1.27905581274154,0.220814406002196,0.220814406002196,1,0
two_targets_moving_anchor_random,4203,C5,112,2,7,8,250,3,39.433152722357,0.0388651451222127,56.191607425023,49.0003696287332,1.42498389161678,1.24261861519766,1.13344405947307,1.13344405947307,1,0
two_targets_moving_anchor_random,4203,C5,113,2,157,158,250,63,13.1874922720028,0.0344298891045793,16.5668239337561,17.5809866773704,1.25625278802458,1.33315616909934,0.378432853965899,0.378432853965899,1,0
two_targets_moving_anchor_random,4203,C5,114,2,172,173,250,69,13.4987633395633,0.0215372013829671,18.973618883495,20.1837714816383,1.40558200823371,1.49523115369258,0.386800233515082,0.386800233515082,1,0
two_targets_moving_anchor_random,4203,C5,115,2,203,204,250,81.4,17.4711355189175,0.0341137684631545,21.6041485341208,22.1058949727846,1.23656235799488,1.26528095147843,0.501969327853406,0.501969327853406,1,0
two_targets_moving_anchor_random,4203,C5,116,3,71,73,250,28.8,10.2454016467994,0.0436975733482918,14.7740073375118,15.4313499704567,1.44201348535,1.50617325727561,0.291408737113264,0.291408737113264,1,0
two_targets_moving_anchor_random,4204,C5,117,2,36,37,71,51.4084507042254,7.33191059523301,0.0488274741035505,18.524967679151,17.3624918984372,2.52662214555582,2.36807196063272,0.210909105038942,0.210909105038942,1,0
two_targets_moving_anchor_random,4204,C5,118,2,54,55,71,76.7605633802817,7.51409737724374,0.0433708645487323,11.6886241230119,11.8522793212797,1.55555930888127,1.57733906366107,0.215983580368156,0.215983580368156,1,0
two_targets_moving_anchor_random,4204,C5,119,2,57,58,71,80.9859154929577,6.83234040107571,0.048534116810628,11.8522793212797,11.9657007810036,1.73473196965035,1.75133264424584,0.196329509257731,0.196329509257731,1,0
two_targets_moving_anchor_random,4206,C5,120,2,32,33,45,72.2222222222222,5.96391298218579,0.0243071888251331,11.571017944092,11.0618017873426,1.94017216191024,1.85478926677573,0.17109612478136,0.17109612478136,1,0
two_targets_moving_anchor_random,4206,C5,121,2,39,40,45,87.7777777777778,6.0948074992975,0.0398852394341468,7.70234750597906,7.50726259289917,1.26375566527193,1.23174728549909,0.174874390287343,0.174874390287343,1,0
two_targets_moving_anchor_random,4207,C5,122,2,100,101,130,77.3076923076923,8.14076613300131,0.0163505586012925,10.2203284663763,10.1775058735407,1.25545044525291,1.25019017955605,0.233205192567638,0.233205192567638,1,0
two_targets_moving_anchor_random,4209,C5,123,2,18,19,88,21.0227272727273,20.1648375339732,0.019451851857911,28.0109803614938,25.2474562923744,1.38910022529572,1.2520535436915,0.578438833531151,0.578438833531151,1,0
two_targets_moving_anchor_random,4210,C5,124,2,44,45,250,17.8,9.57113987581081,0.0389143868321118,20.8621986586859,21.2572485554424,2.1796984402465,2.22097355500633,0.274715031967155,0.274715031967155,1,0
two_targets_moving_anchor_random,4210,C5,125,2,173,174,250,69.4,16.0754287273771,0.0358783932613311,19.8741827451465,21.1064695117223,1.23630809990777,1.31296464123393,0.461374389482415,0.461374389482415,1,0
two_targets_moving_anchor_random,4210,C5,126,2,206,207,250,82.6,13.2865951677297,0.0363655745093118,19.9142384760577,20.3074565403669,1.49882179931433,1.52841689567612,0.381613834971717,0.381613834971717,1,0
two_targets_moving_anchor_random,4210,C5,127,3,79,81,250,32,14.3959336216923,0.0478820586125484,18.1431295541425,19.4909741780432,1.26029544390256,1.35392220402249,0.418399314783536,0.418399314783536,1,0
two_targets_moving_anchor_random,4212,C5,128,2,91,92,95,96.3157894736842,6.09404026814496,0.0442468568734005,10.3808303050707,10.7340039044519,1.70343972935884,1.76139366202766,0.175014185656692,0.175014185656692,1,0
two_targets_moving_anchor_random,4213,C5,129,2,44,45,67,66.4179104477612,6.86430904709737,0.0236855720646434,10.0561260090728,10.0383729658193,1.46498736290509,1.46240108027539,0.196964026539066,0.196964026539066,1,0
two_targets_moving_anchor_random,4217,C5,130,2,36,37,123,29.6747967479675,6.35460941894549,0.0489928183587673,11.6948958633116,11.3243322906661,1.8403799655168,1.78206582719372,0.182806588610215,0.182806588610215,1,0
two_targets_moving_anchor_random,4217,C5,131,2,78,79,123,63.8211382113821,7.23370811303743,0.0479602885559559,9.01927588065545,9.57965491997925,1.24683989728585,1.32430764004891,0.207829716857856,0.207829716857856,1,0
two_targets_moving_anchor_random,4219,C5,132,2,5,6,87,6.32183908045977,44.3191468159579,0.0373236107085571,68.5365021239791,56.2735097202167,1.54643099084438,1.26973359739756,1.27267118696042,1.27267118696042,1,0
two_targets_moving_anchor_random,4219,C5,133,2,83,84,87,95.9770114942529,5.92755113301373,0.0405959077853904,13.1934962672634,13.3242036139058,2.22579206340063,2.24784288062841,0.170442589492434,0.170442589492434,1,0
two_targets_moving_anchor_random,4222,C5,134,2,18,19,32,57.8125,18.1816434299752,0.0377734352846372,29.8645920013968,26.3353859540552,1.64256834737835,1.44846014913247,0.52293631105216,0.52293631105216,1,0
two_targets_moving_anchor_random,4225,C5,135,2,75,76,250,30.2,8.74611967520813,0.0476234547723614,12.9052757402859,13.3234816966643,1.4755430087319,1.52335918000656,0.25170632588225,0.25170632588225,1,0
two_targets_moving_anchor_random,4225,C5,136,2,112,113,250,45,9.01467604455162,0.0408567843099601,13.918458986777,14.4104826571249,1.54397772232638,1.59855801649516,0.259189946706498,0.259189946706498,1,0
two_targets_moving_anchor_random,4225,C5,137,2,139,140,250,55.8,10.4976231576635,0.0433930016419445,12.7726992476601,14.3095138901314,1.2167229720316,1.36311941048152,0.301355654941532,0.301355654941532,1,0
two_targets_moving_anchor_random,4225,C5,138,2,144,145,250,57.8,10.242598090545,0.0453155544116643,13.4318147890346,13.5757011509962,1.31136794300594,1.32541578132681,0.294494023084584,0.294494023084584,1,0
two_targets_moving_anchor_random,4225,C5,139,2,156,157,250,62.6,8.33652792547177,0.0368161468977901,14.1444776712962,14.5039566720391,1.69668689384205,1.7398078434696,0.239477469626839,0.239477469626839,1,0
two_targets_moving_anchor_random,4227,C5,140,2,49,50,70,70.7142857142857,5.72531290586617,0.0354936164677498,8.3377761460259,8.85777781573267,1.45630051721418,1.54712553905254,0.16429664429585,0.16429664429585,1,0
two_targets_moving_anchor_random,4230,C5,141,2,33,34,250,13.4,8.04799467716138,0.0369628906214014,19.9935706521184,19.6282617054323,2.48429223106424,2.43890093033155,0.230798226965852,0.230798226965852,1,0
two_targets_moving_anchor_random,4230,C5,142,2,120,121,250,48.2,11.7642560325091,0.0150079208862661,15.2204235847033,15.678070568686,1.29378547548127,1.33268695660495,0.337694055432816,0.337694055432816,1,0
two_targets_moving_anchor_random,4230,C5,143,2,211,212,250,84.6,9.96175749299026,0.0309013171439645,14.448465058516,15.6089697959473,1.45039317295998,1.56688915655001,0.286085060245396,0.286085060245396,1,0
two_targets_moving_anchor_random,4230,C5,144,3,178,180,250,71.6,8.520206750091,0.0364590548079638,14.6924433853161,15.1388501784389,1.72442334044994,1.77681723254863,0.245175503595697,0.245175503595697,1,0
two_targets_moving_anchor_random,4231,C5,145,2,77,78,208,37.2596153846154,6.86211929198934,0.0420319371470646,12.8809975786388,13.1625410549857,1.87711653361605,1.91814518152596,0.197505311400944,0.197505311400944,1,0
two_targets_moving_anchor_random,4231,C5,146,2,95,96,208,45.9134615384615,9.26511829172848,0.0302529928785507,11.9260671888708,12.8789743780359,1.28720074729299,1.39004964346043,0.266185389400283,0.266185389400283,1,0
two_targets_moving_anchor_random,4232,C5,147,2,81,82,250,32.6,10.3485529105751,0.0450957455521747,16.9924613979109,17.7107277081454,1.64201328869338,1.71142070405293,0.29723308081751,0.29723308081751,1,0
two_targets_moving_anchor_random,4232,C5,148,2,89,90,250,35.8,12.4052580330846,0.0318520746702536,15.4968440973373,15.5339101511234,1.24921578059945,1.25220371149837,0.3559058434528,0.3559058434528,1,0
two_targets_moving_anchor_random,4232,C5,149,2,101,102,250,40.6,12.4383778768238,0.0244537244077777,17.4891648553615,17.4177636414108,1.40606476411597,1.40032436816901,0.357075939404763,0.357075939404763,1,0
two_targets_moving_anchor_random,4232,C5,150,2,239,240,250,95.8,10.8121539392624,0.0371898839275494,15.5793801625304,15.4011849978904,1.4409136468134,1.42443264167409,0.310811159021925,0.310811159021925,1,0
two_targets_moving_anchor_random,4233,C5,151,2,17,18,224,7.8125,21.4585079493276,0.0451346851990061,30.5068540364068,25.8665878473943,1.42166706596964,1.20542341100677,0.616363345893928,0.616363345893928,1,0
two_targets_moving_anchor_random,4233,C5,152,2,21,22,224,9.59821428571429,16.510091522931,0.047473579358963,24.4705253508249,21.8668435453172,1.48215564503914,1.32445319972613,0.474680214561449,0.474680214561449,1,0
two_targets_moving_anchor_random,4233,C5,153,2,34,35,224,15.4017857142857,7.69317809258768,0.0175342783147097,17.5702595020159,16.7354600655866,2.28387531011985,2.17536366169803,0.220823374520684,0.220823374520684,1,0
two_targets_moving_anchor_random,4233,C5,154,2,79,80,224,35.4910714285714,7.17850463828567,0.0201816790468014,13.3453859809102,13.4363818172653,1.85907604067485,1.87175219552049,0.205821702080769,0.205821702080769,1,0
two_targets_moving_anchor_random,4233,C5,155,2,117,118,224,52.4553571428571,9.24074150391856,0.0325687284317842,12.3913292259815,12.7956716267138,1.34094533655409,1.38470182520394,0.265187067930477,0.265187067930477,1,0
two_targets_moving_anchor_random,4233,C5,156,2,210,211,224,93.9732142857143,8.6446606664307,0.0341326652304961,12.2442461703189,13.3482321881582,1.41639407754503,1.54410134801388,0.248213583419638,0.248213583419638,1,0
two_targets_moving_anchor_random,4234,C5,157,3,30,32,38,81.5789473684211,6.73359005175838,0.0477686584151963,11.5688501270351,10.7372854226294,1.71808055407444,1.59458555393129,0.193705915812613,0.193705915812613,1,0
two_targets_moving_anchor_random,4237,C5,158,2,27,28,33,83.3333333333333,8.16105438464752,0.0254746821330915,11.981935847701,10.4359553958796,1.46818478139801,1.27875087017085,0.234203219697803,0.234203219697803,1,0
two_targets_moving_anchor_random,4240,C5,159,2,53,54,250,21.4,7.93384540336467,0.0249948975299997,17.0993443880118,16.8915506217097,2.15524043117353,2.12904963015112,0.227607618789343,0.227607618789343,1,0
two_targets_moving_anchor_random,4240,C5,160,2,57,58,250,23,9.93685460386145,0.0393656921908618,15.1267257492557,15.6902367858007,1.52228510452166,1.57899430064152,0.285780640292461,0.285780640292461,1,0
two_targets_moving_anchor_random,4240,C5,161,2,74,75,250,29.8,9.45246855543855,0.0448159138097603,16.1948338828554,17.0556066693246,1.71329148442791,1.80435476397449,0.271744016032245,0.271744016032245,1,0
two_targets_moving_anchor_random,4240,C5,162,2,113,114,250,45.4,13.4850801844401,0.0203028908091721,17.1835339955211,17.7129536328357,1.27426264883086,1.31352230691769,0.386927997219915,0.386927997219915,1,0
two_targets_moving_anchor_random,4240,C5,163,2,208,209,250,83.4,12.1896799879356,0.0159149925027086,20.6531652685708,21.315198254127,1.69431562510351,1.74862656568698,0.349643266545504,0.349643266545504,1,0
two_targets_moving_anchor_random,4248,C5,164,2,47,48,105,45.2380952380952,8.33557975548467,0.0407937455239474,10.0975633202339,12.2374416755602,1.21138104564231,1.46809724512662,0.239497818133276,0.239497818133276,1,0
two_targets_moving_anchor_random,4259,C5,165,2,115,116,248,46.5725806451613,12.0060012883235,0.0440713289823455,14.8527590878579,26.3769247802608,1.23711123555376,2.19697833998351,0.346076020598971,0.346076020598971,1,0
two_targets_moving_anchor_random,4259,C5,166,2,232,233,248,93.75,23.6418666319791,0.0389274773415096,29.3574677319166,41.3823441776967,1.24175760691444,1.75038396171819,0.681940945568918,0.681940945568918,1,0
two_targets_moving_anchor_random,4275,C5,167,2,15,16,23,67.3913043478261,9.62278496122134,0.0414919182968443,12.6511718703574,12.974266428861,1.31471002639466,1.34828601918735,0.277552031863555,0.277552031863555,1,0
two_targets_moving_anchor_random,4312,C5,168,2,20,21,28,73.2142857142857,8.86597554026955,0.0446409240605942,10.8905541014125,13.5729275094854,1.22835372734193,1.53090062653982,0.254654777236615,0.254654777236615,1,0
two_targets_moving_anchor_random,4350,C5,169,2,54,55,80,68.125,32.5775524343036,0.0283057599996498,41.5898902827636,39.7697303490945,1.27664257057477,1.22077097195361,0.951520059415319,0.694465186483173,0,1
two_targets_moving_anchor_random,4358,C5,170,2,19,20,53,36.7924528301887,12.9633803605252,0.0482027877704057,18.7673485616592,15.9300170516972,1.44772027354899,1.22884746174738,0.375535883812518,0.338653787861586,0,1
two_targets_moving_anchor_random,4401,C5,171,2,22,23,65,34.6153846153846,17.8844250369607,0.0345740000839114,29.721484648263,25.1757813183222,1.66186414082864,1.4076930774287,0.513173369748892,0.513173369748892,1,0
two_targets_moving_anchor_random,4401,C5,172,2,27,28,65,42.3076923076923,12.3030554345275,0.0375880216595625,21.6956865296092,18.5198686903442,1.76343889898457,1.50530644919065,0.353667564926798,0.353667564926798,1,0
two_targets_moving_anchor_random,4401,C5,173,2,31,32,65,48.4615384615385,8.65984936092153,0.0337114726422811,17.0098127325836,15.5571513466464,1.96421577600901,1.79646904908643,0.248916972713642,0.248916972713642,1,0
two_targets_moving_anchor_random,4401,C5,174,3,46,48,65,72.3076923076923,6.4291066107373,0.0473466831234129,8.69741075176595,9.31784298426344,1.35281793853602,1.4493215851642,0.186698860846806,0.186698860846806,1,0
two_targets_moving_anchor_random,4403,C5,175,2,21,22,250,8.6,19.6430507150902,0.0478017420962399,31.7087523942487,27.9268960810205,1.61424785050773,1.42171888094584,0.564698087141413,0.564698087141413,1,0
two_targets_moving_anchor_random,4403,C5,176,2,51,52,250,20.6,12.248362169161,0.0449421321403955,17.4030325852457,17.8133272093115,1.42084568899042,1.45434360637719,0.351412682403397,0.351412682403397,1,0
two_targets_moving_anchor_random,4403,C5,177,2,62,63,250,25,12.5062235901811,0.0404834303644513,17.9080033814327,19.0181792330026,1.43192733220383,1.52069720294576,0.359406212972124,0.359406212972124,1,0
two_targets_moving_anchor_random,4403,C5,178,2,84,85,250,33.8,13.200783669423,0.0305037394786632,18.4694153321785,19.2394592041746,1.39911506730917,1.45744826110128,0.378978073288839,0.378978073288839,1,0
two_targets_moving_anchor_random,4403,C5,179,2,87,88,250,35,13.9895773902686,0.0295633713239705,19.2394592041746,19.6175567125619,1.37527093688748,1.40229802268424,0.401616439515177,0.401616439515177,1,0
two_targets_moving_anchor_random,4403,C5,180,2,131,132,250,52.6,10.7536947581466,0.0357856008312257,23.6552736583707,23.2993501883272,2.19973452756323,2.16663674321576,0.309111616098568,0.309111616098568,1,0
two_targets_moving_anchor_random,4403,C5,181,2,147,148,250,59,15.0199780553799,0.0466517236515624,18.6426690937346,18.4746148038813,1.2411915000806,1.2300027826781,0.432019490888207,0.432019490888207,1,0
two_targets_moving_anchor_random,4403,C5,182,2,178,179,250,71.4,15.6859129902205,0.0416404817569416,20.0343057611068,20.0141523753554,1.27721642811594,1.27593162016348,0.450523606562183,0.450523606562183,1,0
two_targets_moving_anchor_random,4403,C5,183,2,201,202,250,80.6,10.6962408206199,0.0389592995829429,23.4988064026989,23.8454969991222,2.19692196508876,2.22933434269294,0.307453836915471,0.307453836915471,1,0
two_targets_moving_anchor_random,4403,C5,184,2,205,206,250,82.2,12.3861504045928,0.0209969605157774,21.9828316810269,21.6021072250769,1.77479127597834,1.74405335955446,0.355317345547424,0.355317345547424,1,0
two_targets_moving_anchor_random,4403,C5,185,2,212,213,250,85,14.8552796873946,0.0492021063089651,18.1764658730052,18.1948911542401,1.22356941474679,1.2248097334498,0.426739256376585,0.426739256376585,1,0
two_targets_moving_anchor_random,4403,C5,186,2,247,248,250,99,12.7071948760901,0.032845468370371,18.6068137852771,18.2140818081009,1.46427389889863,1.4333676303629,0.365222518511159,0.365222518511159,1,0
two_targets_moving_anchor_random,4406,C5,187,2,42,43,250,17,13.2069114991897,0.0460733984192268,15.9415336186805,16.4700124117193,1.20705992613478,1.2470752463761,0.379527009594133,0.379527009594133,1,0
two_targets_moving_anchor_random,4406,C5,188,2,57,58,250,23,12.9906850242581,0.0413044821554528,16.2880861445575,16.6455096768047,1.25382811715795,1.28134194969101,0.373246726030434,0.373246726030434,1,0
two_targets_moving_anchor_random,4406,C5,189,2,144,145,250,57.8,12.4131267856645,0.0445929565341465,15.031979211741,16.5285438433836,1.2109744362799,1.33153750290152,0.356748324255648,0.356748324255648,1,0
two_targets_moving_anchor_random,4406,C5,190,2,232,233,250,93,11.1570001818314,0.041626003479076,14.255802806706,15.5476142566931,1.27774514424771,1.39352998147401,0.320547831953806,0.320547831953806,1,0
two_targets_moving_anchor_random,4406,C5,191,2,246,247,250,98.6,11.5816322705817,0.0489816551779322,15.8310895087514,16.9504115441957,1.36691350052304,1.46355981162095,0.33256868990562,0.33256868990562,1,0
two_targets_moving_anchor_random,4407,C5,192,2,21,22,36,59.7222222222222,22.0302871019285,0.0443905438737772,32.6128358471011,26.9123894657396,1.48036363285734,1.2216086581724,0.633523456332265,0.633523456332265,1,0
two_targets_moving_anchor_random,4408,C5,193,2,25,26,41,62.1951219512195,14.6657408812215,0.0322907678613042,28.1717822059655,24.9156695132965,1.92092458431728,1.69890288633146,0.420997857953351,0.420997857953351,1,0
two_targets_moving_anchor_random,4409,C5,194,2,31,32,250,12.6,9.87679428262001,0.0456200066978826,19.112434949851,17.3189898828245,1.93508484665745,1.75350314963028,0.283421832092012,0.283421832092012,1,0
two_targets_moving_anchor_random,4410,C5,195,2,36,37,250,14.6,12.1720132560186,0.0389252394925984,20.7177965333424,19.374829523705,1.70208461801487,1.59175225299108,0.349693121978468,0.349693121978468,1,0
two_targets_moving_anchor_random,4410,C5,196,2,44,45,250,17.8,11.717942003854,0.0311384703372699,16.5733259059289,17.0213749076289,1.41435466231851,1.45259081347481,0.336405483792277,0.336405483792277,1,0
two_targets_moving_anchor_random,4410,C5,197,2,50,51,250,20.2,10.3724732346669,0.0423305886232341,16.7864162061375,16.9064936366363,1.61836196887295,1.62993851650842,0.298306140431664,0.298306140431664,1,0
two_targets_moving_anchor_random,4410,C5,198,2,130,131,250,52.2,11.4527339130827,0.0353828178867571,14.9338307209878,15.7294625861305,1.30395334723778,1.37342425882806,0.328976834562512,0.328976834562512,1,0
two_targets_moving_anchor_random,4410,C5,199,2,153,154,250,61.4,13.8089416895609,0.033840606609707,16.6062843001658,17.4293936941248,1.20257472828056,1.26218171428017,0.396355645713947,0.396355645713947,1,0
two_targets_moving_anchor_random,4410,C5,200,2,204,205,250,81.8,15.2231551264594,0.0300463330937352,18.8711332257906,20.5486627586801,1.23963351020385,1.34982942681603,0.437703028657034,0.437703028657034,1,0
two_targets_moving_anchor_random,4410,C5,201,2,220,221,250,88.2,13.1264871756605,0.0356228487007922,18.0948422520891,18.6813321862298,1.37849845201853,1.42317833676547,0.376659401044422,0.376659401044422,1,0
two_targets_moving_anchor_random,4410,C5,202,3,105,107,250,42.4,7.5346618366615,0.0375291487778783,15.8322693020921,16.0864311785099,2.10125811155277,2.13499046503162,0.217016528088759,0.217016528088759,1,0
two_targets_moving_anchor_random,4411,C5,203,2,84,85,181,46.6850828729282,8.85670640529865,0.0435672885498506,14.1753681467619,14.8367859953295,1.60052365948151,1.67520354817827,0.254960780457536,0.254960780457536,1,0
two_targets_moving_anchor_random,4412,C5,204,2,21,22,178,12.0786516853933,20.1350198959516,0.043789188007781,33.7362691139453,29.4807439469458,1.67550214940331,1.46415271001909,0.578999698044841,0.578999698044841,1,0
two_targets_moving_anchor_random,4412,C5,205,2,48,49,178,27.247191011236,6.67507209937354,0.0389917872884294,15.9950725441014,15.7817675411293,2.39623966692472,2.36428420639988,0.191735482268857,0.191735482268857,1,0
two_targets_moving_anchor_random,4412,C5,206,2,73,74,178,41.2921348314607,8.43266246017911,0.0377948994753726,11.0235317119259,10.7272466427784,1.30724213900193,1.27210672707877,0.242057539853287,0.242057539853287,1,0
two_targets_moving_anchor_random,4412,C5,207,2,93,94,178,52.5280898876404,8.77055208579238,0.0247540554353826,11.4957008031957,12.1448889781435,1.31071575549022,1.38473483303489,0.251949272789326,0.251949272789326,1,0
two_targets_moving_anchor_random,4412,C5,208,2,96,97,178,54.2134831460674,8.11514292091098,0.0439524131649886,12.1448889781435,13.0826730363222,1.49657117520983,1.6121309462845,0.233338894961012,0.233338894961012,1,0
two_targets_moving_anchor_random,4413,C5,209,2,35,36,56,63.3928571428571,8.96180311425663,0.0351848888365665,15.2860503135866,14.0987723514917,1.70568914745172,1.5732071070679,0.257682298996568,0.257682298996568,1,0
two_targets_moving_anchor_random,4413,C5,210,2,38,39,56,68.75,7.16278932051613,0.0489768230315601,14.0987723514917,12.7519996083733,1.96833547946316,1.78031197592929,0.205595842136512,0.205595842136512,1,0
two_targets_moving_anchor_random,4415,C5,211,2,72,73,161,45.0310559006211,7.67958676839905,0.0369790031826537,10.8856030296628,10.6783584088713,1.41747249662655,1.39048606792386,0.220615855983584,0.220615855983584,1,0
two_targets_moving_anchor_random,4415,C5,212,2,118,119,161,73.6024844720497,7.45521625961737,0.0261541025699337,9.53223301373424,9.55218875397694,1.27859912868892,1.28127587736364,0.21431566937998,0.21431566937998,1,0
two_targets_moving_anchor_random,4416,C5,213,2,29,30,248,11.8951612903226,16.4083994453463,0.0241553270238079,23.4964206624579,21.9927851458681,1.4319751747098,1.34033701575358,0.47060213821622,0.47060213821622,1,0
two_targets_moving_anchor_random,4416,C5,214,2,92,93,248,37.2983870967742,13.508457660481,0.0286515300658935,19.8989407851293,20.0265774904611,1.47307274340753,1.4825213946555,0.388141340978362,0.388141340978362,1,0
two_targets_moving_anchor_random,4416,C5,215,2,104,105,248,42.1370967741936,13.0731251737463,0.0403194961583316,20.2058198673064,21.1957451191495,1.54559981632274,1.62132197446677,0.375830162578221,0.375830162578221,1,0
two_targets_moving_anchor_random,4416,C5,216,2,158,159,248,63.9112903225806,13.2105651788734,0.036918996656267,21.6248720711195,21.6826006635438,1.63693769178797,1.64130757238298,0.379121757259473,0.379121757259473,1,0
two_targets_moving_anchor_random,4416,C5,217,2,245,246,248,98.991935483871,14.281658974471,0.0372693019200596,21.7381346012404,23.1395699224917,1.52210150376075,1.62022983211227,0.410092899335683,0.410092899335683,1,0
two_targets_moving_anchor_random,4417,C5,218,2,33,34,75,44.6666666666667,7.92482695284426,0.0470434958221696,18.2487935352896,17.0293666681615,2.30273716307964,2.14886290508205,0.227777666046183,0.227777666046183,1,0
two_targets_moving_anchor_random,4417,C5,219,2,53,54,75,71.3333333333333,9.37447858791051,0.0455152688287964,11.6046862861939,12.3130016293384,1.23790205261758,1.31345989154185,0.26947916557619,0.26947916557619,1,0
two_targets_moving_anchor_random,4418,C5,220,2,32,33,79,41.1392405063291,7.41094748475925,0.0418401503171589,15.1958108933018,13.2707099272904,2.05045453696067,1.7906900507097,0.212992072455808,0.212992072455808,1,0
two_targets_moving_anchor_random,4418,C5,221,2,56,57,79,71.5189873417721,5.90791031912909,0.0382900328441717,7.203833618029,7.60224668485759,1.21935392192801,1.28679114512664,0.16942057109202,0.16942057109202,1,0
two_targets_moving_anchor_random,4421,C5,222,2,42,43,250,17,9.28405466631343,0.0242183155999922,12.859302266279,12.3784833665584,1.38509549205242,1.33330573886784,0.266272499783598,0.266272499783598,1,0
two_targets_moving_anchor_random,4421,C5,223,2,131,132,250,52.6,9.49523138982886,0.0314649044756702,13.3166190642359,13.6855933003383,1.4024533492149,1.4413122480615,0.272255306892154,0.272255306892154,1,0
two_targets_moving_anchor_random,4421,C5,224,2,136,137,250,54.6,9.63308805785634,0.0437782683678794,13.3079091398293,13.2762402242183,1.38147902935196,1.37819151496189,0.27689192483542,0.27689192483542,1,0
two_targets_moving_anchor_random,4422,C5,225,2,47,48,242,19.6280991735537,9.4226927448084,0.0392415006649656,11.3638991084014,11.6426676593481,1.20601397245628,1.23559877995203,0.270626494052151,0.270626494052151,1,0
two_targets_moving_anchor_random,4422,C5,226,2,99,100,242,41.1157024793388,8.59006904224174,0.043643194683668,11.7651233698386,11.8618509968827,1.3696191860605,1.38087958764382,0.24680171270147,0.24680171270147,1,0
two_targets_moving_anchor_random,4422,C5,227,2,106,107,242,44.0082644628099,8.59843612942869,0.0425033047994237,11.0779603449441,11.6179042621457,1.28836920786433,1.35116480337427,0.247183850543241,0.247183850543241,1,0
two_targets_moving_anchor_random,4422,C5,228,2,163,164,242,67.5619834710744,8.23451498346306,0.0126112171955739,13.7964219267022,13.9450859373097,1.67543831718186,1.6934920836643,0.236115298775574,0.236115298775574,1,0
two_targets_moving_anchor_random,4422,C5,229,3,151,153,242,62.8099173553719,10.4563255774903,0.0488886683587017,12.6149862915656,13.0749567875335,1.2064454380344,1.2504351256698,0.303584775153646,0.303584775153646,1,0
two_targets_moving_anchor_random,4423,C5,230,2,16,17,250,6.6,28.0268128742275,0.0471641358913421,51.8602098709193,47.4991803300425,1.85037842524749,1.69477637515185,0.804560031059939,0.804560031059939,1,0
two_targets_moving_anchor_random,4423,C5,231,2,39,40,250,15.8,8.99607587925933,0.0485933534846196,23.8206119332724,24.172584957722,2.64788917445565,2.68701434738368,0.258967386086888,0.258967386086888,1,0
two_targets_moving_anchor_random,4423,C5,232,2,45,46,250,18.2,8.18557005181698,0.0405221005123887,22.0349069018642,21.6391325657997,2.69192087568453,2.64357062841291,0.235280777544059,0.235280777544059,1,0
two_targets_moving_anchor_random,4423,C5,233,2,48,49,250,19.4,9.29215256132857,0.0276479516785545,21.6391325657997,21.3450208940919,2.32875347482519,2.29710185591702,0.266928292450136,0.266928292450136,1,0
two_targets_moving_anchor_random,4423,C5,234,2,56,57,250,22.6,10.6993861958142,0.0488984785723275,17.3992952203304,18.0083859453523,1.62619564355359,1.68312327602471,0.307754759655564,0.307754759655564,1,0
two_targets_moving_anchor_random,4423,C5,235,2,125,126,250,50.2,12.073137957544,0.0469010657834085,18.5448870059815,19.867194249862,1.5360453157411,1.645570051442,0.34668319834271,0.34668319834271,1,0
two_targets_moving_anchor_random,4423,C5,236,2,183,184,250,73.4,12.1543038007047,0.0458188552594953,21.7688757547578,21.5832754941295,1.7910425896624,1.77577225713891,0.34885722410951,0.34885722410951,1,0
two_targets_moving_anchor_random,4423,C5,237,2,237,238,250,95,11.235835547217,0.0357819841802462,16.1109603040623,16.0248064845187,1.43389071835007,1.42622294685399,0.322378594542131,0.322378594542131,1,0
two_targets_moving_anchor_random,4423,C5,238,3,22,24,250,9.2,17.3690711489823,0.0472658581346809,42.108354122252,37.2880281359507,2.42432964670764,2.14680611393175,0.498031907456098,0.498031907456098,1,0
two_targets_moving_anchor_random,4425,C5,239,2,81,82,125,65.2,8.44139633046062,0.0141798326727656,10.6211138759397,10.9732059733971,1.2582176526428,1.29992782518699,0.242155317401523,0.242155317401523,1,0
two_targets_moving_anchor_random,4426,C5,240,2,41,42,167,24.8502994011976,8.39296610914712,0.0405211630054063,19.324646543536,18.996775798058,2.30248118391362,2.26341624057725,0.241364292480905,0.241364292480905,1,0
two_targets_moving_anchor_random,4426,C5,241,2,46,47,167,27.8443113772455,8.22117144864204,0.0200127455233057,18.7190565233268,17.3248063672886,2.27693299431419,2.10734035599639,0.23581537524678,0.23581537524678,1,0
two_targets_moving_anchor_random,4426,C5,242,2,148,149,167,88.9221556886228,9.08906062373956,0.047577338171643,11.3811868121546,11.9534740381048,1.252185157884,1.31514955537691,0.261069002855537,0.261069002855537,1,0
two_targets_moving_anchor_random,4427,C5,243,2,26,27,132,20.0757575757576,12.5160908126764,0.0391751952834323,19.9939483247703,17.1943688713346,1.59745951224006,1.37378108937337,0.359114512013972,0.359114512013972,1,0
two_targets_moving_anchor_random,4427,C5,244,2,48,49,132,36.7424242424242,7.69560412203816,0.0409538790243977,11.7226591522308,11.9971170245481,1.52329290414773,1.55895714414305,0.221540048034653,0.221540048034653,1,0
two_targets_moving_anchor_random,4427,C5,245,2,53,54,132,40.530303030303,8.40129275301416,0.0450011715006822,10.2038613664909,10.5081595022091,1.21455848123254,1.25077887548187,0.241328342567027,0.241328342567027,1,0
two_targets_moving_anchor_random,4429,C5,246,2,28,29,48,59.375,14.8450768544669,0.040605159951341,20.680093566014,18.7789618478694,1.39306072772479,1.26499593312774,0.42697007110739,0.42697007110739,1,0
two_targets_moving_anchor_random,4430,C5,247,2,24,25,250,9.8,18.3432125324671,0.0272219844179013,26.4351593376813,23.5925082220572,1.44114120091514,1.28617101177337,0.527119282704197,0.527119282704197,1,0
two_targets_moving_anchor_random,4430,C5,248,2,49,50,250,19.8,9.72563290510598,0.0333357275092493,11.8388268633959,12.2702638320042,1.21728086787858,1.26164167943891,0.27886736359883,0.27886736359883,1,0
two_targets_moving_anchor_random,4430,C5,249,2,245,246,250,98.2,12.860326608291,0.0155702523145537,17.7664759128234,18.3169365641453,1.38149492263823,1.4242979297537,0.368473256825817,0.368473256825817,1,0
two_targets_moving_anchor_random,4432,C5,250,2,16,17,250,6.6,29.3973607468723,0.0272554001369319,45.0632055748707,39.3279823183616,1.5328997035785,1.33780656899772,0.844837627569313,0.844837627569313,1,0
two_targets_moving_anchor_random,4432,C5,251,2,86,87,250,34.6,8.12898296810286,0.0361016912543603,14.1338594230074,14.2932099538166,1.73869959851889,1.75830236204226,0.233084137413541,0.233084137413541,1,0
two_targets_moving_anchor_random,4432,C5,252,2,100,101,250,40.2,8.7763064204235,0.034661118623555,14.0837664120704,14.4546834459265,1.60474871060744,1.6470121658798,0.252282628456507,0.252282628456507,1,0
two_targets_moving_anchor_random,4432,C5,253,2,104,105,250,41.8,9.2395754898005,0.0360846802905051,13.2476193630663,13.2236622130796,1.43379091146452,1.43119802719044,0.265090977916054,0.265090977916054,1,0
two_targets_moving_anchor_random,4432,C5,254,2,170,171,250,68.2,8.03644252317797,0.0483975187366992,11.2532491329505,11.8641520794718,1.40027743625303,1.47629402503089,0.231013635622533,0.231013635622533,1,0
two_targets_moving_anchor_random,4432,C5,255,2,224,225,250,89.8,6.67661398667543,0.0391833822487514,12.1069809961047,12.6460268648952,1.81334146623823,1.89407787991533,0.192083273944861,0.192083273944861,1,0
two_targets_moving_anchor_random,4432,C5,256,2,228,229,250,91.4,7.59007365526097,0.0429768839195355,11.5083390959468,11.5398485334535,1.51623549634067,1.52038689709616,0.218157320197561,0.218157320197561,1,0
two_targets_moving_anchor_random,4432,C5,257,3,145,147,250,58.4,7.95686514008494,0.0478779498847923,12.3627470409951,12.7853946152969,1.5537208213715,1.60683816932964,0.230654505707533,0.230654505707533,1,0
two_targets_moving_anchor_random,4432,C5,258,3,166,168,250,66.8,8.03813239284321,0.0389756416663991,11.5323102734092,11.2532491329505,1.43470021514912,1.39998305364687,0.229453040327444,0.229453040327444,1,0
two_targets_moving_anchor_random,4436,C5,259,2,40,41,85,47.6470588235294,8.07983930047764,0.0368967056312045,11.2237348870929,11.1649771967126,1.38910372715326,1.38183159113729,0.231732372116722,0.231732372116722,1,0
two_targets_moving_anchor_random,4439,C5,260,2,97,98,250,39,10.4759606401243,0.0259651152601202,14.0411806220604,13.9847897136431,1.34032391915266,1.33494103252731,0.300681482756268,0.300681482756268,1,0
two_targets_moving_anchor_random,4439,C5,261,2,103,104,250,41.4,9.44526427230943,0.0108853120768904,14.7778132734804,14.57813769696,1.56457382741575,1.54343354263772,0.271372095226576,0.271372095226576,1,0
two_targets_moving_anchor_random,4439,C5,262,2,127,128,250,51,10.563017840082,0.0231488944134164,14.5602087150841,14.3716118435612,1.37841371997257,1.36055927019523,0.303336181033848,0.303336181033848,1,0
two_targets_moving_anchor_random,4439,C5,263,2,210,211,250,84.2,13.255873660363,0.0167267341930776,16.6291184581194,17.2418691377239,1.25447170697189,1.30069655003424,0.380694055862411,0.380694055862411,1,0
two_targets_moving_anchor_random,4439,C5,264,2,236,237,250,94.6,10.9761174024423,0.0447033676569457,17.2463853321145,16.6361950947158,1.57126465577683,1.51567211653677,0.315501814196227,0.315501814196227,1,0
two_targets_moving_anchor_random,4440,C5,265,2,23,24,250,9.4,17.8796436361572,0.0400882890611316,30.7898653108971,26.8017064952391,1.72206258343047,1.49900674983472,0.513906695329834,0.513906695329834,1,0
two_targets_moving_anchor_random,4440,C5,266,2,32,33,250,13,11.3997085912121,0.0428457564674417,19.9479546582575,19.1870596188285,1.74986531441998,1.68311842932719,0.327768340319356,0.327768340319356,1,0
two_targets_moving_anchor_random,4440,C5,267,2,35,36,250,14.2,9.7931710075568,0.0257538490909379,19.1870596188285,18.7159960286405,1.95922848728191,1.9111272553291,0.281042300324893,0.281042300324893,1,0
two_targets_moving_anchor_random,4440,C5,268,2,224,225,250,89.8,8.66563813034529,0.0234628153220487,14.4544547580728,14.6137482659207,1.66801965887039,1.68640186055616,0.248898992177109,0.248898992177109,1,0
two_targets_moving_anchor_random,4440,C5,269,3,173,175,250,69.6,8.4995025643236,0.0463377402608365,15.2329867477869,15.5024979927964,1.79222097205157,1.82393003301954,0.242074850852382,0.242074850852382,1,0
two_targets_moving_anchor_random,4455,C5,270,2,121,122,198,61.3636363636364,18.3859434176359,0.0437821528922014,23.0558580609986,38.7913540542223,1.25399374605294,2.10983756302728,0.530062227750028,0.530062227750028,1,0
two_targets_moving_anchor_random,4461,C5,271,2,175,176,250,70.2,11.3279868905806,0.0396613322119419,14.9857192360248,23.4325795099053,1.32289341264031,2.06855637601328,0.325869584781686,0.325869584781686,1,0
two_targets_moving_anchor_random,4462,C5,272,2,59,60,65,91.5384615384615,7.1356955817345,0.0387807425966941,9.06521653725315,8.96246882577983,1.27040404588695,1.25600492945935,0.2057486904476,0.2057486904476,1,0
two_targets_moving_anchor_random,4464,C5,273,2,39,40,86,45.9302325581395,9.93767537905834,0.0402039272349877,17.9917907582977,17.774499324987,1.81046271608064,1.7885972973562,0.286147650116052,0.286147650116052,1,0
two_targets_moving_anchor_random,4480,C5,274,2,129,130,176,73.5795454545455,16.3862999667857,0.0442687054290506,20.0379551337482,20.302921858929,1.2228480605362,1.23901807608076,0.472664500942044,0.432654448950701,1,0
two_targets_moving_anchor_random,4480,C5,275,2,144,145,176,82.1022727272727,9.90062988666422,0.0449265244692867,21.2078934037418,20.5876974455959,2.14207516557184,2.07943309478994,0.285672399446723,0.285672399446723,1,0
two_targets_moving_anchor_random,4513,C5,276,2,22,23,78,28.8461538461538,8.81438916286698,0.0463242371989708,13.3912395553551,22.5105669885214,1.51924759707335,2.55384310501666,0.255081055203752,0.255081055203752,1,0
two_targets_moving_anchor_random,4599,C5,277,2,9,10,15,63.3333333333333,14.0159248652878,0.0445270627890734,19.0307795869823,36.4878204020935,1.35779691814091,2.60331164391871,0.405844629978033,0.405844629978033,1,0
two_targets_moving_anchor_random,4601,C5,278,2,56,57,158,35.7594936708861,6.45175174852832,0.0426676677348096,10.2381558795679,10.6449036410983,1.58688001005358,1.64992455630774,0.185494978140162,0.185494978140162,1,0
two_targets_moving_anchor_random,4601,C5,279,2,133,134,158,84.4936708860759,6.52364074187033,0.0259093242550122,8.19646096200846,8.31430396647678,1.2564243321067,1.274488325685,0.187240041453676,0.187240041453676,1,0
two_targets_moving_anchor_random,4602,C5,280,2,27,28,36,76.3888888888889,17.2958191078496,0.0304587821101243,34.2297260989503,29.8456841678417,1.97907516755973,1.72560108207286,0.496152613642123,0.496152613642123,1,0
two_targets_moving_anchor_random,4602,C5,281,2,30,31,36,84.7222222222222,14.0566338514087,0.0449989276047911,29.8456841678417,25.9086025140442,2.12324547137939,1.84315838257733,0.403812075508331,0.403812075508331,1,0
two_targets_moving_anchor_random,4603,C5,282,2,20,21,29,70.6896551724138,23.3767360521918,0.0305315684356305,45.4452831244137,41.1813638704378,1.94403885225683,1.76163874111829,0.671723314068391,0.671723314068391,1,0
two_targets_moving_anchor_random,4604,C5,283,2,21,22,115,18.695652173913,25.0322859646585,0.0331697451692502,48.33420335476,44.1145479532444,1.93087452831915,1.76230600814991,0.719081835167036,0.719081835167036,1,0
two_targets_moving_anchor_random,4604,C5,284,2,29,30,115,25.6521739130435,14.0415021714388,0.043933877068163,34.7768371079439,31.0394320435582,2.47671771035166,2.2105492464114,0.403187189045332,0.403187189045332,1,0
two_targets_moving_anchor_random,4604,C5,285,2,63,64,115,55.2173913043478,12.2112846940979,0.0316631030990676,15.7334335648452,15.5455706947392,1.28843393295463,1.27304956719688,0.350641009037838,0.350641009037838,1,0
two_targets_moving_anchor_random,4605,C5,286,2,32,33,149,21.8120805369128,22.5482280265776,0.0274679830537608,35.6644185524535,34.6354008520117,1.58169495671304,1.53605865663532,0.646780920965167,0.646780920965167,1,0
two_targets_moving_anchor_random,4605,C5,287,2,126,127,149,84.8993288590604,21.4454964366496,0.0372481434036849,26.104399242929,27.6795109432393,1.21724387775503,1.29069107936042,0.616612080793809,0.616612080793809,1,0
two_targets_moving_anchor_random,4609,C5,288,2,25,26,67,38.0597014925373,23.8823462751775,0.0362001927563865,33.8621922732324,29.9502531381807,1.41787544167834,1.25407498882595,0.685909356451121,0.685909356451121,1,0
two_targets_moving_anchor_random,4610,C5,289,2,23,24,214,10.981308411215,28.6101874904905,0.0306647072273008,39.8994661128188,34.8089345265065,1.39458946663948,1.21666223047564,0.821401665771498,0.821401665771498,1,0
two_targets_moving_anchor_random,4610,C5,290,2,101,102,214,47.4299065420561,12.6034646134664,0.0339759672201114,23.7077634508025,23.0935169402615,1.88105129644047,1.83231497437513,0.361989718665093,0.361989718665093,1,0
two_targets_moving_anchor_random,4610,C5,291,2,155,156,214,72.6635514018692,15.9356887614368,0.0282701349241567,20.234906238003,21.1023922173638,1.26978548219202,1.3242221615441,0.457164268706252,0.457164268706252,1,0
two_targets_moving_anchor_random,4610,C5,292,2,180,181,214,84.3457943925234,11.9097010965677,0.0360203866937795,19.7451116304235,20.4690532997456,1.6579015266902,1.71868740733088,0.3422750631808,0.3422750631808,1,0
two_targets_moving_anchor_random,4610,C5,293,2,193,194,214,90.4205607476636,13.2025169594273,0.0284914149436636,18.7199055384162,19.2214159173152,1.41790429778992,1.455890265196,0.379168334857652,0.379168334857652,1,0
two_targets_moving_anchor_random,4613,C5,294,2,13,14,199,6.78391959798995,40.5695805781501,0.0488423658642291,77.2054301721749,65.4549422744689,1.90303742537965,1.61339953092149,1.16837104022887,1.16837104022887,1,0
two_targets_moving_anchor_random,4613,C5,295,2,20,21,199,10.3015075376884,20.2773351806472,0.0257116084619621,49.5960587289464,43.0938016550926,2.44588641885652,2.12522016681076,0.581923907270658,0.581923907270658,1,0
two_targets_moving_anchor_random,4613,C5,296,2,84,85,199,42.4623115577889,15.7494720221806,0.0427159516799217,19.6946559062523,19.8261995629044,1.25049626289158,1.25884852107946,0.452787477006066,0.452787477006066,1,0
two_targets_moving_anchor_random,4613,C5,297,2,178,179,199,89.6984924623116,17.4431866348738,0.0222753692300437,22.202407847876,24.5561030059447,1.27284127107183,1.40777620052807,0.500436806981364,0.500436806981364,1,0
two_targets_moving_anchor_random,4613,C5,298,2,183,184,199,92.2110552763819,17.1870776011699,0.0479562371333358,24.4929641473974,26.6249136426692,1.42508020943189,1.54912395582929,0.494147774375721,0.494147774375721,1,0
two_targets_moving_anchor_random,4617,C5,299,2,13,14,35,38.5714285714286,49.2869523731725,0.0435746624272803,74.9237610381291,64.7451696739333,1.52015406574238,1.31363710995397,1.41804525899177,1.41804525899177,1,0
two_targets_moving_anchor_random,4617,C5,300,2,28,29,35,81.4285714285714,13.7953161823742,0.0213812022900827,35.8484657715813,30.9413176319545,2.59859689315304,2.24288571736306,0.396072904313407,0.396072904313407,1,0
two_targets_moving_anchor_random,4617,C5,301,2,32,33,35,92.8571428571429,7.34596335182825,0.035264697494938,28.6401033210987,25.923940731359,3.89875390733754,3.52900490919371,0.210899018863658,0.210899018863658,1,0
two_targets_moving_anchor_random,4619,C5,302,2,138,139,250,55.4,10.1194614405163,0.0211882491582871,13.4416030992757,13.9775661970273,1.32829233831142,1.38125593730354,0.290464017003024,0.290464017003024,1,0
two_targets_moving_anchor_random,4619,C5,303,2,142,143,250,57,10.4830688856569,0.0342661851193286,12.9459513543306,13.1502780556184,1.23493907132895,1.25443018633702,0.301033649404809,0.301033649404809,1,0
two_targets_moving_anchor_random,4619,C5,304,2,151,152,250,60.6,9.75902629664606,0.0486721198474998,12.1558099303741,12.5627800029344,1.24559659548738,1.28729850920188,0.2803807612262,0.2803807612262,1,0
two_targets_moving_anchor_random,4619,C5,305,2,189,190,250,75.8,8.28840922422954,0.0370104711584043,15.241599642774,15.3744941704751,1.83890529900697,1.85493907872342,0.238069644483083,0.238069644483083,1,0
two_targets_moving_anchor_random,4619,C5,306,2,192,193,250,77,9.25436911128973,0.0262733464740157,15.3744941704751,15.5601338227351,1.66132277474422,1.68138245142532,0.265935260186508,0.265935260186508,1,0
two_targets_moving_anchor_random,4619,C5,307,2,196,197,250,78.6,10.2067806348412,0.0262685426256423,14.2934339550972,13.9551092266212,1.40038612236909,1.36723906644814,0.292952404829512,0.292952404829512,1,0
two_targets_moving_anchor_random,4619,C5,308,2,200,201,250,80.2,10.6837055187158,0.0425902390101721,13.043380062493,13.2458639485673,1.22086667773119,1.23981926732846,0.306933781368014,0.306933781368014,1,0
two_targets_moving_anchor_random,4619,C5,309,2,203,204,250,81.4,10.0487723442765,0.0119698833897316,13.2458639485673,13.3247288896633,1.31815743204809,1.32600564856589,0.288411963215166,0.288411963215166,1,0
two_targets_moving_anchor_random,4619,C5,310,2,228,229,250,91.4,10.9638791723052,0.0359629286576585,13.6056310548237,14.3400778885804,1.24095047391544,1.30793833671604,0.315333718709802,0.315333718709802,1,0
two_targets_moving_anchor_random,4621,C5,311,2,35,36,216,16.4351851851852,14.5605301471422,0.0281413187176641,31.650458692761,29.4683756463263,2.17371609226557,2.02385320785246,0.41774920171078,0.41774920171078,1,0
two_targets_moving_anchor_random,4621,C5,312,2,38,39,216,17.8240740740741,14.1269558521778,0.0481463053273364,29.4683756463263,28.6999610635629,2.0859678443593,2.03157434367848,0.406428919822129,0.406428919822129,1,0
two_targets_moving_anchor_random,4621,C5,313,2,57,58,216,26.6203703703704,15.4237048558508,0.0492918319202494,20.360306765581,20.1454549548017,1.32006589570193,1.30613592149747,0.443439511513061,0.443439511513061,1,0
two_targets_moving_anchor_random,4622,C5,314,2,47,48,250,19,6.66295423852274,0.0270549340997514,17.0611402980783,16.2107744178501,2.56059694953885,2.43297099717801,0.191494791419195,0.191494791419195,1,0
two_targets_moving_anchor_random,4622,C5,315,2,50,51,250,20.2,6.90063835341397,0.0409075815849115,16.2107744178501,15.5572680661906,2.34917026333225,2.25446795925683,0.198458459147084,0.198458459147084,1,0
two_targets_moving_anchor_random,4622,C5,316,2,96,97,250,38.6,9.8281700736765,0.0161037575172142,15.0503501059798,15.5228088986035,1.53134815465702,1.57942005299433,0.281954993767061,0.281954993767061,1,0
two_targets_moving_anchor_random,4622,C5,317,2,126,127,250,50.6,10.8136400487198,0.0264833926699246,15.0869616913566,15.1035109119135,1.39517883186269,1.39670923425101,0.309761078749637,0.309761078749637,1,0
two_targets_moving_anchor_random,4622,C5,318,2,135,136,250,54.2,12.42243685452,0.0376701623317704,15.8094638899415,16.3139714515809,1.27265399495181,1.3132666032144,0.356506364308486,0.356506364308486,1,0
two_targets_moving_anchor_random,4622,C5,319,2,174,175,250,69.8,11.4338796231571,0.0248011687496303,17.1402113822731,17.4568714482505,1.4990722263298,1.5267671187385,0.328080605592201,0.328080605592201,1,0
two_targets_moving_anchor_random,4622,C5,320,2,177,178,250,71,12.9630106504929,0.0346792933539482,17.4568714482505,16.2358148562666,1.34666798623564,1.25247253851861,0.371932010939076,0.371932010939076,1,0
two_targets_moving_anchor_random,4622,C5,321,2,241,242,250,96.6,9.37218901866112,0.0497578812491811,19.8134101411574,18.8398174108924,2.11406429188599,2.01018325317385,0.269425293557471,0.269425293557471,1,0
two_targets_moving_anchor_random,4622,C5,322,2,247,248,250,99,10.7739236456317,0.0375233337395133,16.8284397424351,16.6538214385704,1.56196018237592,1.54575268828109,0.309710067902097,0.309710067902097,1,0
two_targets_moving_anchor_random,4623,C5,323,2,104,105,250,41.8,9.71016618457749,0.0277456054243931,16.4535211671985,16.6792581302337,1.69446339583059,1.71771088292239,0.278626379880552,0.278626379880552,1,0
two_targets_moving_anchor_random,4623,C5,324,2,145,146,250,58.2,11.9585913814616,0.0399354975105712,14.5132235572943,14.7839670603238,1.21362316800899,1.23626325114195,0.343434861841477,0.343434861841477,1,0
two_targets_moving_anchor_random,4623,C5,325,2,220,221,250,88.2,10.1884971660128,0.0419315147574394,13.711265012093,13.2789536856846,1.34575931942461,1.30332800503504,0.292393307885456,0.292393307885456,1,0
two_targets_moving_anchor_random,4626,C5,326,2,26,27,181,14.6408839779006,18.2098585759615,0.0454739352689328,36.6613218198862,34.2481436071869,2.01326779485713,1.88074736903214,0.522827104677611,0.522827104677611,1,0
two_targets_moving_anchor_random,4626,C5,327,2,31,32,181,17.4033149171271,14.598109018512,0.0473063456477479,30.6354278789716,29.7974906669682,2.09858878572029,2.04118839153631,0.419641171517638,0.419641171517638,1,0
two_targets_moving_anchor_random,4626,C5,328,2,42,43,181,23.4806629834254,11.9340494166927,0.0374934899225255,29.4528106818565,28.6133318008333,2.46796453185953,2.39762136067667,0.343113084072486,0.343113084072486,1,0
two_targets_moving_anchor_random,4626,C5,329,2,88,89,181,48.8950276243094,17.3310942218949,0.0455908287337394,29.1069523195474,28.9115088007082,1.67946420156067,1.66818715717231,0.498159645831821,0.498159645831821,1,0
two_targets_moving_anchor_random,4626,C5,330,2,125,126,181,69.3370165745856,19.012744830538,0.0130715974928236,29.2647246491295,27.9958128688486,1.5392161894544,1.47247612684951,0.544451451749201,0.544451451749201,1,0
two_targets_moving_anchor_random,4626,C5,331,2,131,132,181,72.6519337016575,20.0151106898037,0.0225302108753135,30.3347579403959,31.2277978391829,1.51559281437546,1.56021109866214,0.575162153315043,0.575162153315043,1,0
two_targets_moving_anchor_random,4626,C5,332,2,161,162,181,89.2265193370166,16.6944041382661,0.0316984547054537,25.904965708679,26.6926846343661,1.55171550263964,1.59890011127635,0.478597363753064,0.478597363753064,1,0
two_targets_moving_anchor_random,4626,C5,333,2,170,171,181,94.1988950276243,17.0256485949916,0.0474775935418583,24.2199073610101,26.4333706938729,1.42255416737163,1.5525617450867,0.488839065303487,0.488839065303487,1,0
two_targets_moving_anchor_random,4626,C5,334,3,155,157,181,86.1878453038674,13.9572683285983,0.047290688569373,31.0414264831106,30.6790689640032,2.22403308099387,2.19807115846173,0.398481629863567,0.398481629863567,1,0
two_targets_moving_anchor_random,4627,C5,335,2,21,22,150,14.3333333333333,22.6910057582138,0.0436937698126038,38.4464420742532,32.1887092519895,1.69434720011634,1.41856688041858,0.651566069927109,0.651566069927109,1,0
two_targets_moving_anchor_random,4627,C5,336,3,118,120,150,79.3333333333333,9.22527537840335,0.049637901831304,12.3381933381691,13.6991993419172,1.33743360843766,1.4849637306207,0.265353881430729,0.265353881430729,1,0
two_targets_moving_anchor_random,4629,C5,337,2,28,29,37,77.027027027027,10.8982094951038,0.0318721162182912,35.2435337192344,33.1008054780423,3.23388293600596,3.03727006651077,0.312917451348429,0.312917451348429,1,0
two_targets_moving_anchor_random,4629,C5,338,2,31,32,37,85.1351351351351,7.82688698748941,0.0416595150967898,33.1008054780423,29.602881518725,4.22911504036676,3.78220377604054,0.224748830273318,0.224748830273318,1,0
two_targets_moving_anchor_random,4633,C5,339,2,65,66,237,27.6371308016878,10.3874515272696,0.0333960481894336,14.2801114948487,14.4738051586273,1.37474639061949,1.39339328040474,0.298197302680116,0.298197302680116,1,0
two_targets_moving_anchor_random,4633,C5,340,2,137,138,237,58.0168776371308,12.9075099189293,0.0368359620345481,18.355993999717,19.2505414456348,1.42211736539496,1.49142178209008,0.370370983262419,0.370370983262419,1,0
two_targets_moving_anchor_random,4633,C5,341,2,172,173,237,72.7848101265823,15.1748184220916,0.0445328191767067,21.115545685891,21.3731192648654,1.39148588790695,1.40845963822211,0.435835323972011,0.435835323972011,1,0
two_targets_moving_anchor_random,4636,C5,342,2,19,20,250,7.8,30.718115777134,0.0495504094112367,47.0448450147095,40.4135655318876,1.5315016505579,1.3156264474389,0.883953149528094,0.883953149528094,1,0
two_targets_moving_anchor_random,4636,C5,343,2,112,113,250,45,10.6916183991256,0.0397907930605109,16.770828342023,16.3643670743961,1.56859585854603,1.53057904458454,0.307760344400943,0.307760344400943,1,0
two_targets_moving_anchor_random,4636,C5,344,2,175,176,250,70.2,8.12207769936341,0.0344041426258348,16.4455195581614,16.6728760846238,2.0247921981158,2.05278460780185,0.233068276718789,0.233068276718789,1,0
two_targets_moving_anchor_random,4636,C5,345,2,180,181,250,72.2,10.4468640600548,0.0221831788764663,15.6215927202171,14.4024469681816,1.49533799142162,1.37863830575259,0.29903274578806,0.29903274578806,1,0
two_targets_moving_anchor_random,4638,C5,346,2,16,17,34,48.5294117647059,37.667009421423,0.00704457906809136,53.329427331919,46.0338679076265,1.41581262094006,1.22212696507424,1.07881181714978,1.07881181714978,1,0
two_targets_moving_anchor_random,4639,C5,347,2,38,39,41,93.9024390243902,6.69083862103866,0.0337066397847385,14.2512896189705,12.8741652687395,2.12997060998583,1.92414822683931,0.192352703324977,0.192352703324977,1,0
two_targets_moving_anchor_random,4641,C5,348,2,147,148,221,66.7420814479638,16.0217006103787,0.0335364826031588,19.4997418429634,21.5400195954484,1.21708314973329,1.34442779323282,0.460979505359125,0.457463750239967,1,0
two_targets_moving_anchor_random,4646,C5,349,2,40,41,184,22.0108695652174,17.3692316990792,0.0423916777668467,21.9058660840908,28.2516510100478,1.26118797098274,1.6265342934855,0.5001465507316,0.5001465507316,1,0
two_targets_moving_anchor_random,4653,C5,350,2,70,71,159,44.3396226415094,14.9396066579642,0.0484673481601948,17.9671653820625,34.1050563210233,1.20265317510782,2.28286173135905,0.431723166871852,0.431723166871852,1,0
two_targets_moving_anchor_random,4653,C5,351,2,115,116,159,72.6415094339623,15.3524360547022,0.0465245149470808,18.7683973991348,47.3570839115836,1.22250288698557,3.08466250846743,0.441850541417391,0.441850541417391,1,0
two_targets_moving_anchor_random,4657,C5,352,2,68,69,137,50,11.3489465832806,0.0417680729327463,21.9138291424703,20.2393768325652,1.93091305714259,1.78337052554129,0.326700388632827,0.326700388632827,1,0
two_targets_moving_anchor_random,4663,C5,353,2,142,143,160,89.0625,27.1314950305488,0.0209081758825343,39.2330749067298,42.2411247429429,1.4460343914906,1.55690369054051,0.781260893678885,0.781260893678885,1,0
two_targets_moving_anchor_random,4666,C5,354,2,53,54,96,55.7291666666667,9.61817049716658,0.0435621886705298,12.0863640878153,23.7384154143127,1.25661778311955,2.46808012202589,0.276517688576068,0.276517688576068,1,0
two_targets_moving_anchor_random,4668,C5,355,2,44,45,193,23.0569948186528,17.3060542323584,0.0488356054511597,24.5611731846284,25.9768694966597,1.41922432779071,1.50102785695013,0.498495668724893,0.498495668724893,1,0
two_targets_moving_anchor_random,4668,C5,356,2,77,78,193,40.1554404145078,17.2946230703044,0.0221136485018045,27.6914063418255,26.0882658664624,1.60115697400615,1.50846108414222,0.498609348175395,0.498609348175395,1,0
two_targets_moving_anchor_random,4668,C5,357,2,157,158,193,81.6062176165803,22.8524414268922,0.0403476271219754,28.1369696968591,38.021346672752,1.23124567617306,1.6637761350089,0.65858792369718,0.65858792369718,1,0
two_targets_moving_anchor_random,4671,C5,358,2,39,40,206,19.1747572815534,20.7992736317217,0.0308327618039377,27.1505407364449,27.3322145107635,1.30536004368136,1.3140946647809,0.597921886572182,0.597921886572182,1,0
two_targets_moving_anchor_random,4672,C5,359,2,10,11,38,27.6315789473684,28.8483088293363,0.0462687493805333,50.4196725674668,35.3312273356683,1.74775141467545,1.22472438660735,0.831464046823006,0.831464046823006,1,0
two_targets_moving_anchor_random,4672,C5,360,2,26,27,38,69.7368421052632,7.25501097790222,0.0452025786719603,12.7775511136311,12.3380267977301,1.76120355331643,1.70062138228461,0.209635866541224,0.209635866541224,1,0
two_targets_moving_anchor_random,4674,C5,361,2,7,8,169,4.43786982248521,41.2533047608705,0.0298919189611884,85.4985990700421,61.2451174839075,2.07252726940652,1.48461118058109,1.18666259512264,1.18666259512264,1,0
two_targets_moving_anchor_random,4674,C5,362,2,47,48,169,28.1065088757396,10.8250626877511,0.0461004147889742,19.999761514342,19.6148954365149,1.84754232758137,1.81198908517266,0.311561004101577,0.311561004101577,1,0
two_targets_moving_anchor_random,4676,C5,363,2,12,13,213,5.86854460093897,18.8738848452996,0.0443495251983445,48.9439356654983,40.7725992987095,2.59320940371677,2.16026534192104,0.544127907891578,0.544127907891578,1,0
two_targets_moving_anchor_random,4680,C5,364,2,27,28,47,58.5106382978723,8.18690898115626,0.000825691215931954,13.8494128962934,11.9138806476313,1.69165345897584,1.45523550769325,0.23435038909122,0.23435038909122,1,0
two_targets_moving_anchor_random,4710,C5,365,2,42,43,119,35.7142857142857,40.4290701487556,0.0270754465244923,51.02976159026,54.8062381156758,1.26220468100057,1.35561460884508,1.16230729984464,1.16230729984464,1,0
two_targets_moving_anchor_random,4715,C5,366,2,70,71,169,41.7159763313609,29.2348628813275,0.0193152184047619,40.0091031321889,42.4887271712864,1.36854081698953,1.4533581821047,0.84355041664462,0.84355041664462,1,0
two_targets_moving_anchor_random,4772,C5,367,2,20,21,33,62.1212121212121,22.2641396291111,0.0120453145601838,39.4650378842631,27.6099029663891,1.77258311085425,1.24010644140446,0.648226967648867,0.556615927128308,0,1
two_targets_moving_anchor_random,4791,C5,368,2,9,10,94,10.1063829787234,21.9969050540662,0.0491258485422741,41.3630351235092,27.5908554544005,1.88040249398008,1.25430624838289,0.640636925659739,0.57380795457702,0,1
two_targets_moving_anchor_random,4802,C5,369,2,198,199,235,84.468085106383,10.1753191534041,0.0384753115396349,15.8586490357952,16.1056746520838,1.558540699973,1.58281764033865,0.292725673076829,0.292725673076829,1,0
two_targets_moving_anchor_random,4802,C5,370,2,207,208,235,88.2978723404255,9.95682314532176,0.0348388579103872,14.7073386840913,15.1568762252098,1.47711157157608,1.52226026353911,0.286252616884231,0.286252616884231,1,0
two_targets_moving_anchor_random,4803,C5,371,2,63,64,172,36.9186046511628,13.9357564412056,0.0404678454140209,21.5956932333333,22.3471834296716,1.54966063912244,1.6035859642032,0.400028984652856,0.400028984652856,1,0
two_targets_moving_anchor_random,4803,C5,372,2,102,103,172,59.593023255814,15.4159988100896,0.0350410927371473,18.6402241895759,19.7991204013472,1.20914800391501,1.28432290669281,0.442624661225032,0.442624661225032,1,0
two_targets_moving_anchor_random,4803,C5,373,2,105,106,172,61.3372093023256,14.4261688335156,0.0294563257039391,19.7991204013472,21.7454179240016,1.37244480012939,1.50735917310781,0.413745701748764,0.413745701748764,1,0
two_targets_moving_anchor_random,4803,C5,374,2,158,159,172,92.1511627906977,14.8862914896611,0.0322480115389987,22.0931715735172,22.3438036268446,1.48412864203696,1.50096507530857,0.427289065254482,0.427289065254482,1,0
two_targets_moving_anchor_random,4803,C5,375,2,161,162,172,93.8953488372093,14.6791247999286,0.0377642278554067,22.3438036268446,22.1775224662523,1.52214821601307,1.51082048613417,0.422187592614619,0.422187592614619,1,0
two_targets_moving_anchor_random,4803,C5,376,3,66,68,172,38.953488372093,14.0199978423636,0.0406922453175986,22.3471834296716,23.2752747926551,1.59395056125801,1.66014824355573,0.400023476019628,0.400023476019628,1,0
two_targets_moving_anchor_random,4803,C5,377,3,87,89,172,51.1627906976744,14.6120758528574,0.0434897152056688,17.7840572842334,18.9005348193011,1.21707945286608,1.29348731895647,0.422568481390467,0.422568481390467,1,0
two_targets_moving_anchor_random,4803,C5,378,3,126,128,172,73.8372093023256,16.9391207326769,0.0432017160600332,22.0801574533158,23.2101264278988,1.30350080159246,1.37020845380272,0.489641990658889,0.489641990658889,1,0
two_targets_moving_anchor_random,4804,C5,379,2,35,36,116,30.6034482758621,10.8791080333377,0.0307523005916637,21.8590490361133,20.8832922194552,2.00926849601354,1.91957761201202,0.312347756520106,0.312347756520106,1,0
two_targets_moving_anchor_random,4804,C5,380,2,87,88,116,75.4310344827586,8.68434295415734,0.0403289122985659,11.4013823930902,12.0935014820506,1.31286643713583,1.39256378356883,0.249589476592098,0.249589476592098,1,0
two_targets_moving_anchor_random,4804,C5,381,2,110,111,116,95.2586206896552,6.61396057213581,0.0468533102689101,13.1902555271712,13.0303242255784,1.99430513431557,1.97012426721657,0.190251240888782,0.190251240888782,1,0
two_targets_moving_anchor_random,4805,C5,382,2,88,89,123,71.9512195121951,8.76575100162458,0.0422892008198714,15.9331210143771,16.6137386272949,1.81765612683091,1.89530122681055,0.252106753612949,0.252106753612949,1,0
two_targets_moving_anchor_random,4805,C5,383,3,84,86,123,69.1056910569106,8.878937763471,0.0496797533737193,13.903241268676,15.9331210143771,1.56586763406267,1.79448504301132,0.258380926000957,0.258380926000957,1,0
two_targets_moving_anchor_random,4806,C5,384,2,80,81,235,34.2553191489362,12.2455875945877,0.0361703609533602,15.2894690656818,15.3412624717098,1.24856965397393,1.25279921058997,0.351479457997625,0.351479457997625,1,0
two_targets_moving_anchor_random,4806,C5,385,2,137,138,235,58.5106382978723,8.52428245460583,0.0305862708585242,16.3607941514701,16.0187640216284,1.91931628715917,1.87919207357719,0.244851783730498,0.244851783730498,1,0
two_targets_moving_anchor_random,4806,C5,386,2,147,148,235,62.7659574468085,8.86259670591721,0.0300632290198585,15.0088702426656,15.2604584972559,1.69350707706747,1.72189472269082,0.254258768916412,0.254258768916412,1,0
two_targets_moving_anchor_random,4806,C5,387,2,155,156,235,66.1702127659574,9.92223274424146,0.0143770172290865,13.1868500159948,13.3766929250034,1.32902042875864,1.3481535124004,0.284283521283083,0.284283521283083,1,0
two_targets_moving_anchor_random,4806,C5,388,2,158,159,235,67.4468085106383,10.1069289192993,0.0358296493119934,13.3766929250034,13.2137777189129,1.32351706752982,1.30739790735849,0.289860265400075,0.289860265400075,1,0
two_targets_moving_anchor_random,4806,C5,389,2,193,194,235,82.3404255319149,9.01700165336831,0.040162076965441,13.4636609565347,14.0910606525157,1.49314167548204,1.56272131182896,0.259007373456477,0.259007373456477,1,0
two_targets_moving_anchor_random,4806,C5,390,3,128,130,235,54.8936170212766,9.67453238423159,0.0453902702002704,14.1310790642555,15.0423906802757,1.4606472440247,1.55484421188079,0.276965062044348,0.276965062044348,1,0
two_targets_moving_anchor_random,4807,C5,391,2,65,66,208,31.4903846153846,13.225688338279,0.0430384648034407,19.4064617804649,18.6665302874431,1.46733094596649,1.4113844066185,0.380012269471601,0.380012269471601,1,0
two_targets_moving_anchor_random,4807,C5,392,2,85,86,208,41.1057692307692,9.51628679199681,0.0478278985970029,21.4954644786559,20.5634713089035,2.25880797295155,2.16087133126309,0.273790801941847,0.273790801941847,1,0
two_targets_moving_anchor_random,4807,C5,393,2,91,92,208,43.9903846153846,12.1621158931845,0.0451330435042293,15.9561705250961,15.7546013167644,1.31195678985741,1.29538325856549,0.349434466357026,0.349434466357026,1,0
two_targets_moving_anchor_random,4807,C5,394,2,153,154,208,73.7980769230769,12.3193678421064,0.0335023651558834,18.3805234476208,18.920998937839,1.49200216140945,1.53587417636552,0.354124764988489,0.354124764988489,1,0
two_targets_moving_anchor_random,4807,C5,395,3,108,110,208,52.4038461538462,10.5444605301621,0.0360416468020495,17.2303912364221,18.1590051765445,1.63407043794561,1.72213695756187,0.304463953289686,0.304463953289686,1,0
two_targets_moving_anchor_random,4807,C5,396,3,201,203,208,97.1153846153846,12.898155273423,0.0477864177428505,20.5507030902695,22.3769204061556,1.5933056049197,1.73489308601081,0.370500344261679,0.370500344261679,1,0
two_targets_moving_anchor_random,4808,C5,397,2,69,70,89,78.0898876404494,6.35608466989936,0.0258247404109004,8.22857210272902,8.12960479751824,1.29459762260519,1.2790271400911,0.182530764940698,0.182530764940698,1,0
two_targets_moving_anchor_random,4809,C5,398,2,125,126,245,51.2244897959184,8.73147548552469,0.0474205616861,15.4645619926609,15.7383119888101,1.77112814647405,1.80248023543118,0.25059012708884,0.25059012708884,1,0
two_targets_moving_anchor_random,4810,C5,399,2,57,58,250,23,10.4425746165824,0.0441954880949152,15.1963078494626,15.2186589017954,1.45522616858599,1.45736654614167,0.300313325229964,0.300313325229964,1,0
two_targets_moving_anchor_random,4810,C5,400,2,129,130,250,51.8,8.36382532225162,0.0468489859306968,15.8548387840421,15.9090027161163,1.89564441785518,1.90212039385747,0.24061406478729,0.24061406478729,1,0
two_targets_moving_anchor_random,4810,C5,401,2,136,137,250,54.6,8.89534534807836,0.0285822146562327,14.460655720358,14.4134392974614,1.62564298006506,1.62033498795807,0.25512017437596,0.25512017437596,1,0
two_targets_moving_anchor_random,4810,C5,402,2,220,221,250,88.2,8.70916834905671,0.0453989460121131,12.7166996726882,12.3625159282205,1.46015086205855,1.41948294403558,0.250256310095292,0.250256310095292,1,0
two_targets_moving_anchor_random,4811,C5,403,2,14,15,188,7.71276595744681,53.6661410574057,0.0401744457395036,80.7918361461294,67.9305096420159,1.50545268495657,1.26579829113019,1.54245360663847,1.54245360663847,1,0
two_targets_moving_anchor_random,4811,C5,404,2,57,58,188,30.5851063829787,9.35665888037828,0.0335279541217399,16.8904612101355,17.2145109600861,1.8051808264119,1.83981388871474,0.269145591185434,0.269145591185434,1,0
two_targets_moving_anchor_random,4811,C5,405,2,65,66,188,34.8404255319149,9.96829757062605,0.0293463476281003,17.0347433128905,17.7530408349545,1.70889193387318,1.78095012806079,0.28661204358515,0.28661204358515,1,0
two_targets_moving_anchor_random,4811,C5,406,2,143,144,188,76.3297872340426,10.1839644095704,0.0412565460830037,13.0690857582458,12.4269498682687,1.28330041550068,1.22024678882326,0.292336558604262,0.292336558604262,1,0
two_targets_moving_anchor_random,4811,C5,407,3,25,27,188,13.8297872340426,20.7764508386321,0.0380980856996126,41.6164400134796,37.0965095054868,2.00305819009748,1.78550753416021,0.587834020404871,0.587834020404871,1,0
two_targets_moving_anchor_random,4812,C5,408,2,26,27,250,10.6,19.0494532697373,0.0491812412748218,35.5836295676807,31.6403044601497,1.86796067392707,1.66095603963683,0.548241824827983,0.548241824827983,1,0
two_targets_moving_anchor_random,4812,C5,409,2,37,38,250,15,6.56356987077268,0.0405844494378179,21.0974459917648,19.3962697015793,3.21432488830672,2.95514027936994,0.18880005867793,0.18880005867793,1,0
two_targets_moving_anchor_random,4812,C5,410,2,157,158,250,63,9.83432390870223,0.0448937773961926,13.2691423268291,14.1936424936789,1.34926838387817,1.4432758800144,0.282667648302578,0.282667648302578,1,0
two_targets_moving_anchor_random,4812,C5,411,3,189,191,250,76,8.89208746838098,0.0467629990894802,17.315309141103,17.9401956263721,1.94727157179614,2.01754601382014,0.252057316998533,0.252057316998533,1,0
two_targets_moving_anchor_random,4813,C5,412,2,34,35,250,13.8,16.2138632668459,0.0495580614369451,22.7200748685326,20.1634413324584,1.40127460646536,1.24359265898637,0.46595715740169,0.46595715740169,1,0
two_targets_moving_anchor_random,4813,C5,413,2,46,47,250,18.6,10.1892028519,0.0403510581269345,13.5537180205866,13.5869690229874,1.3302039637045,1.33346732030698,0.29245449253051,0.29245449253051,1,0
two_targets_moving_anchor_random,4813,C5,414,2,91,92,250,36.6,9.2860193106733,0.038482215481514,11.3950357903297,11.3816901733337,1.22711739111207,1.22568021802966,0.267229451538146,0.267229451538146,1,0
two_targets_moving_anchor_random,4813,C5,415,2,98,99,250,39.4,7.94435514900543,0.0274043475859867,12.0153283023088,12.0996487200116,1.51243594690162,1.52304982507314,0.227930435714423,0.227930435714423,1,0
two_targets_moving_anchor_random,4813,C5,416,2,125,126,250,50.2,8.8223302289376,0.0251379713233159,10.9265735920079,11.5982514533203,1.23851333020479,1.31464716830453,0.253382347490105,0.253382347490105,1,0
two_targets_moving_anchor_random,4813,C5,417,2,153,154,250,61.4,8.20576221968473,0.0252227548242078,14.0382965606097,14.075014469472,1.71078520005532,1.71525984943941,0.23564652443619,0.23564652443619,1,0
two_targets_moving_anchor_random,4814,C5,418,2,29,30,152,19.4078947368421,16.6294739361417,0.0365090148552013,39.0461570340157,35.3712907244071,2.3480091543458,2.12702403336601,0.477750957070494,0.477750957070494,1,0
two_targets_moving_anchor_random,4814,C5,419,2,44,45,152,29.2763157894737,13.731837806655,0.0159887677801921,28.4674085466615,28.5716234982854,2.07309530941773,2.08068460322467,0.393778628445893,0.393778628445893,1,0
two_targets_moving_anchor_random,4814,C5,420,2,102,103,152,67.4342105263158,18.9694793370446,0.0295149294508197,27.6473257895404,27.0896058472688,1.45746360763573,1.42806269829277,0.543876125979903,0.543876125979903,1,0
two_targets_moving_anchor_random,4814,C5,421,2,107,108,152,70.7236842105263,20.4003251632166,0.0306590772177802,25.7522160723253,25.5745538284977,1.26234341199417,1.25363461728593,0.5845774866422,0.5845774866422,1,0
two_targets_moving_anchor_random,4814,C5,422,2,119,120,152,78.6184210526316,15.9172072278627,0.026778873680578,33.2004154707719,33.0299990523966,2.0858191387152,2.07511271164318,0.456452013120571,0.456452013120571,1,0
two_targets_moving_anchor_random,4814,C5,423,2,144,145,152,95.0657894736842,18.0278496511175,0.0315141457923872,30.5626532581867,32.3052210337532,1.69530220462496,1.79196197322129,0.516877980036205,0.516877980036205,1,0
two_targets_moving_anchor_random,4814,C5,424,3,138,140,152,91.4473684210526,17.0359517799027,0.0481400321625431,29.3814861991375,31.6392571321591,1.72467535590226,1.8572051354057,0.487224145126525,0.487224145126525,1,0
two_targets_moving_anchor_random,4815,C5,425,2,152,153,238,64.0756302521008,10.662025060021,0.0480640464567196,14.6845275269366,15.6319578391775,1.37727377719254,1.46613403656235,0.306855979298401,0.306855979298401,1,0
two_targets_moving_anchor_random,4815,C5,426,2,169,170,238,71.218487394958,10.1864178110568,0.0472291034416922,14.4106047935984,14.7361774192998,1.41468817212234,1.44664961644362,0.29303461738059,0.29303461738059,1,0
two_targets_moving_anchor_random,4817,C5,427,2,96,97,250,38.6,9.02930240314095,0.037834447447188,12.0517635901882,12.1735422983387,1.3347391694397,1.34822622555027,0.259485259043865,0.259485259043865,1,0
two_targets_moving_anchor_random,4817,C5,428,2,153,154,250,61.4,7.01534833768113,0.0405704874021629,12.1145403186393,12.3965625630068,1.72686226478152,1.76706301188522,0.201538180733712,0.201538180733712,1,0
two_targets_moving_anchor_random,4817,C5,429,2,158,159,250,63.4,7.58772376645976,0.0166667621979118,11.8996346548531,11.6764304166874,1.56827462637128,1.53885813138073,0.217417841217968,0.217417841217968,1,0
two_targets_moving_anchor_random,4817,C5,430,2,185,186,250,74.2,8.21335418429739,0.0368597325349391,10.3284319592773,10.6058466674526,1.25751693248826,1.29129298815936,0.235784965884537,0.235784965884537,1,0
two_targets_moving_anchor_random,4817,C5,431,2,219,220,250,87.8,8.02312180410216,0.0311677980434717,9.98609826165833,10.5520038268732,1.2446649203995,1.31519925591533,0.23019677155542,0.23019677155542,1,0
two_targets_moving_anchor_random,4818,C5,432,2,33,34,230,14.5652173913043,7.07549613210256,0.049049057454257,25.5865935981221,23.5593222984308,3.61622607382004,3.3297060529139,0.203593730614483,0.203593730614483,1,0
two_targets_moving_anchor_random,4818,C5,433,2,74,75,230,32.3913043478261,11.7148965942409,0.035600356342877,14.6865372045874,15.3662208651223,1.25366340935586,1.31168215967663,0.336090584197312,0.336090584197312,1,0
two_targets_moving_anchor_random,4818,C5,434,2,77,78,230,33.695652173913,11.4350107531095,0.0422591246980342,15.3662208651223,15.9618471155172,1.34378718104343,1.3958751294726,0.328748312935199,0.328748312935199,1,0
two_targets_moving_anchor_random,4818,C5,435,2,175,176,230,76.304347826087,13.0863885931975,0.0317410730069675,18.5366143351668,18.8314605503532,1.41648050592066,1.43901126091747,0.375866079781768,0.375866079781768,1,0
two_targets_moving_anchor_random,4818,C5,436,2,187,188,230,81.5217391304348,13.7449970269269,0.0450538490299711,17.8193482733525,19.3866022116565,1.29642430903723,1.41044790142024,0.394809820125256,0.394809820125256,1,0
two_targets_moving_anchor_random,4818,C5,437,3,162,164,230,70.8695652173913,12.6639890355615,0.0480901974937473,17.6863782714013,20.5353950371914,1.39658824891088,1.62155818198566,0.364892415763828,0.364892415763828,1,0
two_targets_moving_anchor_random,4819,C5,438,2,25,26,207,12.3188405797101,23.135664487459,0.0276028347024723,45.0989700425032,41.2477960931097,1.94932676634162,1.78286628056301,0.664255598937,0.664255598937,1,0
two_targets_moving_anchor_random,4819,C5,439,2,57,58,207,27.7777777777778,9.73300513913641,0.040341938261704,19.3319554641068,19.7576541367071,1.98622678070651,2.02996442047087,0.279769611153089,0.279769611153089,1,0
two_targets_moving_anchor_random,4819,C5,440,2,132,133,207,64.0096618357488,12.0879739774687,0.0397970679351746,20.6559745934885,21.8573891380334,1.70880369464643,1.80819293446315,0.347199411150766,0.347199411150766,1,0
two_targets_moving_anchor_random,4819,C5,441,2,143,144,207,69.3236714975845,14.1840831752195,0.0423307009275478,19.9547262777878,21.5497881812509,1.40683934458661,1.51929369808686,0.408141600915227,0.408141600915227,1,0
two_targets_moving_anchor_random,4819,C5,442,2,162,163,207,78.5024154589372,11.5997876602782,0.0369777415152518,23.7728327625106,23.5020491038117,2.04941964963007,2.02607580346416,0.333092850468296,0.333092850468296,1,0
two_targets_moving_anchor_random,4819,C5,443,2,190,191,207,92.0289855072464,15.5820649807259,0.0305471245594742,19.4834433048522,19.6636264842576,1.25037620680905,1.26193970494798,0.447478255078251,0.447478255078251,1,0
two_targets_moving_anchor_random,4819,C5,444,3,100,102,207,48.792270531401,12.7225323023695,0.0346438267034389,17.6739220538313,19.3568703267522,1.38918272194441,1.52146364156978,0.366020861249773,0.366020861249773,1,0
two_targets_moving_anchor_random,4819,C5,445,3,124,126,207,60.3864734299517,13.6394566869348,0.0342151677879245,19.4273142968375,19.312819682821,1.42434663951437,1.41595227186143,0.390233559514611,0.390233559514611,1,0
two_targets_moving_anchor_random,4820,C5,446,2,31,32,53,59.4339622641509,13.4244693956994,0.0351138704334113,38.2839092782451,33.4864374476399,2.85180055537313,2.49443284949255,0.385637675267685,0.385637675267685,1,0
two_targets_moving_anchor_random,4821,C5,447,2,90,91,223,40.5829596412556,13.9758158604131,0.0386932513612533,17.6375751568469,18.6425151910289,1.2620068361666,1.33391247975973,0.401304232900623,0.401304232900623,1,0
two_targets_moving_anchor_random,4821,C5,448,2,143,144,223,64.3497757847534,12.8128968613599,0.0414709812932451,16.8878640399594,18.429585158576,1.31803636778569,1.43836209391137,0.368545605344597,0.368545605344597,1,0
two_targets_moving_anchor_random,4821,C5,449,2,176,177,223,79.1479820627803,10.1261591336712,0.023577796922973,18.0690652438181,18.226478091991,1.78439475474322,1.79993992306371,0.290651634905528,0.290651634905528,1,0
two_targets_moving_anchor_random,4821,C5,450,2,179,180,223,80.4932735426009,10.9619695501223,0.0266029154243824,18.226478091991,18.1309691998338,1.66270103275261,1.6539882834861,0.314908195858067,0.314908195858067,1,0
two_targets_moving_anchor_random,4821,C5,451,2,182,183,223,81.8385650224215,11.3846106328925,0.0363785345482363,18.1309691998338,18.0214471889302,1.59258579713299,1.58296561648428,0.327322221675279,0.327322221675279,1,0
two_targets_moving_anchor_random,4821,C5,452,2,214,215,223,96.1883408071749,10.9310588935776,0.0440661629149442,15.3820055996466,15.5405162786144,1.40718348966942,1.42168443422667,0.313951382732595,0.313951382732595,1,0
two_targets_moving_anchor_random,4823,C5,453,2,51,52,208,24.7596153846154,13.7035438502767,0.0384563416102057,18.542032388893,18.7268271582939,1.35308301206469,1.3665681930821,0.394336940328963,0.394336940328963,1,0
two_targets_moving_anchor_random,4823,C5,454,2,85,86,208,41.1057692307692,12.4509873142186,0.0477975192039804,15.8142594537824,15.493578085485,1.27012091930437,1.24436542215346,0.357711021016138,0.357711021016138,1,0
two_targets_moving_anchor_random,4823,C5,455,2,119,120,208,57.4519230769231,10.7741605950375,0.042144347605383,16.6794164649389,17.8968134545578,1.5480942870502,1.66108656880435,0.309689451019833,0.309689451019833,1,0
two_targets_moving_anchor_random,4823,C5,456,2,169,170,208,81.4903846153846,13.3328399544812,0.0407668562090631,17.9536729275299,18.8179841796013,1.34657529744784,1.41140104012698,0.382955057684489,0.382955057684489,1,0
two_targets_moving_anchor_random,4824,C5,457,2,66,67,229,29.0393013100437,9.80933432145124,0.0385006199011523,15.7388628089745,15.7111995201332,1.6044781728518,1.60165807436858,0.281539173813175,0.281539173813175,1,0
two_targets_moving_anchor_random,4824,C5,458,2,163,164,229,71.3973799126638,13.3520979224603,0.0315299490819297,16.7180780392003,17.5116405244645,1.25209372611609,1.31152726905988,0.383361821190033,0.383361821190033,1,0
two_targets_moving_anchor_random,4825,C5,459,2,76,77,179,42.7374301675978,10.5991156420596,0.036900501985463,13.6641820924361,14.4318722157117,1.28918133869713,1.36161097803697,0.304701511190802,0.304701511190802,1,0
two_targets_moving_anchor_random,4825,C5,460,2,120,121,179,67.3184357541899,9.8422547490078,0.0309388765381329,15.7645105512861,16.0738398920515,1.60171738623971,1.63314609324372,0.282996382950706,0.282996382950706,1,0
two_targets_moving_anchor_random,4825,C5,461,2,145,146,179,81.2849162011173,8.93900262458319,0.0474831960496273,13.2376526169686,13.7047285469127,1.48088698179411,1.53313844088414,0.257160506054436,0.257160506054436,1,0
two_targets_moving_anchor_random,4825,C5,462,3,113,115,179,63.6871508379888,9.69797659570099,0.0488244554144369,15.6011536400746,16.0521624110779,1.60870192726495,1.65520737781464,0.281119697771542,0.281119697771542,1,0
two_targets_moving_anchor_random,4825,C5,463,3,162,164,179,91.0614525139665,8.90135091991636,0.0495888080259971,13.610336283022,14.0127792576255,1.52901917983814,1.57423062900178,0.253829291950967,0.253829291950967,1,0
two_targets_moving_anchor_random,4826,C5,464,2,154,155,236,65.4661016949153,10.842766871416,0.0341652648455955,13.1080141287144,14.3627235416584,1.2089178236664,1.3246363877399,0.311791740391536,0.311791740391536,1,0
two_targets_moving_anchor_random,4829,C5,465,2,47,48,213,22.3004694835681,15.1815096146542,0.0364741236155261,18.8527601736181,19.394441342524,1.24182381411004,1.27750413725675,0.436435328361191,0.436435328361191,1,0
two_targets_moving_anchor_random,4829,C5,466,2,173,174,213,81.4553990610329,11.0522648397003,0.0454967711868907,14.3547041353264,15.1478091228203,1.29880204134845,1.3705615403287,0.318041791726659,0.318041791726659,1,0
two_targets_moving_anchor_random,4829,C5,467,2,204,205,213,96.0093896713615,10.1667728564331,0.0348343152248715,14.2327158224216,14.236290282956,1.39992463915584,1.40027622176567,0.292028270543313,0.292028270543313,1,0
two_targets_moving_anchor_random,4830,C5,468,2,86,87,239,36.1924686192469,9.67464366147978,0.0390280490769797,17.7595902109673,18.0259409628927,1.8356841690902,1.86321497655403,0.27816090587974,0.27816090587974,1,0
two_targets_moving_anchor_random,4830,C5,469,2,224,225,239,93.9330543933054,10.2535658066619,0.0497808561565275,14.3490994128756,15.0347004184667,1.39942530076246,1.46628994263619,0.2951754395407,0.2951754395407,1,0
two_targets_moving_anchor_random,4831,C5,470,2,21,22,56,38.3928571428571,38.4486890403263,0.0226138433585118,57.840150627161,49.7783841559855,1.50434649583231,1.29467051799286,1.10270541070678,1.10270541070678,1,0
two_targets_moving_anchor_random,4831,C5,471,2,32,33,56,58.0357142857143,15.3997097764566,0.0433734868544047,30.4329839742477,26.8586018183055,1.97620503347241,1.74409792185614,0.442197967531888,0.442197967531888,1,0
two_targets_moving_anchor_random,4831,C5,472,2,39,40,56,70.5357142857143,9.96006156882088,0.0310847370092545,20.814701476298,17.9931960254526,2.08981654706398,1.80653461839822,0.285787687104216,0.285787687104216,1,0
two_targets_moving_anchor_random,4831,C5,473,2,52,53,56,93.75,6.49102762153576,0.0153320139945107,14.812651561054,14.5357728623729,2.28201949286257,2.23936388964769,0.186237879407524,0.186237879407524,1,0
two_targets_moving_anchor_random,4834,C5,474,2,30,31,126,24.2063492063492,17.5640058676427,0.0419311800350228,33.4005148874066,28.6469652558911,1.90164562339043,1.63100408140184,0.505044961938028,0.505044961938028,1,0
two_targets_moving_anchor_random,4834,C5,475,2,34,35,126,27.3809523809524,11.5640404080292,0.0368632886525809,26.5650708262682,23.4498677034444,2.29721359394624,2.02782651011516,0.332260173526978,0.332260173526978,1,0
two_targets_moving_anchor_random,4834,C5,476,2,63,64,126,50.3968253968254,6.33686704971652,0.0390684979030975,14.3704384963101,13.6536359894238,2.26775130100812,2.15463507160603,0.182246074292241,0.182246074292241,1,0
two_targets_moving_anchor_random,4834,C5,477,2,69,70,126,55.1587301587302,6.5002017266764,0.043357999401866,12.8597972659336,13.5719713391037,1.97836895017548,2.08793079196377,0.187033820535548,0.187033820535548,1,0
two_targets_moving_anchor_random,4834,C5,478,2,73,74,126,58.3333333333333,7.04943160691166,0.0268732484940359,12.8210087419131,12.3281960479388,1.81872943193642,1.74882128593907,0.202117610678968,0.202117610678968,1,0
two_targets_moving_anchor_random,4834,C5,479,2,90,91,126,71.8253968253968,8.12237416804026,0.0358490222221203,11.6146334286699,12.3921466025303,1.4299554771031,1.52568034249034,0.233373058028374,0.233373058028374,1,0
two_targets_moving_anchor_random,4834,C5,480,2,93,94,126,74.2063492063492,7.67862144569772,0.0481912332851012,12.3921466025303,11.9939184115696,1.61385044049457,1.5619885022838,0.220953582082384,0.220953582082384,1,0
two_targets_moving_anchor_random,4834,C5,481,2,96,97,126,76.5873015873016,7.06223913244156,0.0414175983036803,11.9939184115696,12.1568564464552,1.69831666510323,1.72138838949968,0.203029608850109,0.203029608850109,1,0
two_targets_moving_anchor_random,4834,C5,482,2,100,101,126,79.7619047619048,7.58697032798301,0.0233388081678773,11.2495113882924,11.4549890071365,1.48274092318522,1.50982388383503,0.218202749403492,0.218202749403492,1,0
two_targets_moving_anchor_random,4835,C5,483,2,35,36,250,14.2,11.8816134928631,0.0361476853910653,25.9935769018837,22.9888287109373,2.18771439733309,1.93482381199708,0.341222047346607,0.341222047346607,1,0
two_targets_moving_anchor_random,4835,C5,484,2,143,144,250,57.4,9.60368478742895,0.0224069927519102,11.8897844880431,12.9535860717789,1.238044016564,1.34881416440644,0.275535340219155,0.275535340219155,1,0
two_targets_moving_anchor_random,4835,C5,485,2,156,157,250,62.6,10.0499115410223,0.0453772111232927,12.3708404652144,13.0200991575395,1.23094023412231,1.29554365771215,0.288280299009566,0.288280299009566,1,0
two_targets_moving_anchor_random,4835,C5,486,2,205,206,250,82.2,7.64651784368151,0.0396942243543373,16.9621222781348,17.3826167842611,2.21828061150096,2.27327224491142,0.219944700982602,0.219944700982602,1,0
two_targets_moving_anchor_random,4835,C5,487,2,232,233,250,93,9.84265454489874,0.0459952035784054,13.8671134679233,13.786445890686,1.40887942421085,1.40068371065926,0.28272464908773,0.28272464908773,1,0
two_targets_moving_anchor_random,4836,C5,488,2,37,38,114,32.8947368421053,24.0001726348235,0.012561728904502,34.8385197248961,32.7094766671965,1.45159454704699,1.36288505774063,0.688187957726663,0.688187957726663,1,0
two_targets_moving_anchor_random,4837,C5,489,2,21,22,147,14.6258503401361,33.547039356326,0.0407294729178067,57.2279278175688,50.5822378778314,1.70590099500919,1.50780035580973,0.964480380780364,0.964480380780364,1,0
two_targets_moving_anchor_random,4837,C5,490,2,41,42,147,28.2312925170068,17.487415235147,0.0444275812750381,27.166721198073,26.4287085848001,1.55350123690505,1.51129873851697,0.501683857492794,0.501683857492794,1,0
two_targets_moving_anchor_random,4837,C5,491,2,49,50,147,33.6734693877551,20.043734786422,0.0307207060063044,24.5261985863942,24.7109921944669,1.22363416038655,1.2328536801039,0.574848142682533,0.574848142682533,1,0
two_targets_moving_anchor_random,4837,C5,492,2,132,133,147,90.1360544217687,20.3075501519008,0.034564790924828,28.2289478858568,29.5280751075693,1.39007155834672,1.45404417995764,0.583208416759461,0.583208416759461,1,0
two_targets_moving_anchor_random,4838,C5,493,2,71,72,250,28.6,9.32991106969452,0.0411287589296917,13.0736180186469,13.7029710677054,1.40125858874611,1.46871400652633,0.267947636469851,0.267947636469851,1,0
two_targets_moving_anchor_random,4838,C5,494,2,76,77,250,30.6,8.82999331065366,0.0443709123585663,13.6546605351149,14.4547562639951,1.54639534309048,1.63700647955815,0.253864443349163,0.253864443349163,1,0
two_targets_moving_anchor_random,4838,C5,495,2,166,167,250,66.6,6.78237334333175,0.0332298615360357,13.2373961009851,13.0761147268218,1.95173509786213,1.92795560858912,0.194567538658305,0.194567538658305,1,0
two_targets_moving_anchor_random,4838,C5,496,2,173,174,250,69.4,9.34134327820056,0.0176655820892192,12.2503369277571,12.3282325868904,1.31141063580707,1.31974944285156,0.268570010302078,0.268570010302078,1,0
two_targets_moving_anchor_random,4838,C5,497,2,188,189,250,75.4,8.07723419055788,0.0450268812984535,12.7435410514623,12.8664629284861,1.57771097764619,1.59292929051465,0.231780046097695,0.231780046097695,1,0
two_targets_moving_anchor_random,4838,C5,498,2,225,226,250,90.2,8.22163635399292,0.0401017478785285,11.4377652047665,11.237017461887,1.39117867931627,1.36676167347509,0.235776553048668,0.235776553048668,1,0
two_targets_moving_anchor_random,4838,C5,499,2,236,237,250,94.6,9.3783566170957,0.0306073162550637,12.1298729616441,12.889491358903,1.29339003163227,1.37438699392246,0.269455836223844,0.269455836223844,1,0
two_targets_moving_anchor_random,4838,C5,500,3,184,186,250,74,8.78753961891653,0.0469790391058794,11.6809585796291,12.7435410514623,1.32926383108237,1.4501830551102,0.249263033808301,0.249263033808301,1,0
two_targets_moving_anchor_random,4841,C5,501,2,31,32,96,32.8125,15.1636740330923,0.0382934046897664,18.2445964463848,25.0916615325586,1.20317783187431,1.65472176979009,0.43614619526231,0.43614619526231,1,0
two_targets_moving_anchor_random,4841,C5,502,2,49,50,96,51.5625,17.0195246144514,0.0489914245003017,20.8915155951619,27.4856383551597,1.22750288673885,1.6149474781347,0.489016421523452,0.489016421523452,1,0
two_targets_moving_anchor_random,4842,C5,503,2,87,88,119,73.5294117647059,37.0756613205653,0.0445362420382472,51.864389891008,54.9175481490322,1.39887969745369,1.48122909188865,1.06632860024178,1.06632860024178,1,0
two_targets_moving_anchor_random,4842,C5,504,3,50,52,119,42.8571428571429,36.7118067058576,0.0460046240570069,45.8015593409732,46.042640400641,1.24759752926203,1.2541643828522,1.03684997647076,0.932251013176562,0,1
two_targets_moving_anchor_random,4859,C5,505,2,71,72,172,41.5697674418605,15.8668980418491,0.0423170703046089,27.7706425510384,27.1350675179845,1.7502250583443,1.71016839248702,0.457949158523399,0.457949158523399,1,0
two_targets_moving_anchor_random,4867,C5,506,2,20,21,73,28.0821917808219,13.0890724632373,0.0381662066787428,16.7253678221881,16.3684753786135,1.27781153853063,1.25054509588719,0.376989482554886,0.376989482554886,1,0
two_targets_moving_anchor_random,4872,C5,507,2,38,39,162,23.7654320987654,17.6398317037796,0.0488461428811477,23.3009629775911,23.0772634991703,1.32092887102763,1.3082473737108,0.508206587919897,0.508206587919897,1,0
two_targets_moving_anchor_random,4873,C5,508,2,44,45,103,43.2038834951456,13.8247508384791,0.0474113392427469,23.3455544287936,26.3818784181978,1.68867813254288,1.90830769584416,0.400181969051618,0.400181969051618,1,0
two_targets_moving_anchor_random,4876,C5,509,2,8,9,23,36.9565217391304,45.5957345219173,0.0444438161054315,56.6843064729436,55.716512828359,1.24319318610157,1.22196765580291,1.31457215672515,1.31457215672515,1,0
two_targets_moving_anchor_random,4882,C5,510,2,65,66,109,60.0917431192661,32.723697131197,0.0403836892207156,57.8953373820167,62.9428157096055,1.76921749244594,1.92346284887227,0.942878635018587,0.942878635018587,1,0
two_targets_moving_anchor_random,4892,C5,511,2,162,163,183,88.7978142076503,16.5477845224725,0.0184407146221031,20.6204407199684,34.1590550909071,1.24611489181317,2.06426757881201,0.478286116739444,0.478286116739444,1,0
two_targets_moving_anchor_random,4909,C5,512,2,46,47,165,28.1818181818182,27.9410651435567,0.0279131856831453,38.5069178204147,41.9787591536202,1.37814781299755,1.50240368210518,0.806193320829316,0.789152761812733,1,0
two_targets_moving_anchor_random,4918,C5,513,2,65,66,124,52.8225806451613,20.6027219316137,0.0277417497218223,26.3844655398014,61.9811458542897,1.2806300850625,3.00839598088169,0.592793344860073,0.592793344860073,1,0
two_targets_moving_anchor_random,4942,C5,514,2,51,52,92,55.9782608695652,15.0563757383022,0.0439009358419762,20.7819834338705,33.0148834581531,1.38027794969296,2.1927510333158,0.435250347801173,0.435250347801173,1,0
two_targets_moving_anchor_random,4949,C5,515,2,11,12,25,46,15.8315105067894,0.040069191698765,24.1346498230767,25.0749790911188,1.52446917890282,1.58386523385531,0.460141405851271,0.460141405851271,1,0
two_targets_moving_anchor_random,4952,C5,516,2,50,51,106,47.6415094339623,31.089621435769,0.0338109716077056,40.1370615827175,37.6704143851366,1.29101158937044,1.21167169767453,0.910226523405575,0.681360197691818,0,1
